date,baseline,cash_warning,rule
2022-01-13,0.9996999999999999,0.99975,Low participation
2022-01-14,0.9796322089973472,0.99975,Low participation
2022-01-17,0.9817285363589482,0.99975,Low participation
2022-01-18,0.9956456553248488,0.99975,Low participation
2022-01-19,1.0008939411627908,0.99975,Low participation
2022-01-20,1.0099871491482644,0.99975,Low participation
2022-01-21,1.006122132984746,0.99975,Low participation
2022-01-24,1.0057434792381181,0.99975,Low participation
2022-01-25,0.9838298039712604,0.99975,Low participation
2022-01-26,0.9841786536360162,0.99975,Low participation
2022-01-27,0.9736190507184653,0.99975,Low participation
2022-01-28,0.9683736945399505,0.99975,Low participation
2022-02-07,0.9898854217879753,0.99975,Low participation
2022-02-08,0.9898236218110854,0.99975,Low participation
2022-02-09,0.993334625696742,0.99975,Low participation
2022-02-10,0.9899013146001399,0.99975,Low participation
2022-02-11,0.9912541981208622,0.99975,Low participation
2022-02-14,0.9723231407589951,0.99975,Low participation
2022-02-15,0.9686389996885398,0.99975,Low participation
2022-02-16,0.9740939628893402,0.99975,Low participation
2022-02-17,0.9747894991286506,0.99975,Low participation
2022-02-18,0.9840682158868963,0.99975,Low participation
2022-02-21,0.9890704336066021,0.99975,Low participation
2022-02-22,0.9931503874584439,0.99975,Low participation
2022-02-23,0.9937114985862834,0.99975,Low participation
2022-02-24,0.9791569020999967,0.99975,Low participation
2022-02-25,0.9836149071887307,0.99975,Low participation
2022-02-28,0.9972214427044419,0.99975,Low participation
2022-03-01,0.9936337482886332,0.99975,Low participation
2022-03-02,1.0006131437314711,0.99975,Low participation
2022-03-03,1.0057780728567647,0.9990502874718751,Low participation
2022-03-04,0.9954381490646855,0.9887795288267069,Low participation
2022-03-07,0.9774351782525033,0.9708969823180399,Low participation
2022-03-08,0.9676855479973879,0.9612125686566333,Low participation
2022-03-09,0.9701973339048993,0.9637075528889296,Low participation
2022-03-10,1.0011217525043854,0.9944251138752854,Low participation
2022-03-11,0.9923167780377935,0.9856790370722334,Low participation
2022-03-14,0.9652862131072358,0.9588292832416517,Low participation
2022-03-15,0.9370184505782799,0.9307506075945222,Low participation
2022-03-16,0.9729400032655517,0.9664318761637625,Low participation
2022-03-17,0.9726635963572899,0.9663989783382702,Low participation
2022-03-18,0.9798687787624073,0.9663989783382702,Low participation
2022-03-21,0.9931787915483301,0.9663989783382702,Low participation
2022-03-22,0.9808129950446965,0.9663989783382702,Low participation
2022-03-23,0.9991849286240169,0.9663989783382702,Low participation
2022-03-24,1.0021182576236578,0.9663989783382702,Low participation
2022-03-25,0.9941037191749418,0.9663989783382702,Low participation
2022-03-28,0.98630577082617,0.9663989783382702,Low participation
2022-03-29,0.999624496136283,0.9663989783382702,Low participation
2022-03-30,1.014770177609866,0.9663989783382702,Low participation
2022-03-31,1.0087644031952991,0.9658192235111779,Low participation
2022-04-01,1.0107485291087828,0.967718881095287,Low participation
2022-04-06,1.017447218337851,0.9741323933180304,Low participation
2022-04-07,0.9950026140500141,0.952643302092537,Low participation
2022-04-08,0.9984939341720975,0.9559859895214932,Low participation
2022-04-11,0.9852982162372105,0.9433520404951637,Low participation
2022-04-12,0.980620526006087,0.9388734891777905,Low participation
2022-04-13,0.9752355580613079,0.9337177704167151,Low participation
2022-04-14,0.9930435459581339,0.9507676355669221,Low participation
2022-04-15,0.9803240913492167,0.938589674355208,Low participation
2022-04-18,0.9811834495432873,0.9396474184971133,Low participation
2022-04-19,0.9821856846014775,0.9396474184971133,Low participation
2022-04-20,0.9653549385883676,0.9396474184971133,Low participation
2022-04-21,0.9534282854922582,0.9396474184971133,Low participation
2022-04-22,0.9676503633855463,0.9396474184971133,Low participation
2022-04-25,0.9303243670819165,0.9396474184971133,Low participation
2022-04-26,0.9169303834296844,0.9396474184971133,Low participation
2022-04-27,0.9232100610991717,0.9396474184971133,Low participation
2022-04-28,0.945127813776018,0.9396474184971133,Low participation
2022-04-29,0.9501433246380624,0.9396474184971133,Low participation
2022-05-05,0.9433922166580927,0.9396474184971133,Low participation
2022-05-06,0.8944505596784718,0.9396474184971133,Low participation
2022-05-09,0.872451413248792,0.9396474184971133,Low participation
2022-05-10,0.8725895569463044,0.9396474184971133,Low participation
2022-05-11,0.8947104290027987,0.9396474184971133,Low participation
2022-05-12,0.8732646713108815,0.9396474184971133,Low participation
2022-05-13,0.9083429063983722,0.9396474184971133,Low participation
2022-05-16,0.9084482781203129,0.9396474184971133,Low participation
2022-05-17,0.9566301709457374,0.9396474184971133,Low participation
2022-05-18,0.9479152274913851,0.9396474184971133,Low participation
2022-05-19,0.9217893901426547,0.9389428003891679,Low participation
2022-05-20,0.9299384223096653,0.9472434764060292,Low participation
2022-05-23,0.9313052438075344,0.9486357328352802,Low participation
2022-05-24,0.9003117992284603,0.9170655369120241,Low participation
2022-05-25,0.910004421278275,0.9269385271936311,Low participation
2022-05-26,0.9194468515629848,0.9365566699373143,Low participation
2022-05-27,0.9165278086452278,0.9335833070835384,Low participation
2022-05-30,0.9231415979277586,0.9403201711617444,Low participation
2022-05-31,0.9380733092240903,0.9555297439438856,Low participation
2022-06-01,0.9364166555232583,0.9538422618771919,Low participation
2022-06-02,0.9561740077677378,0.9739672750776973,Low participation
2022-06-06,0.9782953978576558,0.9965003180717315,Low participation
2022-06-07,0.9757489505823735,0.9939064844246258,Low participation
2022-06-08,0.995195688641142,1.0137151032768226,Low participation
2022-06-09,0.9863119289674446,1.0046660273434198,Low participation
2022-06-10,1.00438775596448,1.0230782241005556,Low participation
2022-06-13,1.0018905026935059,1.0205344998999908,Low participation
2022-06-14,1.0162477189304782,1.035158886949238,Low participation
2022-06-15,1.006654559011815,1.0253872096713983,Low participation
2022-06-16,0.9968262127748932,1.0153759695360987,Low participation
2022-06-17,1.0039466036248113,1.0226288624376458,Low participation
2022-06-20,1.0081965183184758,1.0269578630169074,Low participation
2022-06-21,0.9901467118976021,1.0085721710480784,Low participation
2022-06-22,0.9899489731465894,1.0083707526127972,Low participation
2022-06-23,1.0016776430106464,1.0203176791502067,Low participation
2022-06-24,1.0093110589685126,1.0280931439501486,Low participation
2022-06-27,1.0251974138381228,1.0442751250933027,Low participation
2022-06-28,1.0341140387067822,1.0533576778040723,Low participation
2022-06-29,0.9993246241257029,1.0179208733669947,Low participation
2022-06-30,1.0168725211747602,1.0357953160242623,Low participation
2022-07-01,1.0203743343605944,1.0393622938114964,Low participation
2022-07-04,1.0292426955800682,1.0483956847436555,Low participation
2022-07-05,1.025179972104382,1.0442573587895274,Low participation
2022-07-06,1.002683803713717,1.021342563313862,Low participation
2022-07-07,0.9991821561500697,1.0177757542308477,Low participation
2022-07-08,0.9996489469665958,1.0182512314723433,Low participation
2022-07-11,0.9855904114202825,1.0039310832081252,Low participation
2022-07-12,0.97135570821973,0.9894314890179957,Low participation
2022-07-13,0.9774013636515478,0.9955896469465227,Low participation
2022-07-14,0.9817652778427475,1.000034768419128,Low participation
2022-07-15,0.9706702010817273,0.9889805323628118,Low participation
2022-07-18,0.9775001451465939,0.9889805323628118,Low participation
2022-07-19,0.9656017402685736,0.9889805323628118,Low participation
2022-07-20,0.9666981780686675,0.9889805323628118,Low participation
2022-07-21,0.9580955410306428,0.9889805323628118,Low participation
2022-07-22,0.9563240529587842,0.9889805323628118,Low participation
2022-07-25,0.9357452979592583,0.9889805323628118,Low participation
2022-07-26,0.9457101582739821,0.9889805323628118,Low participation
2022-07-27,0.9578001079982189,0.9889805323628118,Low participation
2022-07-28,0.9577856046634738,0.9889805323628118,Low participation
2022-07-29,0.9606086691814867,0.9889805323628118,Low participation
2022-08-01,0.9669648837511351,0.9889805323628118,Low participation
2022-08-02,0.955565284721254,0.9889805323628118,Low participation
2022-08-03,0.9578699084744997,0.9889805323628118,Low participation
2022-08-04,0.9691168976984251,0.9889805323628118,Low participation
2022-08-05,0.9910282105595729,0.9889805323628118,Low participation
2022-08-08,0.9911888467635167,0.9889805323628118,Low participation
2022-08-09,0.9883415352068763,0.9889805323628118,Low participation
2022-08-10,0.9779147518809919,0.9889805323628118,Low participation
2022-08-11,0.9990928316777554,0.9889805323628118,Low participation
2022-08-12,0.9878612300697068,0.9889805323628118,Low participation
2022-08-15,0.9891885686989371,0.9889805323628118,Low participation
2022-08-16,0.990281505217761,0.9889805323628118,Low participation
2022-08-17,0.9901076989317665,0.9889805323628118,Low participation
2022-08-18,0.9922895478695631,0.9889805323628118,Low participation
2022-08-19,0.977500161125033,0.9889805323628118,Low participation
2022-08-22,0.9725260570642664,0.9889805323628118,Low participation
2022-08-23,0.9616375249655517,0.9889805323628118,Low participation
2022-08-24,0.9383844605801858,0.9889805323628118,Low participation
2022-08-25,0.9387579031629341,0.9889805323628118,Low participation
2022-08-26,0.9340298618735934,0.9889805323628118,Low participation
2022-08-29,0.9372963045445576,0.9889805323628118,Low participation
2022-08-30,0.9250937344919812,0.9889805323628118,Low participation
2022-08-31,0.9095420274382353,0.9889805323628118,Low participation
2022-09-01,0.9143077633553098,0.9889805323628118,Low participation
2022-09-02,0.9156725157107759,0.9889805323628118,Low participation
2022-09-05,0.9302478950054237,0.9889805323628118,Low participation
2022-09-06,0.9424959684276689,0.9889805323628118,Low participation
2022-09-07,0.9404816864243345,0.9889805323628118,Low participation
2022-09-08,0.929501381123524,0.9889805323628118,Low participation
2022-09-09,0.9347506461795552,0.9889805323628118,Low participation
2022-09-13,0.9284214253362983,0.9889805323628118,Low participation
2022-09-14,0.920767386987137,0.9889805323628118,Low participation
2022-09-15,0.9220622554157885,0.9889805323628118,Low participation
2022-09-16,0.8923657097407791,0.9889805323628118,Low participation
2022-09-19,0.8886354389234069,0.9889805323628118,Low participation
2022-09-20,0.8847085328448936,0.9889805323628118,Low participation
2022-09-21,0.8914100276678499,0.9889805323628118,Low participation
2022-09-22,0.8863569065377104,0.9889805323628118,Low participation
2022-09-23,0.8801183553103253,0.9889805323628118,Low participation
2022-09-26,0.8625700555060657,0.9889805323628118,Low participation
2022-09-27,0.8712820670719164,0.9889805323628118,Low participation
2022-09-28,0.8654439297303209,0.9889805323628118,Low participation
2022-09-29,0.8582164499893514,0.9889805323628118,Low participation
2022-09-30,0.8580143440475408,0.9889805323628118,Low participation
2022-10-10,0.8405037220831898,0.9889805323628118,Low participation
2022-10-11,0.8398792533907422,0.9889805323628118,Low participation
2022-10-12,0.8421012389425089,0.9889805323628118,Low participation
2022-10-13,0.8321636772022148,0.9889805323628118,Low participation
2022-10-14,0.8441790706540375,0.9889805323628118,Low participation
2022-10-17,0.8433361611339414,0.9889805323628118,Low participation
2022-10-18,0.8562823867608258,0.9889805323628118,Low participation
2022-10-19,0.8392449497241892,0.9889805323628118,Low participation
2022-10-20,0.8422273256027935,0.9889805323628118,Low participation
2022-10-21,0.8430581911881931,0.9889805323628118,Low participation
2022-10-24,0.8181802883123722,0.9889805323628118,Low participation
2022-10-25,0.8011510143683639,0.9889805323628118,Low participation
2022-10-26,0.8359960723214089,0.9889805323628118,Low participation
2022-10-27,0.83248467109144,0.9889805323628118,Low participation
2022-10-28,0.8127171694826901,0.9889805323628118,Low participation
2022-10-31,0.8136664915317904,0.9889805323628118,Low participation
2022-11-01,0.8168772061629362,0.9889805323628118,Low participation
2022-11-02,0.8207096755828613,0.9889805323628118,Low participation
2022-11-03,0.8258864158843072,0.9889805323628118,Low participation
2022-11-04,0.8374270555432559,0.9889805323628118,Low participation
2022-11-07,0.8280369257470918,0.9889805323628118,Low participation
2022-11-08,0.8248514611078304,0.9889805323628118,Low participation
2022-11-09,0.819211476890285,0.9889805323628118,Low participation
2022-11-10,0.806536811354176,0.9889805323628118,Low participation
2022-11-11,0.8127258294862344,0.9889805323628118,Low participation
2022-11-14,0.8115326718008788,0.9882389205861062,Low participation
2022-11-15,0.8239291477760591,1.0033346529730698,Low participation
2022-11-16,0.8230290133612914,1.00223851982484,Low participation
2022-11-17,0.8354739488395885,1.017393263473724,Low participation
2022-11-18,0.8324224079557105,1.0136772683277542,Low participation
2022-11-21,0.8235791748243902,1.0029084755633249,Low participation
2022-11-22,0.816620898189537,0.9944350769809766,Low participation
2022-11-23,0.8158395221162122,0.9934835610727375,Low participation
2022-11-24,0.8141012820980985,0.9913668299799421,Low participation
2022-11-25,0.8151776159606593,0.992677528922188,Low participation
2022-11-28,0.8084102803543944,0.9846828798812562,Low participation
2022-11-29,0.8270018621319031,0.9846828798812562,Low participation
2022-11-30,0.8264184217488618,0.9846828798812562,Low participation
2022-12-01,0.8281150611617142,0.9846828798812562,Low participation
2022-12-02,0.8210113197900561,0.9846828798812562,Low participation
2022-12-05,0.8401057167023186,0.9846828798812562,Low participation
2022-12-06,0.8366614709338235,0.9846828798812562,Low participation
2022-12-07,0.8289029261554139,0.9846828798812562,Low participation
2022-12-08,0.8281917459014767,0.9846828798812562,Low participation
2022-12-09,0.8323033365979984,0.9846828798812562,Low participation
2022-12-12,0.8204060941700727,0.9839444908067053,Low participation
2022-12-13,0.8278337976417842,0.9928528204281832,Low participation
2022-12-14,0.8441137105968851,1.0123779443598733,Low participation
2022-12-15,0.8343751377833816,1.0006981005163678,Low participation
2022-12-16,0.8366128021743016,1.0033818172334497,Low participation
2022-12-19,0.8271975793893892,0.9920897794795078,Low participation
2022-12-20,0.8003630108894798,0.9599060523883883,Low participation
2022-12-21,0.8083083966499105,0.9694352582315243,Low participation
2022-12-22,0.8253457801441368,0.9898688456293159,Low participation
2022-12-23,0.829052407670667,0.9943143461687667,Low participation
2022-12-26,0.8201643972989309,0.9836054219109809,Low participation
2022-12-27,0.8274246374547681,0.9836054219109809,Low participation
2022-12-28,0.8224183547808275,0.9836054219109809,Low participation
2022-12-29,0.8109957736524229,0.9836054219109809,Low participation
2022-12-30,0.8170883636232669,0.9836054219109809,Low participation
2023-01-03,0.8072498127360616,0.9836054219109809,Low participation
2023-01-04,0.8133558714573587,0.9836054219109809,Low participation
2023-01-05,0.8356417594146419,0.9836054219109809,Low participation
2023-01-06,0.8321155114045533,0.9836054219109809,Low participation
2023-01-09,0.8482029739171881,0.9836054219109809,Low participation
2023-01-10,0.850309554229125,0.9828678407952255,Low participation
2023-01-11,0.8500321012491092,0.9825471345182772,Low participation
2023-01-12,0.8478416879910577,0.980015248643677,Low participation
2023-01-13,0.8551357696947905,0.9884464350264188,Low participation
2023-01-16,0.8632007767920351,0.9977687295628518,Low participation
2023-01-17,0.8628524256739017,0.9973660725426929,Low participation
2023-01-18,0.8643149732892492,0.9990566227777308,Low participation
2023-01-19,0.8698654063129162,1.0054723358487143,Low participation
2023-01-20,0.8775605035776896,1.0143670537731693,Low participation
2023-01-30,0.8822749348882549,1.0198164373532392,Low participation
2023-01-31,0.878040276045097,1.014921619962351,Low participation
2023-02-01,0.8881458788702262,1.026602627166455,Low participation
2023-02-02,0.8876964662874788,1.0260831537903954,Low participation
2023-02-03,0.884742877429867,1.0226691177036085,Low participation
2023-02-06,0.8754283254050577,1.0119024814932243,Low participation
2023-02-07,0.8730680314464805,1.0091742315104142,Low participation
2023-02-08,0.868600772526248,1.0040105530507706,Low participation
2023-02-09,0.8830898963621725,1.0207584465547315,Low participation
2023-02-10,0.8769964797963862,1.013715101982989,Low participation
2023-02-13,0.8832180284946541,1.0209065537373008,Low participation
2023-02-14,0.8820408635717093,1.0195458756873832,Low participation
2023-02-15,0.8908354321795883,1.0297114661072013,Low participation
2023-02-16,0.8782448053602113,1.0151580342015252,Low participation
2023-02-17,0.8636571911714799,0.9982962962747645,Low participation
2023-02-20,0.8841043803761988,1.0219310826934505,Low participation
2023-02-21,0.8812317944368846,1.0186106774061876,Low participation
2023-02-22,0.8797884156193843,1.0169422842724751,Low participation
2023-02-23,0.8717082518168612,1.007602470189053,Low participation
2023-02-24,0.8712680370062899,1.0070936284640595,Low participation
2023-02-27,0.8635704412353163,0.9981960225309001,Low participation
2023-02-28,0.8702742124167631,1.0061964844574156,Low participation
2023-03-01,0.874744593265011,1.0061964844574156,Low participation
2023-03-02,0.8763297890021776,1.0061964844574156,Low participation
2023-03-03,0.8790096571113154,1.0061964844574156,Low participation
2023-03-06,0.8763485806005971,1.0061964844574156,Low participation
2023-03-07,0.8689668022828042,1.0061964844574156,Low participation
2023-03-08,0.8677458085133568,1.0061964844574156,Low participation
2023-03-09,0.8669191298133097,1.0061964844574156,Low participation
2023-03-10,0.8520783380978594,1.0061964844574156,Low participation
2023-03-13,0.8640576199645003,1.0061964844574156,Low participation
2023-03-14,0.8551894866933593,1.0061964844574156,Low participation
2023-03-15,0.8650326329714048,1.0061964844574156,Low participation
2023-03-16,0.8541680253172028,1.0061964844574156,Low participation
2023-03-17,0.8797844085168316,1.0061964844574156,Low participation
2023-03-20,0.8687264586754753,1.0061964844574156,Low participation
2023-03-21,0.8677847147818849,1.0061964844574156,Low participation
2023-03-22,0.8727702761809707,1.0061964844574156,Low participation
2023-03-23,0.8926403744687086,1.0061964844574156,Low participation
2023-03-24,0.8873891379215022,1.0061964844574156,Low participation
2023-03-27,0.8805087080362073,1.0061964844574156,Low participation
2023-03-28,0.8759090559144642,1.005441962868633,Low participation
2023-03-29,0.8801087081194674,1.0102626763066915,Low participation
2023-03-30,0.8767935824671532,1.0064572967178949,Low participation
2023-03-31,0.9067247445559792,1.0408147978286806,Low participation
2023-04-03,0.9500292782721242,1.0905233778309904,Low participation
2023-04-04,0.9552520621641492,1.096518527729919,Low participation
2023-04-06,0.9573872609958337,1.098969488237688,Low participation
2023-04-07,0.9789278472937245,1.1236955819142527,Low participation
2023-04-10,0.9347296545283358,1.0729611850162966,Low participation
2023-04-11,0.9495373546198929,1.0899587065570249,Low participation
2023-04-12,0.9867436659631154,1.1326672348630553,Low participation
2023-04-13,0.9831735165598987,1.1285691175990924,Low participation
2023-04-14,0.9883257349630877,1.1344832665046793,Low participation
2023-04-17,1.0002969674262918,1.1482248523285574,Low participation
2023-04-18,1.0006793214975214,1.1486637504370905,Low participation
2023-04-19,0.9958481138820581,1.1431180846683473,Low participation
2023-04-20,0.9950721683238434,1.1422273892018913,Low participation
2023-04-21,0.9796718365910048,1.1245495953010989,Low participation
2023-04-24,0.9735250190415857,1.1174937619807883,Low participation
2023-04-25,0.969468306718098,1.1128371269411352,Low participation
2023-04-26,0.9705810879482321,1.1143373938848782,Low participation
2023-04-27,0.9705790979201236,1.1143373938848782,Low participation
2023-04-28,0.9823397404280294,1.1143373938848782,Low participation
2023-05-04,1.0053220054984549,1.1143373938848782,Low participation
2023-05-05,1.011599301555642,1.1143373938848782,Low participation
2023-05-08,1.0468964542250885,1.1143373938848782,Low participation
2023-05-09,1.034250146251489,1.1143373938848782,Low participation
2023-05-10,1.0094779796353017,1.1143373938848782,Low participation
2023-05-11,1.0082960904172515,1.1143373938848782,Low participation
2023-05-12,0.9981899298788216,1.1143373938848782,Low participation
2023-05-15,1.0044981219089848,1.1135017801316387,Low participation
2023-05-16,1.003802213923581,1.1127303553139574,Low participation
2023-05-17,1.0081603395925343,1.117561405352353,Low participation
2023-05-18,1.0144386749587024,1.1245210376841746,Low participation
2023-05-19,1.0199913731670638,1.1306762899486527,Low participation
2023-05-22,1.02602902139589,1.13736911684795,Low participation
2023-05-23,1.0202120442673825,1.1309209072930448,Low participation
2023-05-24,1.0061178268543574,1.1152972482371768,Low participation
2023-05-25,1.0165080114129874,1.1268149293055532,Low participation
2023-05-26,1.0196412264332086,1.1302881468521635,Low participation
2023-05-29,1.0446047241788383,1.1579605720880064,Low participation
2023-05-30,1.0501565422210337,1.1579605720880064,Low participation
2023-05-31,1.0504293481379339,1.1579605720880064,Low participation
2023-06-01,1.050337679696738,1.1579605720880064,Low participation
2023-06-02,1.0554654914349968,1.1579605720880064,Low participation
2023-06-05,1.059344173148109,1.1579605720880064,Low participation
2023-06-06,1.0440704772550498,1.1579605720880064,Low participation
2023-06-07,1.0480770903975967,1.1579605720880064,Low participation
2023-06-08,1.0279438464087705,1.1579605720880064,Low participation
2023-06-09,1.0428001966553557,1.1579605720880064,Low participation
2023-06-12,1.0505645794898009,1.157092246404012,Low participation
2023-06-13,1.0622551068406463,1.1699681978858396,Low participation
2023-06-14,1.0652007811524102,1.1732125647463982,Low participation
2023-06-15,1.0607594431790814,1.1683208733331067,Low participation
2023-06-16,1.078087503290875,1.1874060056438842,Low participation
2023-06-19,1.0827892391106355,1.1925844993489803,Low participation
2023-06-20,1.088509064043975,1.198884316809388,Low participation
2023-06-21,1.0468462260727185,1.1529968504690133,Low participation
2023-06-26,1.012991781555473,1.115709551789818,Low participation
2023-06-27,1.0248110112870423,1.1287272561250512,Low participation
2023-06-28,1.0208907004592824,1.124409424217471,Low participation
2023-06-29,1.0253086000229836,1.1292753005570604,Low participation
2023-06-30,1.032830738348327,1.137560186705478,Low participation
2023-07-03,1.0348991664540794,1.1398383542452333,Low participation
2023-07-04,1.0371869882623612,1.1423581620963628,Low participation
2023-07-05,1.0278983291219206,1.1321276292183997,Low participation
2023-07-06,1.0257614703084785,1.1297740920699322,Low participation
2023-07-07,1.013709360602298,1.1164998936378805,Low participation
2023-07-10,1.016005972378794,1.1190293827635034,Low participation
2023-07-11,1.0243496399355734,1.128219101534729,Low participation
2023-07-12,1.0246273356639304,1.1285249557205774,Low participation
2023-07-13,1.0407175332892693,1.146246705795599,Low participation
2023-07-14,1.0390051817797004,1.144360721160744,Low participation
2023-07-17,1.0346435512357208,1.1395568195418937,Low participation
2023-07-18,1.0366704505557596,1.1417892472605184,Low participation
2023-07-19,1.0408828228242881,1.1464287557553212,Low participation
2023-07-20,1.0329847233518659,1.1377297858497248,Low participation
2023-07-21,1.034321621997069,1.1392022465501837,Low participation
2023-07-24,1.0330786630753737,1.1378332510986224,Low participation
2023-07-25,1.0724361503588526,1.181181603273007,Low participation
2023-07-26,1.0709396532136872,1.1795333607211047,Low participation
2023-07-27,1.0777609023451764,1.1870462872321712,Low participation
2023-07-28,1.0995413627526478,1.2110352950024827,Low participation
2023-07-31,1.1072799147480208,1.219558539253292,Low participation
2023-08-01,1.1041321610456003,1.216091602071354,Low participation
2023-08-02,1.0885850749985342,1.1989680353050227,Low participation
2023-08-03,1.0965663381552746,1.2077586017256603,Low participation
2023-08-04,1.0994971738447292,1.2109866253216957,Low participation
2023-08-07,1.0897542232622643,1.2002557356684938,Low participation
2023-08-08,1.0877546863380767,1.198053444903561,Low participation
2023-08-09,1.0881826659287086,1.1985248217951936,Low participation
2023-08-10,1.1058753562909067,1.2180115580090383,Low participation
2023-08-11,1.065527927143677,1.1735728834715173,Low participation
2023-08-14,1.0548212316651726,1.1617805248058535,Low participation
2023-08-15,1.0676675593184972,1.1759294752013123,Low participation
2023-08-16,1.067108915400883,1.1753141845678832,Low participation
2023-08-17,1.0667113003645556,1.1748762512084594,Low participation
2023-08-18,1.0524602329703,1.1591801199026783,Low participation
2023-08-21,1.020193261632321,1.12364126481559,Low participation
2023-08-22,1.0318005107526533,1.1364254936211517,Low participation
2023-08-23,1.0082391340598151,1.1107527415694036,Low participation
2023-08-24,1.0092670241652908,1.1107527415694036,Low participation
2023-08-25,0.9988667582837875,1.1107527415694036,Low participation
2023-08-28,1.0107917207647856,1.1107527415694036,Low participation
2023-08-29,1.0277021252020897,1.1107527415694036,Low participation
2023-08-30,1.0304530086309258,1.1107527415694036,Low participation
2023-08-31,1.023580751296676,1.1107527415694036,Low participation
2023-09-01,1.0220912190163396,1.1107527415694036,Low participation
2023-09-04,1.0337222719923331,1.1107527415694036,Low participation
2023-09-05,1.0290175938882018,1.1107527415694036,Low participation
2023-09-06,1.036767704834806,1.1099198158573194,Low participation
2023-09-07,1.0302344929436473,1.102925634513344,Low participation
2023-09-08,1.0225592541326671,1.094708847273524,Low participation
2023-09-11,1.026107780534468,1.0985077501059375,Low participation
2023-09-12,1.0266036869246744,1.0990386465900135,Low participation
2023-09-13,1.0252055617246856,1.0975418726672914,Low participation
2023-09-14,1.033678095014725,1.1066122097787507,Low participation
2023-09-15,1.032615949696942,1.1054751217598724,Low participation
2023-09-18,1.0322343682625768,1.1050666167559162,Low participation
2023-09-19,1.0336491154536736,1.106581185481875,Low participation
2023-09-20,1.0304974911293632,1.1033727365856547,Low participation
2023-09-21,1.0216690278339977,1.1033727365856547,Low participation
2023-09-22,1.026787162665602,1.1033727365856547,Low participation
2023-09-25,1.0282132471431855,1.1033727365856547,Low participation
2023-09-26,1.021929250071079,1.1033727365856547,Low participation
2023-09-27,1.023141171487212,1.1033727365856547,Low participation
2023-09-28,1.0232522335629395,1.1033727365856547,Low participation
2023-10-09,1.0264721200909765,1.1033727365856547,Low participation
2023-10-10,1.0120694202911906,1.1033727365856547,Low participation
2023-10-11,1.0119815767463558,1.1033727365856547,Low participation
2023-10-12,1.0181359142203532,1.1025453449548077,Low participation
2023-10-13,1.0083507966617102,1.0919489838369714,Low participation
2023-10-16,0.9911201412496906,1.0732898061675633,Low participation
2023-10-17,0.9938519189867078,1.0762480642796013,Low participation
2023-10-18,0.9769535006202312,1.0579486680527974,Low participation
2023-10-19,0.9665878086551251,1.04672359950965,Low participation
2023-10-20,0.9435919355906978,1.0218212338763044,Low participation
2023-10-23,0.9281254865155006,1.0050725255823854,Low participation
2023-10-24,0.9339931609366454,1.0114266645813006,Low participation
2023-10-25,0.9390869110640594,1.01694271642949,Low participation
2023-10-26,0.9442329434497112,1.0227711417659764,Low participation
2023-10-27,0.9485830239902104,1.0227711417659764,Low participation
2023-10-30,0.943804256789008,1.0227711417659764,Low participation
2023-10-31,0.9458324075243019,1.0227711417659764,Low participation
2023-11-01,0.9444411755392106,1.0227711417659764,Low participation
2023-11-02,0.9374207167593291,1.0227711417659764,Low participation
2023-11-03,0.9468307070581674,1.0227711417659764,Low participation
2023-11-06,0.9844896031804311,1.0227711417659764,Low participation
2023-11-07,0.988821303861829,1.0227711417659764,Low participation
2023-11-08,0.9791915116995178,1.0227711417659764,Low participation
2023-11-09,0.9745591560762277,1.0220041912560447,Low participation
2023-11-10,0.9687849518575262,1.0159488780655752,Low participation
2023-11-13,0.9733757807577539,1.0207632049826423,Low participation
2023-11-14,0.9801608600589008,1.0278786062802874,Low participation
2023-11-15,0.9783590947682027,1.0259891245928268,Low participation
2023-11-16,0.9692446623595938,1.016430968923732,Low participation
2023-11-17,0.977622319231637,1.0252164801805401,Low participation
2023-11-20,0.9849235538060717,1.0328731650414764,Low participation
2023-11-21,0.9819156613497406,1.0297188375919304,Low participation
2023-11-22,0.971666424095152,1.0189706307067365,Low participation
2023-11-23,0.9736136655886809,1.021268051758517,Low participation
2023-11-24,0.9774190572656422,1.021268051758517,Low participation
2023-11-27,0.9753025698914336,1.021268051758517,Low participation
2023-11-28,0.9763728460515981,1.021268051758517,Low participation
2023-11-29,0.9757071619458153,1.021268051758517,Low participation
2023-11-30,0.9788090032993099,1.021268051758517,Low participation
2023-12-01,0.9773816957766601,1.021268051758517,Low participation
2023-12-04,0.9799551642119247,1.021268051758517,Low participation
2023-12-05,0.9671768002376394,1.021268051758517,Low participation
2023-12-06,0.97817173617805,1.021268051758517,Low participation
2023-12-07,0.9716249242466153,1.021268051758517,Low participation
2023-12-08,0.9724794745477053,1.021268051758517,Low participation
2023-12-11,0.9805504281648011,1.021268051758517,Low participation
2023-12-12,0.9843544070574981,1.021268051758517,Low participation
2023-12-13,0.9873345124613225,1.021268051758517,Low participation
2023-12-14,0.9977121235418789,1.021268051758517,Low participation
2023-12-15,0.9965695876761174,1.021268051758517,Low participation
2023-12-18,0.9951268754589865,1.021268051758517,Low participation
2023-12-19,0.996806540675801,1.021268051758517,Low participation
2023-12-20,1.0038470688066563,1.021268051758517,Low participation
2023-12-21,0.9903336509901076,1.021268051758517,Low participation
2023-12-22,0.9949453958811142,1.021268051758517,Low participation
2023-12-25,0.9962094985801712,1.021268051758517,Low participation
2023-12-26,1.0021182364475596,1.021268051758517,Low participation
2023-12-27,1.0057049401269331,1.021268051758517,Low participation
2023-12-28,1.003000758577206,1.021268051758517,Low participation
2023-12-29,1.0003310416328084,1.021268051758517,Low participation
2024-01-02,0.9982395066359325,1.021268051758517,Low participation
2024-01-03,0.985509563008162,1.021268051758517,Low participation
2024-01-04,0.979414308361553,1.021268051758517,Low participation
2024-01-05,0.9724605222820845,1.020502228378205,Low participation
2024-01-08,0.9622104800712961,1.0097458113541666,Low participation
2024-01-09,0.9657046386832112,1.0134125891493189,Low participation
2024-01-10,0.9595109003585974,1.0069128664177196,Low participation
2024-01-11,0.9531142084807632,1.0002001637773497,Low participation
2024-01-12,0.9593776559398772,1.0067730394292638,Low participation
2024-01-15,0.9625939440250554,1.0101482192775195,Low participation
2024-01-16,0.9627219113195205,1.0102825084400808,Low participation
2024-01-17,0.9457399397315195,0.992461589800482,Low participation
2024-01-18,0.9428990171172206,0.9894803193096879,Low participation
2024-01-19,0.936793593575227,0.9833191655710047,Low participation
2024-01-22,0.9550649438582257,0.9833191655710047,Low participation
2024-01-23,0.9558577522496944,0.9833191655710047,Low participation
2024-01-24,0.9637761608785137,0.9833191655710047,Low participation
2024-01-25,0.9554986917376005,0.9833191655710047,Low participation
2024-01-26,0.9566739929616668,0.9833191655710047,Low participation
2024-01-29,0.9660712791169382,0.9833191655710047,Low participation
2024-01-30,0.9733959218218406,0.9833191655710047,Low participation
2024-01-31,0.9591615498539885,0.9833191655710047,Low participation
2024-02-01,0.9516524424672795,0.9833191655710047,Low participation
2024-02-02,0.9636046869753525,0.9833191655710047,Low participation
2024-02-05,0.9725762828279141,0.9833191655710047,Low participation
2024-02-06,0.9811117201048373,0.9833191655710047,Low participation
2024-02-07,0.9779413858882107,0.9833191655710047,Low participation
2024-02-08,0.9761784964562883,0.9833191655710047,Low participation
2024-02-19,0.9941446083772063,0.9833191655710047,Low participation
2024-02-20,0.9991008256821724,0.9833191655710047,Low participation
2024-02-21,1.0185384466142473,0.9833191655710047,Low participation
2024-02-22,1.0244937830735403,0.9833191655710047,Low participation
2024-02-23,1.0280317836260318,0.9833191655710047,Low participation
2024-02-26,1.0057437544719672,0.982581799111722,Low participation
2024-02-27,1.0109230902815696,0.9876418564825726,Low participation
2024-02-28,1.0059213903017334,0.9827553440454313,Low participation
2024-02-29,1.0141049412552925,0.9907504304512048,Low participation
2024-03-01,1.0150513380864699,0.9916750320675879,Low participation
2024-03-04,1.0188274858468374,0.9953642163589103,Low participation
2024-03-05,1.025721929167354,1.0020998828660355,Low participation
2024-03-06,1.0247919551046496,1.0011913258070466,Low participation
2024-03-07,1.026312433406824,1.0026767879826932,Low participation
2024-03-08,1.0311535290438658,1.0074063947434269,Low participation
2024-03-11,1.0293980857484413,1.0056913787427935,Low participation
2024-03-12,1.0152982710728287,0.9919162782666499,Low participation
2024-03-13,1.0172152223400737,0.9937890827624309,Low participation
2024-03-14,1.022292881004377,0.9987498045799539,Low participation
2024-03-15,1.0249476846079641,1.0013434689099607,Low participation
2024-03-18,1.0330100660610677,1.0092201763099231,Low participation
2024-03-19,1.0278494025116365,1.0041783611830943,Low participation
2024-03-20,1.02999583240707,1.0062753594880247,Low participation
2024-03-21,1.0335132114901926,1.0097117344615558,Low participation
2024-03-22,1.0260932127301199,1.0024626158877032,Low participation
2024-03-25,1.023021199782513,0.9994613504107538,Low participation
2024-03-26,1.0107867691020958,0.9875086747360405,Low participation
2024-03-27,0.9763592310299368,0.9538739917986462,Low participation
2024-03-28,1.0035851704490657,0.9804729265849722,Low participation
2024-03-29,1.0069425682315505,0.9837530045757916,Low participation
2024-04-01,1.0321574831460563,1.008387228105374,Low participation
2024-04-02,1.0225295471664049,0.9989810203963487,Low participation
2024-04-03,1.007980291861263,0.9847668297638973,Low participation
2024-04-08,0.9889415297092586,0.9661665241840746,Low participation
2024-04-09,1.0008884472587918,0.9778383080628847,Low participation
2024-04-10,0.97776464274001,0.9552470373288183,Low participation
2024-04-11,0.9815929553556468,0.958987185135562,Low participation
2024-04-12,0.9839516630076268,0.9612915725085446,Low participation
2024-04-15,0.9931738823127695,0.9703014070676538,Low participation
2024-04-16,0.971584443716636,0.9492091663022728,Low participation
2024-04-17,0.9874330582951301,0.9646927923817018,Low participation
2024-04-18,0.9905822979218489,0.9677695060321684,Low participation
2024-04-19,0.9917531943790507,0.9689134371203559,Low participation
2024-04-22,0.9746514085047047,0.9522054998771754,Low participation
2024-04-23,0.9519734052682431,0.9300497637652045,Low participation
2024-04-24,0.9628284688252513,0.9408901200483006,Low participation
2024-04-25,0.973956613584311,0.9408901200483006,Low participation
2024-04-26,0.9698756209923232,0.9408901200483006,Low participation
2024-04-29,0.9795835051176255,0.9408901200483006,Low participation
2024-04-30,0.9870560136866123,0.9408901200483006,Low participation
2024-05-06,0.9971661540843407,0.9408901200483006,Low participation
2024-05-07,0.9965035728984769,0.9408901200483006,Low participation
2024-05-08,0.9951580078201117,0.9408901200483006,Low participation
2024-05-09,1.0019749122675465,0.9408901200483006,Low participation
2024-05-10,1.011133562119505,0.9408901200483006,Low participation
2024-05-13,1.0172775350369643,0.9402316028144054,Low participation
2024-05-14,1.0123821552370496,0.9357069862401369,Low participation
2024-05-15,1.0069540796724084,0.9306900188811215,Low participation
2024-05-16,1.0180121211100208,0.9409105532650807,Low participation
2024-05-17,1.027162018217349,0.9493674611653397,Low participation
2024-05-20,1.039920893636213,0.9611600128260345,Low participation
2024-05-21,1.0270416005052323,0.9492561635748872,Low participation
2024-05-22,1.0267493288468186,0.9489860278052642,Low participation
2024-05-23,1.0151727599002063,0.9382862378257585,Low participation
2024-05-24,1.0031313024149966,0.9271567687461836,Low participation
2024-05-27,1.018579311894954,0.9416702629425276,Low participation
2024-05-28,1.02226243235565,0.9416702629425276,Low participation
2024-05-29,1.0183170223136924,0.9416702629425276,Low participation
2024-05-30,1.0064378742078461,0.9416702629425276,Low participation
2024-05-31,1.0017399839856809,0.9416702629425276,Low participation
2024-06-03,1.0091922280175434,0.9416702629425276,Low participation
2024-06-04,1.00574369417348,0.9416702629425276,Low participation
2024-06-05,1.0129286573901886,0.9416702629425276,Low participation
2024-06-06,1.0318260497415952,0.9416702629425276,Low participation
2024-06-07,1.033992295979189,0.9416702629425276,Low participation
2024-06-11,1.0340766950146885,0.9409641279541037,Low participation
2024-06-12,1.0339991149366405,0.9408935335089926,Low participation
2024-06-13,1.0415977966209717,0.9478079982862845,Low participation
2024-06-14,1.0384856834642275,0.9449761127436085,Low participation
2024-06-17,1.062097071577449,0.9664614332549925,Low participation
2024-06-18,1.0619157769511098,0.9662964631509388,Low participation
2024-06-19,1.0583781396686185,0.9630773694448476,Low participation
2024-06-20,1.064756096780971,0.9688810287684612,Low participation
2024-06-21,1.0641330101531143,0.9683140474524257,Low participation
2024-06-24,1.0382432722803119,0.9447555292710486,Low participation
2024-06-25,0.9981849232608799,0.908531390272735,Low participation
2024-06-26,1.0116986960098147,0.908531390272735,Low participation
2024-06-27,1.013228490096812,0.908531390272735,Low participation
2024-06-28,1.0253747629399363,0.908531390272735,Low participation
2024-07-01,1.0221171260413324,0.908531390272735,Low participation
2024-07-02,1.0244840455726982,0.908531390272735,Low participation
2024-07-03,1.0423775631720147,0.908531390272735,Low participation
2024-07-04,1.045646448693634,0.908531390272735,Low participation
2024-07-05,1.0532865502022954,0.908531390272735,Low participation
2024-07-08,1.063137882052923,0.908531390272735,Low participation
2024-07-09,1.0711819298560044,0.908531390272735,Low participation
2024-07-10,1.0667505091091325,0.908531390272735,Low participation
2024-07-11,1.0699672395246398,0.908531390272735,Low participation
2024-07-12,1.030592483612164,0.908531390272735,Low participation
2024-07-15,1.0565984363165515,0.908531390272735,Low participation
2024-07-16,1.059962867433434,0.908531390272735,Low participation
2024-07-17,1.0525792726445553,0.908531390272735,Low participation
2024-07-18,1.0387139722099472,0.908531390272735,Low participation
2024-07-19,1.0202115758817873,0.908531390272735,Low participation
2024-07-22,1.0083263647151546,0.908531390272735,Low participation
2024-07-23,1.0180112727145545,0.9078501052964544,Low participation
2024-07-24,1.0061659190524799,0.8972865625758389,Low participation
2024-07-25,1.0175285748776772,0.9074196412202886,Low participation
2024-07-26,1.0345670977342658,0.9226143892393385,Low participation
2024-07-29,1.026627708958823,0.9155341386282078,Low participation
2024-07-30,1.0305421752586927,0.9190250121949022,Low participation
2024-07-31,1.0827793290105547,0.9656094723134614,Low participation
2024-08-01,1.076064154149348,0.9596209608222535,Low participation
2024-08-02,1.0550297026457152,0.9408626921033756,Low participation
2024-08-05,1.0506917759498315,0.9369941816917718,Low participation
2024-08-06,1.0504331915861775,0.9367636049072062,Low participation
2024-08-07,1.0444709737238007,0.9367636049072062,Low participation
2024-08-08,1.0470500984479145,0.9367636049072062,Low participation
2024-08-09,1.037552319171293,0.9367636049072062,Low participation
2024-08-12,1.0297961386497014,0.9367636049072062,Low participation
2024-08-13,1.0386027956442607,0.9367636049072062,Low participation
2024-08-14,1.030619752845783,0.9367636049072062,Low participation
2024-08-15,1.0428306705898018,0.9367636049072062,Low participation
2024-08-16,1.036697338161355,0.9367636049072062,Low participation
2024-08-19,1.0372188695594027,0.9367636049072062,Low participation
2024-08-20,1.025172351808936,0.9360611492989765,Low participation
2024-08-21,1.0217848058792371,0.9329680595071365,Low participation
2024-08-22,1.0265756160965096,0.9373424374447976,Low participation
2024-08-23,1.0295943807166195,0.9400988015574048,Low participation
2024-08-26,1.0336996324441634,0.9438472119036901,Low participation
2024-08-27,1.0401490003801872,0.9497359805110313,Low participation
2024-08-28,1.038831507999184,0.948533008708116,Low participation
2024-08-29,1.0315347053825081,0.9418704671057004,Low participation
2024-08-30,1.0369864770484183,0.9468483536457564,Low participation
2024-09-02,1.0287473687096513,0.939325414495889,Low participation
2024-09-03,1.0273803865470896,0.9381241726568714,Low participation
2024-09-04,0.9935642032311668,0.9381241726568714,Low participation
2024-09-05,0.9979344043925926,0.9381241726568714,Low participation
2024-09-06,0.9935863760079531,0.9381241726568714,Low participation
2024-09-09,0.9878656912244042,0.9381241726568714,Low participation
2024-09-10,0.986799664579011,0.9381241726568714,Low participation
2024-09-11,0.9863659937406898,0.9381241726568714,Low participation
2024-09-12,1.0003315481460016,0.9381241726568714,Low participation
2024-09-13,1.0022918791990103,0.9381241726568714,Low participation
2024-09-18,1.0031078436437018,0.9381241726568714,Low participation
2024-09-19,1.0142645332785027,0.9381241726568714,Low participation
2024-09-20,1.0182838645049532,0.9381241726568714,Low participation
2024-09-23,1.0173533471943499,0.9381241726568714,Low participation
2024-09-24,1.0481023471806226,0.9381241726568714,Low participation
2024-09-25,1.0570866385630686,0.9381241726568714,Low participation
2024-09-26,1.102123449717354,0.9381241726568714,Low participation
2024-09-27,1.1791578273242147,0.9381241726568714,Low participation
2024-09-30,1.287890400697194,0.9381241726568714,Low participation
2024-10-08,1.344906144809151,0.9381241726568714,Low participation
2024-10-09,1.2681682737226925,0.9381241726568714,Low participation
2024-10-10,1.2759158232594516,0.9374206967929006,Low participation
2024-10-11,1.2169857137658977,0.8941244986452771,Low participation
2024-10-14,1.2667114572079234,0.9306582105220442,Low participation
2024-10-15,1.235366782564109,0.9076291468411118,Low participation
2024-10-16,1.2212314543556015,0.8972438620307351,Low participation
2024-10-17,1.229366679806428,0.9032208462264476,Low participation
2024-10-18,1.333160103584487,0.979478309192924,Low participation
2024-10-21,1.3659685530697878,1.0035828143777863,Low participation
2024-10-22,1.3443002028316704,0.9876629867463061,Low participation
2024-10-23,1.3272241441671804,0.9751171349589601,Low participation
2024-10-24,1.320079880764858,0.9698682147288084,Low participation
2024-10-25,1.3207058016220903,0.9703280814029476,Low participation
2024-10-28,1.3300698098017751,0.9772078574136801,Low participation
2024-10-29,1.3290160143445844,0.976433629479714,Low participation
2024-10-30,1.3368580554411522,0.982195209902977,Low participation
2024-10-31,1.3132668961217464,0.9648626863899012,Low participation
2024-11-01,1.3011585016686757,0.9559665982951205,Low participation
2024-11-04,1.304991857793331,0.9587829810877173,Low participation
2024-11-05,1.3037423885694568,0.9578649908182076,Low participation
2024-11-06,1.3443430772995493,0.9876944867973446,Low participation
2024-11-07,1.35695615921116,0.9969613708807187,Low participation
2024-11-08,1.3298462007024112,0.9770435708722692,Low participation
2024-11-11,1.3332582976400817,0.9795504527766451,Low participation
2024-11-12,1.3238691104414306,0.9726521776352692,Low participation
2024-11-13,1.3285526222817587,0.9760931733912296,Low participation
2024-11-14,1.278753219673218,0.9395053438164602,Low participation
2024-11-15,1.2417193376883657,0.9122963956849918,Low participation
2024-11-18,1.231824782715349,0.9050268247241378,Low participation
2024-11-19,1.2539559910547777,0.9212867161403424,Low participation
2024-11-20,1.2628503863843037,0.9278214656240944,Low participation
2024-11-21,1.2598232410848917,0.9255974092998935,Low participation
2024-11-22,1.269704536616106,0.9328572384933465,Low participation
2024-11-25,1.2834320593576076,0.9429429069198929,Low participation
2024-11-26,1.2879402863307814,0.946255120150149,Low participation
2024-11-27,1.2975827859780247,0.9533395050079626,Low participation
2024-11-28,1.296023054169583,0.9521935635187002,Low participation
2024-11-29,1.296901257542437,0.9528387832132125,Low participation
2024-12-02,1.3013149836090285,0.9560815662317875,Low participation
2024-12-03,1.3137038632714486,0.9651837279840897,Low participation
2024-12-04,1.3141444158904096,0.9655074038375527,Low participation
2024-12-05,1.322971356735901,0.9719925942294957,Low participation
2024-12-06,1.3122158123245222,0.9640904507238647,Low participation
2024-12-09,1.3214654633020477,0.9708862080194303,Low participation
2024-12-10,1.311698391502562,0.96371029947986,Low participation
2024-12-11,1.312958166317397,0.9646358613101915,Low participation
2024-12-12,1.3237013131558568,0.9725288962670982,Low participation
2024-12-13,1.3206039265770622,0.9702532333808798,Low participation
2024-12-16,1.322932532846256,0.9719640701552428,Low participation
2024-12-17,1.324384222827748,0.9730306328619431,Low participation
2024-12-18,1.3226180714125595,0.9717330340234569,Low participation
2024-12-19,1.2974018822629585,0.9532065942911753,Low participation
2024-12-20,1.2730327079510892,0.9353024599060852,Low participation
2024-12-23,1.3179473094257994,0.9683014056382884,Low participation
2024-12-24,1.319489176813267,0.9694342220626743,Low participation
2024-12-25,1.342824028560168,0.986578435329235,Low participation
2024-12-26,1.3518152895555544,0.9931843524232091,Low participation
2024-12-27,1.3385457494005135,0.9834351657202157,Low participation
2024-12-30,1.320052169107766,0.9698478548583318,Low participation
2024-12-31,1.3156398502553586,0.9666061057259087,Low participation
2025-01-02,1.3260576379738338,0.9742600979752922,Low participation
2025-01-03,1.3114474897458746,0.9637187528574152,Low participation
2025-01-06,1.3150176228768227,0.9637187528574152,Low participation
2025-01-07,1.3231371744323028,0.9637187528574152,Low participation
2025-01-08,1.347906775382913,0.9637187528574152,Low participation
2025-01-09,1.3709672161381536,0.9637187528574152,Low participation
2025-01-10,1.3569356158547627,0.9637187528574152,Low participation
2025-01-13,1.3356084936345032,0.9637187528574152,Low participation
2025-01-14,1.3443338650177767,0.9637187528574152,Low participation
2025-01-15,1.3631385164413696,0.9637187528574152,Low participation
2025-01-16,1.3894514466053594,0.9637187528574152,Low participation
2025-01-17,1.4082945664872768,0.9630442581487747,Low participation
2025-01-20,1.4093383155220507,0.9637580125995886,Low participation
2025-01-21,1.4198528482810289,0.9709482415769739,Low participation
2025-01-22,1.4452401964373218,0.988309055467299,Low participation
2025-01-23,1.436615944018964,0.982411470565696,Low participation
2025-01-24,1.4550043989328185,0.9949861806742399,Low participation
2025-01-27,1.3990241114289896,0.9567047758225888,Low participation
2025-02-05,1.4103654572381166,0.9644604103475468,Low participation
2025-02-06,1.43095673659952,0.9785414938288243,Low participation
2025-02-07,1.4458423598175294,0.9887208372064157,Low participation
2025-02-10,1.4363259839481128,0.9822131850734626,Low participation
2025-02-11,1.4135002359727025,0.9666040887602525,Low participation
2025-02-12,1.437101430950612,0.982743464605193,Low participation
2025-02-13,1.4445885394267217,0.9878634281409748,Low participation
2025-02-14,1.4837316238006062,1.0146309266100837,Low participation
2025-02-17,1.514476267498476,1.03565525865442,Low participation
2025-02-18,1.5335098635729232,1.0486711403084554,Low participation
2025-02-19,1.5635775399139968,1.0692325368693845,Low participation
2025-02-20,1.547365229803337,1.0581459555994288,Low participation
2025-02-21,1.6256629787116985,1.111688871482612,Low participation
2025-02-24,1.6170535737489993,1.1058014398239882,Low participation
2025-02-25,1.5887256609025964,1.0864297583155418,Low participation
2025-02-26,1.6547632189516341,1.1315886992180286,Low participation
2025-02-27,1.6503463705098658,1.1285682938055668,Low participation
2025-02-28,1.5822532598577213,1.0820036895007974,Low participation
2025-03-03,1.5794625878693378,1.0800953240929176,Low participation
2025-03-04,1.5847662010823933,1.083722132271987,Low participation
2025-03-05,1.6149545446661961,1.104366045586174,Low participation
2025-03-06,1.6547194026350387,1.1315587359893726,Low participation
2025-03-07,1.6457856047392392,1.125449472365306,Low participation
2025-03-10,1.6159046459565558,1.1050157602226671,Low participation
2025-03-11,1.628148522627862,1.1133885789541875,Low participation
2025-03-12,1.6219057578957432,1.1091195439999189,Low participation
2025-03-13,1.618337883366053,1.10667969855751,Low participation
2025-03-14,1.6445271524424845,1.1245888958301238,Low participation
2025-03-17,1.6467929977077207,1.126138365184381,Low participation
2025-03-18,1.654026751247545,1.131085075181827,Low participation
2025-03-19,1.650137285280094,1.1284253135407931,Low participation
2025-03-20,1.6412951828499394,1.1223787546901378,Low participation
2025-03-21,1.6243552018782597,1.1107945649927953,Low participation
2025-03-24,1.6305039406894732,1.1149993015215784,Low participation
2025-03-25,1.6433158084469495,1.1237605337052503,Low participation
2025-03-26,1.639574688185187,1.12120221638097,Low participation
2025-03-27,1.6345073214212973,1.1177369623197615,Low participation
2025-03-28,1.6256448133042758,1.1116764493006825,Low participation
2025-03-31,1.6200485909581788,1.107849544102024,Low participation
2025-04-01,1.6397010445245424,1.121288623550317,Low participation
2025-04-02,1.6390644636064942,1.1208533058173924,Low participation
2025-04-03,1.6478728110414524,1.1268767817455674,Low participation
2025-04-07,1.548055878177009,1.0586182466715472,Low participation
2025-04-08,1.5827180321227212,1.0825922338173812,Low participation
2025-04-09,1.584410962974352,1.0825922338173812,Low participation
2025-04-10,1.627137060091119,1.0825922338173812,Low participation
2025-04-11,1.652044698976845,1.0825922338173812,Low participation
2025-04-14,1.7073491569354018,1.0825922338173812,Low participation
2025-04-15,1.6897364588669486,1.0825922338173812,Low participation
2025-04-16,1.6547437827285145,1.0825922338173812,Low participation
2025-04-17,1.653486968272675,1.0825922338173812,Low participation
2025-04-18,1.6470650742293593,1.0825922338173812,Low participation
2025-04-21,1.6725053017859681,1.0825922338173812,Low participation
2025-04-22,1.7267310247736392,1.0817804249660472,Low participation
2025-04-23,1.7262062353572856,1.0814516494302542,Low participation
2025-04-24,1.7274423569621584,1.0822260677593651,Low participation
2025-04-25,1.7275397368453438,1.0822870753221552,Low participation
2025-04-28,1.7242106235637633,1.0802014177826549,Low participation
2025-04-29,1.7196055025393073,1.0773163536311554,Low participation
2025-04-30,1.716043371531545,1.0750847127212073,Low participation
2025-05-06,1.731874756318973,1.085002923442758,Low participation
2025-05-07,1.744124136888247,1.0926770428786658,Low participation
2025-05-08,1.7545719528274548,1.099222499353663,Low participation
2025-05-09,1.7520865457564785,1.0976654156626424,Low participation
2025-05-12,1.771388943157634,1.109758182494247,Low participation
2025-05-13,1.7607486979073785,1.103092170901577,Low participation
2025-05-14,1.781316826715929,1.1159779063195683,Low participation
2025-05-15,1.768896888084292,1.1081969338935092,Low participation
2025-05-16,1.775760048341467,1.1124966379661745,Low participation
2025-05-19,1.766974965870435,1.1069928680607715,Low participation
2025-05-20,1.7887843481022256,1.1206562368428585,Low participation
2025-05-21,1.7829199823521973,1.1169822679489172,Low participation
2025-05-22,1.7753844354789767,1.11226132011054,Low participation
2025-05-23,1.7736900849860409,1.1111998257781903,Low participation
2025-05-26,1.7803652987233787,1.115381783158879,Low participation
2025-05-27,1.7752110430544785,1.1121526914196969,Low participation
2025-05-28,1.7862568556499947,1.1190727870641468,Low participation
2025-05-29,1.7886777110811083,1.1205894297719448,Low participation
2025-05-30,1.7826981920931468,1.1168433184789381,Low participation
2025-06-03,1.7869366261184028,1.1194986567425411,Low participation
2025-06-04,1.7897545844127245,1.1212640805853007,Low participation
2025-06-05,1.7841785093516374,1.117770723042822,Low participation
2025-06-06,1.7958541966824988,1.1250854291674803,Low participation
2025-06-09,1.7981910863647674,1.1265494681389903,Low participation
2025-06-10,1.845472679725485,1.1561709328749552,Low participation
2025-06-11,1.8518753776096355,1.160182161687476,Low participation
2025-06-12,1.9192242475949035,1.2023755827521128,Low participation
2025-06-13,1.881653481124789,1.1788378579210734,Low participation
2025-06-16,1.8740930969619227,1.1741013497589616,Low participation
2025-06-17,1.8076643039497884,1.1324843480930138,Low participation
2025-06-18,1.8078996643453888,1.1326317991233827,Low participation
2025-06-19,1.754409422224247,1.0991206754896765,Low participation
2025-06-20,1.7638917768066877,1.1050612796849457,Low participation
2025-06-23,1.814562264750987,1.137090198008129,Low participation
2025-06-24,1.7977433012507937,1.137090198008129,Low participation
2025-06-25,1.819313190129685,1.137090198008129,Low participation
2025-06-26,1.8275641864720844,1.137090198008129,Low participation
2025-06-27,1.7921981938835667,1.137090198008129,Low participation
2025-06-30,1.7858253213893207,1.137090198008129,Low participation
2025-07-01,1.801590192215044,1.137090198008129,Low participation
2025-07-02,1.8139598095028657,1.137090198008129,Low participation
2025-07-03,1.8194324396557737,1.137090198008129,Low participation
2025-07-04,1.8443861084265347,1.137090198008129,Low participation
2025-07-07,1.8490061473982689,1.1362375224958976,Low participation
2025-07-08,1.858313461462582,1.141956983996016,Low participation
2025-07-09,1.862741200741648,1.144677885446659,Low participation
2025-07-10,1.873777356179776,1.1514597417052455,Low participation
2025-07-11,1.8732456893935487,1.1511330257812202,Low participation
2025-07-14,1.8831877126135146,1.157242524036781,Low participation
2025-07-15,1.8665200496020526,1.1470000355774599,Low participation
2025-07-16,1.8652646674773699,1.1462285874797118,Low participation
2025-07-17,1.870868926554859,1.1496724751371927,Low participation
2025-07-18,1.8815380822013719,1.1562288054100665,Low participation
2025-07-21,1.911812746361621,1.174832967136754,Low participation
2025-07-22,1.9264690801828197,1.1838394685230822,Low participation
2025-07-23,1.935166912474238,1.1891843958116104,Low participation
2025-07-24,1.9544571273014302,1.2010384753313048,Low participation
2025-07-25,1.9490249987083073,1.197700364020418,Low participation
2025-07-28,1.9567893638774108,1.202471664027132,Low participation
2025-07-29,1.966099477037004,1.208192845606489,Low participation
2025-07-30,1.9505125976686146,1.1986145122829892,Low participation
2025-07-31,1.9256901426063797,1.1833608015898873,Low participation
2025-08-01,1.9233338132992264,1.1819128076078707,Low participation
2025-08-04,1.9352327555229012,1.1892248571927648,Low participation
2025-08-05,1.944227017205205,1.1947519440685768,Low participation
2025-08-06,1.967689670835398,1.2091700396868428,Low participation
2025-08-07,1.9609807687998226,1.205047335044516,Low participation
2025-08-08,1.9374774150086869,1.1906042286656855,Low participation
2025-08-11,1.9746103764201284,1.2134229002728296,Low participation
2025-08-12,1.9919485859613812,1.224077448004533,Low participation
2025-08-13,2.0268080247957463,1.2454990114063043,Low participation
2025-08-14,2.008241209216067,1.2340894698184746,Low participation
2025-08-15,2.0566309616733656,1.263825581038892,Low participation
2025-08-18,2.1083508518038747,1.2956081037245735,Low participation
2025-08-19,2.0987718817025702,1.2897217061745796,Low participation
2025-08-20,2.1197210039479675,1.30259520515784,Low participation
2025-08-21,2.128110649751957,1.307750747975454,Low participation
2025-08-22,2.172374661654608,1.3349515397579832,Low participation
2025-08-25,2.2190279994898616,1.3636206023636874,Low participation
2025-08-26,2.204877514435974,1.3549249514041877,Low participation
2025-08-27,2.175585760470835,1.3369248003491248,Low participation
2025-08-28,2.212241656486728,1.3594503092732415,Low participation
2025-08-29,2.231452836498323,1.3712558209051586,Low participation
2025-09-01,2.234434605004686,1.3730881551378458,Low participation
2025-09-02,2.153322500148865,1.3232437469970249,Low participation
2025-09-03,2.1473220577935828,1.3195563997346922,Low participation
2025-09-04,2.0341196048871155,1.2499920692905289,Low participation
2025-09-05,2.13446069354337,1.3116529297153299,Low participation
2025-09-08,2.117376975848367,1.3011547704225102,Low participation
2025-09-09,2.0779331515049995,1.2769160444925105,Low participation
2025-09-10,2.1133086280748525,1.298654719570146,Low participation
2025-09-11,2.2423773709730495,1.377969084678484,Low participation
2025-09-12,2.2277578626226227,1.3689852130068991,Low participation
2025-09-15,2.226671019704656,1.3683173343704815,Low participation
2025-09-16,2.2440733694296973,1.3790112970514659,Low participation
2025-09-17,2.305466310103754,1.4167380309016386,Low participation
2025-09-18,2.265378125751036,1.392103337645273,Low participation
2025-09-19,2.2682698177885396,1.3938803187554425,Low participation
2025-09-22,2.2617493352605957,1.389873400269285,Low participation
2025-09-23,2.244586095019496,1.3793263733721655,Low participation
2025-09-24,2.2931435432770355,1.4091655357700315,Low participation
2025-09-25,2.305027695196385,1.4164684965269803,Low participation
2025-09-26,2.261859872899908,1.3899413270382748,Low participation
2025-09-29,2.2850152335526226,1.4041705872587236,Low participation
2025-09-30,2.302727280843709,1.415054862987429,Low participation
2025-10-09,2.3664026040934645,1.4541841496235124,Low participation
2025-10-10,2.2584064078225183,1.387819129332723,Low participation
2025-10-13,2.30934454254428,1.4191212534918323,Low participation
2025-10-14,2.1866057038877136,1.343696694116843,Low participation
2025-10-15,2.1998394281924183,1.351828984070843,Low participation
2025-10-16,2.1869477359114953,1.343906877095338,Low participation
2025-10-17,2.10748953735569,1.2950788151680845,Low participation
2025-10-20,2.1192812412739865,1.302324965466169,Low participation
2025-10-21,2.1661036668815052,1.3310979346336298,Low participation
2025-10-22,2.163114734831115,1.329261198313081,Low participation
2025-10-23,2.1780807632237265,1.3384580109068909,Low participation
2025-10-24,2.1651606763640916,1.330518455105803,Low participation
2025-10-27,2.17789397702692,1.3383432284407568,Low participation
2025-10-28,2.1707646614011837,1.333962174362015,Low participation
2025-10-29,2.1733766425012786,1.33556726958474,Low participation
2025-10-30,2.1669437578214987,1.3316141810775222,Low participation
2025-10-31,2.1635090283199565,1.3295034966188646,Low participation
2025-11-03,2.1943386864947874,1.3484487091446618,Low participation
2025-11-04,2.1912954894792143,1.346578626320812,Low participation
2025-11-05,2.1594388211765994,1.3270023031603568,Low participation
2025-11-06,2.187558494009338,1.3442821956246538,Low participation
2025-11-07,2.1549474809652365,1.3242423181372533,Low participation
2025-11-10,2.177725937202345,1.3382399658560302,Low participation
2025-11-11,2.1606291942357565,1.327733802370073,Low participation
2025-11-12,2.150244315890691,1.3213521640727524,Low participation
2025-11-13,2.1642057278967015,1.3299316272673856,Low participation
2025-11-14,2.1152136620651554,1.2998253869064649,Low participation
2025-11-17,2.1290042608409006,1.3082998832237085,Low participation
2025-11-18,2.1127503069702587,1.298311624232397,Low participation
2025-11-19,2.1201806769448726,1.302877679993252,Low participation
2025-11-20,2.1106352009906377,1.2970118650177065,Low participation
2025-11-21,2.052429316359208,1.2612436171720423,Low participation
2025-11-24,2.049024959311161,1.259151596967887,Low participation
2025-11-25,2.063324099962507,1.26793859866086,Low participation
2025-11-26,2.059483646697472,1.2655785918489495,Low participation
2025-11-27,2.066330625471202,1.2697861463827145,Low participation
2025-11-28,2.0725320995477197,1.2735970301650317,Low participation
2025-12-01,2.084211274470424,1.2807740299806583,Low participation
2025-12-02,2.086771780282285,1.2823474929916383,Low participation
2025-12-03,2.0746370503882545,1.274890548919088,Low participation
2025-12-04,2.1036403728375963,1.292713455181655,Low participation
2025-12-05,2.1231859517526526,1.3047244591436706,Low participation
2025-12-08,2.2098811681803787,1.3579997595339335,Low participation
2025-12-09,2.257502670391958,1.3872637713202407,Low participation
2025-12-10,2.2714646384830193,1.3958435762361283,Low participation
2025-12-11,2.2086811933790536,1.3572623599329456,Low participation
2025-12-12,2.2303572283829336,1.370582555944732,Low participation
2025-12-15,2.192627353155573,1.3473970732935585,Low participation
2025-12-16,2.131109680663342,1.3095936901730423,Low participation
2025-12-17,2.1230756609879355,1.3046566840822231,Low participation
2025-12-18,2.174674099863053,1.3363645734446328,Low participation
2025-12-19,2.19802872967594,1.3507162870691345,Low participation
2025-12-22,2.2198566206294186,1.3641298004710178,Low participation
2025-12-23,2.151909505410633,1.3223754439668118,Low participation
2025-12-24,2.2391342586313745,1.3759761513734938,Low participation
2025-12-25,2.342059468795702,1.4392249869514835,Low participation
2025-12-26,2.3973952933203058,1.4732295467803265,Low participation
2025-12-29,2.436812634138064,1.4974519982508998,Low participation
2025-12-30,2.419235828690574,1.4866508303352874,Low participation
2025-12-31,2.5024681982837396,1.5377981678122734,Low participation
2026-01-05,2.559199705915848,1.5726603924566138,Low participation
2026-01-06,2.697179494862128,1.6574507073873832,Low participation
2026-01-07,2.668415151383094,1.6397746567064122,Low participation
2026-01-08,2.7422865556862637,1.6851695633306178,Low participation
2026-01-09,2.8405718439970746,1.745567108598495,Low participation
2026-01-12,3.002710003799753,1.8452030461292954,Low participation
2026-01-13,2.8745730497621187,1.766461276989827,Low participation
2026-01-14,2.892184408997833,1.7772836786426984,Low participation
2026-01-15,2.755556820308812,1.6933243077693019,Low participation
2026-01-16,2.7228418675384525,1.6732205580134303,Low participation
2026-01-19,2.7185219390263327,1.6705659076344268,Low participation
2026-01-20,2.718558416165156,1.6705883232948084,Low participation
2026-01-21,2.76987522393766,1.7021231468041156,Low participation
2026-01-22,2.7657585047500395,1.699593371109679,Low participation
2026-01-23,2.828444682707137,1.7381148155283095,Low participation
2026-01-26,2.922190736857812,1.7957229443394604,Low participation
2026-01-27,2.899803675681092,1.7819658138057448,Low participation
2026-01-28,3.0335406673697705,1.8641488764830736,Low participation
2026-01-29,3.073246277072654,1.8885484728075501,Low participation
2026-01-30,2.944781360428273,1.8096051665232296,Low participation
2026-02-02,2.725152584458572,1.6746405226101944,Low participation
2026-02-03,2.8105925753665115,1.7271444711383865,Low participation
2026-02-04,2.828156226544813,1.7379375555902128,Low participation
2026-02-05,2.7399905153985205,1.6837586177089563,Low participation
2026-02-06,2.7519698299718263,1.6911200571131058,Low participation
2026-02-09,2.7992201396499756,1.7201559664211459,Low participation
2026-02-10,2.802863433726545,1.7223948164331424,Low participation
2026-02-11,2.837386802969125,1.7436098608458372,Low participation
2026-02-12,2.8608474800986623,1.7580267418796025,Low participation
2026-02-13,2.851236466838551,1.7521206534056892,Low participation
2026-02-24,2.8405800205188925,1.7455721331739438,Low participation
2026-02-25,2.844114937764521,1.74774438426086,Low participation
2026-02-26,2.8321547629313675,1.7403947064676513,Low participation
2026-02-27,2.8450427850008966,1.7483145580521144,Low participation
2026-03-02,2.8359759957220882,1.742742902056464,Low participation
2026-03-03,2.8101927535346567,1.7268987755963219,Low participation
2026-03-04,2.754375947536659,1.6925986466053828,Low participation
2026-03-05,2.7914232605354594,1.715364686186224,Low participation
2026-03-06,2.801229682122955,1.7218214185292868,Low participation
2026-03-09,2.837038974179843,1.7218214185292868,Low participation
2026-03-10,2.812039123732,1.7218214185292868,Low participation
2026-03-11,2.864377727448525,1.7218214185292868,Low participation
2026-03-12,2.9244034710621403,1.7218214185292868,Low participation
2026-03-13,2.872290862683587,1.7218214185292868,Low participation
2026-03-16,2.8061077464088715,1.7218214185292868,Low participation
2026-03-17,2.7875917059355664,1.7218214185292868,Low participation
2026-03-18,2.7915823834846667,1.7218214185292868,Low participation
2026-03-19,2.8118022414349473,1.7218214185292868,Low participation
2026-03-20,2.819590936752582,1.720530267693067,Low participation
2026-03-23,2.732367066857124,1.6673057710952377,Low participation
2026-03-24,2.77953432175265,1.6960874956475274,Low participation
2026-03-25,2.7991628150560213,1.7080649127960439,Low participation
2026-03-26,2.8039532619394425,1.7109880704609624,Low participation
2026-03-27,2.7989029597201203,1.7079063476067422,Low participation
2026-03-30,2.8103415732752897,1.7148862540128753,Low participation
2026-03-31,2.8243375960176276,1.723426705906669,Low participation
2026-04-01,2.8254737990431282,1.72412002339118,Low participation
2026-04-02,2.835267301127813,1.7300960735138344,Low participation
2026-04-03,2.804228620303325,1.7115840987106745,Low participation
2026-04-07,2.8067686281550466,1.7115840987106745,Low participation
2026-04-08,2.820182294876587,1.7115840987106745,Low participation
2026-04-09,2.7720998455600614,1.7115840987106745,Low participation
2026-04-10,2.772861473800374,1.7115840987106745,Low participation
2026-04-13,2.7601517623127902,1.7115840987106745,Low participation
2026-04-14,2.7696565405973557,1.7115840987106745,Low participation
2026-04-15,2.887921406798777,1.7115840987106745,Low participation
2026-04-16,2.8975590217608547,1.7115840987106745,Low participation
2026-04-17,2.8598347049711212,1.7115840987106745,Low participation
2026-04-20,2.8432914302905736,1.710300624584654,Low participation
2026-04-21,2.8293098108273673,1.7018903813553197,Low participation
2026-04-22,2.9224406062658077,1.7579105472481111,Low participation
2026-04-23,2.874090523581061,1.728826938113471,Low participation
2026-04-24,2.865763279168816,1.7238179224467665,Low participation
2026-04-27,2.9407271067767025,1.7689102685260856,Low participation
2026-04-28,2.8890348752323973,1.7378162853506205,Low participation
2026-04-29,2.9085734351453456,1.7495691471454404,Low participation
2026-04-30,3.011471239672223,1.8114643779599342,Low participation
2026-05-06,3.126376382009566,1.8805822793519353,Low participation
2026-05-07,3.215953365452648,1.934464751299405,Low participation
2026-05-08,3.1977222781085306,1.9234983622267539,Low participation
2026-05-11,3.2319170496728162,1.9440672488842679,Low participation
2026-05-12,3.2294106488230447,1.942559595151289,Low participation
2026-05-13,3.2327763094925905,1.9445841120488327,Low participation
2026-05-14,3.1878594938650586,1.9175656865002877,Low participation
2026-05-15,3.1659633737291055,1.9043947017937803,Low participation
2026-05-18,3.145431957606787,1.8920446157478976,Low participation
2026-05-19,3.1638673764708405,1.9031339146012511,Low participation
2026-05-20,3.158625349361636,1.8999807231473427,Low participation
2026-05-21,3.113453851854539,1.8728091009995855,Low participation
2026-05-22,3.1439196783714753,1.8911349474342154,Low participation
2026-05-25,3.3034820757922727,1.9871151431544707,Low participation
2026-05-26,3.224339793662953,1.9395093672868182,Low participation
2026-05-27,3.1091156264913526,1.870199565631806,Low participation
2026-05-28,3.15271534559733,1.896425729444725,Low participation
2026-05-29,2.971411683759463,1.7873676980458477,Low participation
2026-06-01,2.816964055547076,1.6944641454296216,Low participation
2026-06-02,2.8617248877416426,1.7213887436061346,Low participation
2026-06-03,2.937676236573164,1.76707510482846,Low participation
2026-06-04,3.044248859884138,1.8311808177605164,Low participation
2026-06-05,2.9593739440288007,1.780126740062924,Low participation
2026-06-08,2.856911229763156,1.7184932253488656,Low participation
2026-06-09,2.9684210267006925,1.7855687538429974,Low participation
2026-06-10,2.859713165830451,1.7201786498378533,Low participation
2026-06-11,2.85870137718239,1.7195700373198781,Low participation
2026-06-12,2.8973969706311227,1.7428462646312932,Low participation
2026-06-15,3.0237686661688223,1.8188615430882964,Low participation
2026-06-16,3.0438381797282834,1.8309337848606948,Low participation
2026-06-17,3.0552220918495148,1.8377814515485833,Low participation
2026-06-18,3.071702521846669,1.8476947827735417,Low participation
2026-06-22,3.1658534320072866,1.9043285694960168,Low participation
2026-06-23,3.161741085857523,1.9018549053075624,Low participation
2026-06-24,3.3350471986858277,2.00610223987794,Low participation
2026-06-25,3.433616400670111,2.065393723657111,Low participation
2026-06-26,3.540280788570502,2.12955463495291,Low participation
2026-06-29,3.856855892833147,2.319981332962203,Low participation
2026-06-30,3.994569197350782,2.402818831862574,Low participation
2026-07-01,4.014382331565448,2.414736855974108,Low participation
2026-07-02,3.616549305143158,2.175431779357002,Low participation
2026-07-03,3.5021363243713934,2.106609923675981,Low participation
2026-07-06,3.5020032948344344,2.106529903563472,Low participation
2026-07-07,3.3499702380666903,2.015078767328445,Low participation
2026-07-08,3.310977289066696,1.9916236742913336,Low participation
2026-07-09,3.361282710503597,2.0218834615178345,Low participation
2026-07-10,3.447487687193209,2.0737375992625124,Low participation
2026-07-13,3.374092006743833,2.029588527247916,Low participation
2026-07-14,3.444286246169971,2.0718118639955314,Low participation
2026-07-15,3.573303086908643,2.1494182538810516,Low participation
2026-07-16,3.5367445221769453,2.1274274950624417,Low participation
2026-07-17,3.2978730290322256,1.9837411815285766,Low participation
2026-07-20,3.3920885895885906,2.0404138568472217,Low participation
2026-07-21,3.393726607187841,2.0413991594768546,Low participation
2026-07-22,3.3234728654775645,1.9991400308323404,Low participation
2026-07-23,3.3638784032018134,2.023444826207959,Low participation
2026-07-24,3.3052637076206035,1.9881868328153725,Low participation
2026-07-27,3.364811249281352,2.0240059530820735,Low participation
2026-07-28,3.370607115406643,2.027492290552968,Low participation
2026-07-29,3.4542676797960916,2.0778159098640403,Low participation
2026-07-30,3.456985717014096,2.0794508674002516,Low participation
2026-07-31,3.4469288923979087,2.073401472238305,Low participation
2026-08-03,3.4271769447614444,2.061520253162582,Low participation
2026-08-04,3.3617267949307887,2.022150587801515,Low participation
2026-08-05,3.3417187535232387,2.0101153228436237,Low participation
2026-08-06,3.328580980115857,2.002212671070077,Low participation
2026-08-07,3.3140861679704408,1.9934937314631689,Low participation
2026-08-10,3.336219057910035,2.0068071382720105,Low participation
2026-08-11,3.331296932116097,2.003846374303191,Low participation
2026-08-12,3.3150723934084554,1.994086967163403,Low participation
2026-08-13,3.313569702130633,1.9931830662112746,Low participation
2026-08-14,3.310168269820424,1.991137031906575,Low participation
2026-08-17,3.3935293990146516,2.0412805345416176,Low participation
2026-08-18,3.3863417069513706,2.0369569839923534,Low participation
2026-08-19,3.207587381436369,1.92943243293208,Low participation
2026-08-20,3.2453189595556933,1.9521287843987498,Low participation
2026-08-21,3.252364445075161,1.9563667946695495,Low participation
2026-08-24,3.210766664771219,1.931344839875455,Low participation
2026-08-25,3.2410373903228855,1.9495533289054927,Low participation
2026-08-26,3.239965819125139,1.948908755904896,Low participation
2026-08-27,3.3117761560460397,1.9921042098703372,Low participation
2026-08-28,3.3056731477589394,1.9884331198181275,Low participation
2026-08-31,3.3043195544647275,1.9876189044929375,Low participation
2026-09-01,3.3031509993342887,1.986915993581956,Low participation
2026-09-02,3.269765108775568,1.966833666154458,Low participation
2026-09-03,3.266172423141372,1.9646725888837138,Low participation
2026-09-04,3.275220191487845,1.9701150151117173,Low participation
2026-09-07,3.2485650363240217,1.9540813690213379,Low participation
2026-09-08,3.282592870925819,1.9745498395244723,Low participation
2026-09-09,3.311689984553216,1.9920523758738544,Low participation
2026-09-10,3.2943310190952784,1.9816105867738816,Low participation
2026-09-11,3.2606875850676467,1.9613733414399586,Low participation
2022-01-13,0.9996999999999999,0.9996999999999999,Weak Top10 MOM10
2022-01-14,0.9796322089973472,0.9796322089973472,Weak Top10 MOM10
2022-01-17,0.9817285363589482,0.9817285363589482,Weak Top10 MOM10
2022-01-18,0.9956456553248488,0.9956456553248488,Weak Top10 MOM10
2022-01-19,1.0008939411627908,1.0008939411627908,Weak Top10 MOM10
2022-01-20,1.0099871491482644,1.0099871491482644,Weak Top10 MOM10
2022-01-21,1.006122132984746,1.006122132984746,Weak Top10 MOM10
2022-01-24,1.0057434792381181,1.0057434792381181,Weak Top10 MOM10
2022-01-25,0.9838298039712604,0.9838298039712604,Weak Top10 MOM10
2022-01-26,0.9841786536360162,0.9841786536360162,Weak Top10 MOM10
2022-01-27,0.9736190507184653,0.9738138621937726,Weak Top10 MOM10
2022-01-28,0.9683736945399505,0.9738138621937726,Weak Top10 MOM10
2022-02-07,0.9898854217879753,0.9738138621937726,Weak Top10 MOM10
2022-02-08,0.9898236218110854,0.9738138621937726,Weak Top10 MOM10
2022-02-09,0.993334625696742,0.9738138621937726,Weak Top10 MOM10
2022-02-10,0.9899013146001399,0.9738138621937726,Weak Top10 MOM10
2022-02-11,0.9912541981208622,0.9738138621937726,Weak Top10 MOM10
2022-02-14,0.9723231407589951,0.9738138621937726,Weak Top10 MOM10
2022-02-15,0.9686389996885398,0.9738138621937726,Weak Top10 MOM10
2022-02-16,0.9740939628893402,0.9738138621937726,Weak Top10 MOM10
2022-02-17,0.9747894991286506,0.9738138621937726,Weak Top10 MOM10
2022-02-18,0.9840682158868963,0.9738138621937726,Weak Top10 MOM10
2022-02-21,0.9890704336066021,0.9738138621937726,Weak Top10 MOM10
2022-02-22,0.9931503874584439,0.9738138621937726,Weak Top10 MOM10
2022-02-23,0.9937114985862834,0.9738138621937726,Weak Top10 MOM10
2022-02-24,0.9791569020999967,0.9738138621937726,Weak Top10 MOM10
2022-02-25,0.9836149071887307,0.9738138621937726,Weak Top10 MOM10
2022-02-28,0.9972214427044419,0.9738138621937726,Weak Top10 MOM10
2022-03-01,0.9936337482886332,0.9738138621937726,Weak Top10 MOM10
2022-03-02,1.0006131437314711,0.9738138621937726,Weak Top10 MOM10
2022-03-03,1.0057780728567647,0.9731323020442966,Weak Top10 MOM10
2022-03-04,0.9954381490646855,0.96312799382333,Weak Top10 MOM10
2022-03-07,0.9774351782525033,0.9457093674852809,Weak Top10 MOM10
2022-03-08,0.9676855479973879,0.936276192920943,Weak Top10 MOM10
2022-03-09,0.9701973339048993,0.9387064507167573,Weak Top10 MOM10
2022-03-10,1.0011217525043854,0.9686271175847702,Weak Top10 MOM10
2022-03-11,0.9923167780377935,0.9601079369589902,Weak Top10 MOM10
2022-03-14,0.9652862131072358,0.9339547361820852,Weak Top10 MOM10
2022-03-15,0.9370184505782799,0.9066044950445834,Weak Top10 MOM10
2022-03-16,0.9729400032655517,0.9413600978986821,Weak Top10 MOM10
2022-03-17,0.9726635963572899,0.9413280535290892,Weak Top10 MOM10
2022-03-18,0.9798687787624073,0.9413280535290892,Weak Top10 MOM10
2022-03-21,0.9931787915483301,0.9413280535290892,Weak Top10 MOM10
2022-03-22,0.9808129950446965,0.9413280535290892,Weak Top10 MOM10
2022-03-23,0.9991849286240169,0.9413280535290892,Weak Top10 MOM10
2022-03-24,1.0021182576236578,0.9413280535290892,Weak Top10 MOM10
2022-03-25,0.9941037191749418,0.9413280535290892,Weak Top10 MOM10
2022-03-28,0.98630577082617,0.9413280535290892,Weak Top10 MOM10
2022-03-29,0.999624496136283,0.9413280535290892,Weak Top10 MOM10
2022-03-30,1.014770177609866,0.9413280535290892,Weak Top10 MOM10
2022-03-31,1.0087644031952991,0.9407633390631766,Weak Top10 MOM10
2022-04-01,1.0107485291087828,0.9426137145458743,Weak Top10 MOM10
2022-04-06,1.017447218337851,0.9488608434359534,Weak Top10 MOM10
2022-04-07,0.9950026140500141,0.9279292356126656,Weak Top10 MOM10
2022-04-08,0.9984939341720975,0.9311852049603008,Weak Top10 MOM10
2022-04-11,0.9852982162372105,0.9188790137164008,Weak Top10 MOM10
2022-04-12,0.980620526006087,0.9145166477695096,Weak Top10 MOM10
2022-04-13,0.9752355580613079,0.9094946818789293,Weak Top10 MOM10
2022-04-14,0.9930435459581339,0.926102228797465,Weak Top10 MOM10
2022-04-15,0.9803240913492167,0.9142401958480026,Weak Top10 MOM10
2022-04-18,0.9811834495432873,0.9152704993319152,Weak Top10 MOM10
2022-04-19,0.9821856846014775,0.9152704993319152,Weak Top10 MOM10
2022-04-20,0.9653549385883676,0.9152704993319152,Weak Top10 MOM10
2022-04-21,0.9534282854922582,0.9152704993319152,Weak Top10 MOM10
2022-04-22,0.9676503633855463,0.9152704993319152,Weak Top10 MOM10
2022-04-25,0.9303243670819165,0.9152704993319152,Weak Top10 MOM10
2022-04-26,0.9169303834296844,0.9152704993319152,Weak Top10 MOM10
2022-04-27,0.9232100610991717,0.9152704993319152,Weak Top10 MOM10
2022-04-28,0.945127813776018,0.9152704993319152,Weak Top10 MOM10
2022-04-29,0.9501433246380624,0.9152704993319152,Weak Top10 MOM10
2022-05-05,0.9433922166580927,0.9152704993319152,Weak Top10 MOM10
2022-05-06,0.8944505596784718,0.9152704993319152,Weak Top10 MOM10
2022-05-09,0.872451413248792,0.9152704993319152,Weak Top10 MOM10
2022-05-10,0.8725895569463044,0.9152704993319152,Weak Top10 MOM10
2022-05-11,0.8947104290027987,0.9152704993319152,Weak Top10 MOM10
2022-05-12,0.8732646713108815,0.9152704993319152,Weak Top10 MOM10
2022-05-13,0.9083429063983722,0.9152704993319152,Weak Top10 MOM10
2022-05-16,0.9084482781203129,0.9152704993319152,Weak Top10 MOM10
2022-05-17,0.9566301709457374,0.9152704993319152,Weak Top10 MOM10
2022-05-18,0.9479152274913851,0.9152704993319152,Weak Top10 MOM10
2022-05-19,0.9217893901426547,0.9145841608662287,Weak Top10 MOM10
2022-05-20,0.9299384223096653,0.9226694955707039,Weak Top10 MOM10
2022-05-23,0.9313052438075344,0.924025633215648,Weak Top10 MOM10
2022-05-24,0.9003117992284603,0.8932744509978534,Weak Top10 MOM10
2022-05-25,0.910004421278275,0.9028913100101398,Weak Top10 MOM10
2022-05-26,0.9194468515629848,0.912259932898219,Weak Top10 MOM10
2022-05-27,0.9165278086452278,0.9093637068773748,Weak Top10 MOM10
2022-05-30,0.9231415979277586,0.9159257990274846,Weak Top10 MOM10
2022-05-31,0.9380733092240903,0.9307407955899194,Weak Top10 MOM10
2022-06-01,0.9364166555232583,0.9290970912350809,Weak Top10 MOM10
2022-06-02,0.9561740077677378,0.9489373024449794,Weak Top10 MOM10
2022-06-06,0.9782953978576558,0.9489373024449794,Weak Top10 MOM10
2022-06-07,0.9757489505823735,0.9489373024449794,Weak Top10 MOM10
2022-06-08,0.995195688641142,0.9489373024449794,Weak Top10 MOM10
2022-06-09,0.9863119289674446,0.9489373024449794,Weak Top10 MOM10
2022-06-10,1.00438775596448,0.9489373024449794,Weak Top10 MOM10
2022-06-13,1.0018905026935059,0.9489373024449794,Weak Top10 MOM10
2022-06-14,1.0162477189304782,0.9489373024449794,Weak Top10 MOM10
2022-06-15,1.006654559011815,0.9489373024449794,Weak Top10 MOM10
2022-06-16,0.9968262127748932,0.9489373024449794,Weak Top10 MOM10
2022-06-17,1.0039466036248113,0.9482731530887144,Weak Top10 MOM10
2022-06-20,1.0081965183184758,0.9522873904917484,Weak Top10 MOM10
2022-06-21,0.9901467118976021,0.9352385287439583,Weak Top10 MOM10
2022-06-22,0.9899489731465894,0.9350517555149502,Weak Top10 MOM10
2022-06-23,1.0016776430106464,0.9461300167624801,Weak Top10 MOM10
2022-06-24,1.0093110589685126,0.9533401247433909,Weak Top10 MOM10
2022-06-27,1.0251974138381228,0.9683455082656817,Weak Top10 MOM10
2022-06-28,1.0341140387067822,0.9767676653291988,Weak Top10 MOM10
2022-06-29,0.9993246241257029,0.9439074835826811,Weak Top10 MOM10
2022-06-30,1.0168725211747602,0.9604822691387109,Weak Top10 MOM10
2022-07-01,1.0203743343605944,0.9637898906987312,Weak Top10 MOM10
2022-07-04,1.0292426955800682,0.9721664605540967,Weak Top10 MOM10
2022-07-05,1.025179972104382,0.9683290337561908,Weak Top10 MOM10
2022-07-06,1.002683803713717,0.9470803812330304,Weak Top10 MOM10
2022-07-07,0.9991821561500697,0.9437729161106859,Weak Top10 MOM10
2022-07-08,0.9996489469665958,0.9442138212323546,Weak Top10 MOM10
2022-07-11,0.9855904114202825,0.9309348960562759,Weak Top10 MOM10
2022-07-12,0.97135570821973,0.9174895725315653,Weak Top10 MOM10
2022-07-13,0.9774013636515478,0.9231999686005582,Weak Top10 MOM10
2022-07-14,0.9817652778427475,0.927321883705362,Weak Top10 MOM10
2022-07-15,0.9706702010817273,0.9170714050956315,Weak Top10 MOM10
2022-07-18,0.9775001451465939,0.9170714050956315,Weak Top10 MOM10
2022-07-19,0.9656017402685736,0.9170714050956315,Weak Top10 MOM10
2022-07-20,0.9666981780686675,0.9170714050956315,Weak Top10 MOM10
2022-07-21,0.9580955410306428,0.9170714050956315,Weak Top10 MOM10
2022-07-22,0.9563240529587842,0.9170714050956315,Weak Top10 MOM10
2022-07-25,0.9357452979592583,0.9170714050956315,Weak Top10 MOM10
2022-07-26,0.9457101582739821,0.9170714050956315,Weak Top10 MOM10
2022-07-27,0.9578001079982189,0.9170714050956315,Weak Top10 MOM10
2022-07-28,0.9577856046634738,0.9170714050956315,Weak Top10 MOM10
2022-07-29,0.9606086691814867,0.9170714050956315,Weak Top10 MOM10
2022-08-01,0.9669648837511351,0.9170714050956315,Weak Top10 MOM10
2022-08-02,0.955565284721254,0.9170714050956315,Weak Top10 MOM10
2022-08-03,0.9578699084744997,0.9170714050956315,Weak Top10 MOM10
2022-08-04,0.9691168976984251,0.9170714050956315,Weak Top10 MOM10
2022-08-05,0.9910282105595729,0.9170714050956315,Weak Top10 MOM10
2022-08-08,0.9911888467635167,0.9170714050956315,Weak Top10 MOM10
2022-08-09,0.9883415352068763,0.9170714050956315,Weak Top10 MOM10
2022-08-10,0.9779147518809919,0.9170714050956315,Weak Top10 MOM10
2022-08-11,0.9990928316777554,0.9170714050956315,Weak Top10 MOM10
2022-08-12,0.9878612300697068,0.9170714050956315,Weak Top10 MOM10
2022-08-15,0.9891885686989371,0.9170714050956315,Weak Top10 MOM10
2022-08-16,0.990281505217761,0.9170714050956315,Weak Top10 MOM10
2022-08-17,0.9901076989317665,0.9170714050956315,Weak Top10 MOM10
2022-08-18,0.9922895478695631,0.9170714050956315,Weak Top10 MOM10
2022-08-19,0.977500161125033,0.9170714050956315,Weak Top10 MOM10
2022-08-22,0.9725260570642664,0.9170714050956315,Weak Top10 MOM10
2022-08-23,0.9616375249655517,0.9170714050956315,Weak Top10 MOM10
2022-08-24,0.9383844605801858,0.9170714050956315,Weak Top10 MOM10
2022-08-25,0.9387579031629341,0.9170714050956315,Weak Top10 MOM10
2022-08-26,0.9340298618735934,0.9163837161757356,Weak Top10 MOM10
2022-08-29,0.9372963045445576,0.9195884476256369,Weak Top10 MOM10
2022-08-30,0.9250937344919812,0.9076164144518324,Weak Top10 MOM10
2022-08-31,0.9095420274382353,0.8923585177993624,Weak Top10 MOM10
2022-09-01,0.9143077633553098,0.8970342171193398,Weak Top10 MOM10
2022-09-02,0.9156725157107759,0.8983731859106083,Weak Top10 MOM10
2022-09-05,0.9302478950054237,0.9126732000620914,Weak Top10 MOM10
2022-09-06,0.9424959684276689,0.9246898769338093,Weak Top10 MOM10
2022-09-07,0.9404816864243345,0.9227136497241795,Weak Top10 MOM10
2022-09-08,0.929501381123524,0.9119407896829417,Weak Top10 MOM10
2022-09-09,0.9347506461795552,0.9172743838265432,Weak Top10 MOM10
2022-09-13,0.9284214253362983,0.9172743838265432,Weak Top10 MOM10
2022-09-14,0.920767386987137,0.9172743838265432,Weak Top10 MOM10
2022-09-15,0.9220622554157885,0.9172743838265432,Weak Top10 MOM10
2022-09-16,0.8923657097407791,0.9172743838265432,Weak Top10 MOM10
2022-09-19,0.8886354389234069,0.9172743838265432,Weak Top10 MOM10
2022-09-20,0.8847085328448936,0.9172743838265432,Weak Top10 MOM10
2022-09-21,0.8914100276678499,0.9172743838265432,Weak Top10 MOM10
2022-09-22,0.8863569065377104,0.9172743838265432,Weak Top10 MOM10
2022-09-23,0.8801183553103253,0.9172743838265432,Weak Top10 MOM10
2022-09-26,0.8625700555060657,0.9172743838265432,Weak Top10 MOM10
2022-09-27,0.8712820670719164,0.9172743838265432,Weak Top10 MOM10
2022-09-28,0.8654439297303209,0.9172743838265432,Weak Top10 MOM10
2022-09-29,0.8582164499893514,0.9172743838265432,Weak Top10 MOM10
2022-09-30,0.8580143440475408,0.9172743838265432,Weak Top10 MOM10
2022-10-10,0.8405037220831898,0.9172743838265432,Weak Top10 MOM10
2022-10-11,0.8398792533907422,0.9172743838265432,Weak Top10 MOM10
2022-10-12,0.8421012389425089,0.9172743838265432,Weak Top10 MOM10
2022-10-13,0.8321636772022148,0.9172743838265432,Weak Top10 MOM10
2022-10-14,0.8441790706540375,0.9172743838265432,Weak Top10 MOM10
2022-10-17,0.8433361611339414,0.9165865426979714,Weak Top10 MOM10
2022-10-18,0.8562823867608258,0.9306572498906743,Weak Top10 MOM10
2022-10-19,0.8392449497241892,0.912139977384717,Weak Top10 MOM10
2022-10-20,0.8422273256027935,0.9153813960758355,Weak Top10 MOM10
2022-10-21,0.8430581911881931,0.9162844288751694,Weak Top10 MOM10
2022-10-24,0.8181802883123722,0.8892456843775254,Weak Top10 MOM10
2022-10-25,0.8011510143683639,0.8707372839930241,Weak Top10 MOM10
2022-10-26,0.8359960723214089,0.908608909415024,Weak Top10 MOM10
2022-10-27,0.83248467109144,0.9047925153580266,Weak Top10 MOM10
2022-10-28,0.8127171694826901,0.8833080506897755,Weak Top10 MOM10
2022-10-31,0.8136664915317904,0.8845610243837665,Weak Top10 MOM10
2022-11-01,0.8168772061629362,0.8845610243837665,Weak Top10 MOM10
2022-11-02,0.8207096755828613,0.8845610243837665,Weak Top10 MOM10
2022-11-03,0.8258864158843072,0.8845610243837665,Weak Top10 MOM10
2022-11-04,0.8374270555432559,0.8845610243837665,Weak Top10 MOM10
2022-11-07,0.8280369257470918,0.8845610243837665,Weak Top10 MOM10
2022-11-08,0.8248514611078304,0.8845610243837665,Weak Top10 MOM10
2022-11-09,0.819211476890285,0.8845610243837665,Weak Top10 MOM10
2022-11-10,0.806536811354176,0.8845610243837665,Weak Top10 MOM10
2022-11-11,0.8127258294862344,0.8845610243837665,Weak Top10 MOM10
2022-11-14,0.8115326718008788,0.8838977141856067,Weak Top10 MOM10
2022-11-15,0.8239291477760591,0.8973995942197196,Weak Top10 MOM10
2022-11-16,0.8230290133612914,0.8964191940715563,Weak Top10 MOM10
2022-11-17,0.8354739488395885,0.9099738547829284,Weak Top10 MOM10
2022-11-18,0.8324224079557105,0.906650205463896,Weak Top10 MOM10
2022-11-21,0.8235791748243902,0.8970184138892711,Weak Top10 MOM10
2022-11-22,0.816620898189537,0.8894396619475045,Weak Top10 MOM10
2022-11-23,0.8158395221162122,0.8885886099207285,Weak Top10 MOM10
2022-11-24,0.8141012820980985,0.8866953695964578,Weak Top10 MOM10
2022-11-25,0.8151776159606593,0.887867681043521,Weak Top10 MOM10
2022-11-28,0.8084102803543944,0.8804968965004533,Weak Top10 MOM10
2022-11-29,0.8270018621319031,0.9007463050667996,Weak Top10 MOM10
2022-11-30,0.8264184217488618,0.9001108388202105,Weak Top10 MOM10
2022-12-01,0.8281150611617142,0.9019587689786963,Weak Top10 MOM10
2022-12-02,0.8210113197900561,0.8942215810887244,Weak Top10 MOM10
2022-12-05,0.8401057167023186,0.9150186412330172,Weak Top10 MOM10
2022-12-06,0.8366614709338235,0.9112672692086347,Weak Top10 MOM10
2022-12-07,0.8289029261554139,0.9028168885482667,Weak Top10 MOM10
2022-12-08,0.8281917459014767,0.9020422917603961,Weak Top10 MOM10
2022-12-09,0.8323033365979984,0.9065205164143186,Weak Top10 MOM10
2022-12-12,0.8204060941700727,0.8935623869975208,Weak Top10 MOM10
2022-12-13,0.8278337976417842,0.9016524249570833,Weak Top10 MOM10
2022-12-14,0.8441137105968851,0.9193840312721093,Weak Top10 MOM10
2022-12-15,0.8343751377833816,0.9087770618321925,Weak Top10 MOM10
2022-12-16,0.8366128021743016,0.9112142606154031,Weak Top10 MOM10
2022-12-19,0.8271975793893892,0.9009594745946939,Weak Top10 MOM10
2022-12-20,0.8003630108894798,0.8717320453334767,Weak Top10 MOM10
2022-12-21,0.8083083966499105,0.8803859277414183,Weak Top10 MOM10
2022-12-22,0.8253457801441368,0.898942548872681,Weak Top10 MOM10
2022-12-23,0.829052407670667,0.9029796994543908,Weak Top10 MOM10
2022-12-26,0.8201643972989309,0.8932544639239622,Weak Top10 MOM10
2022-12-27,0.8274246374547681,0.8932544639239622,Weak Top10 MOM10
2022-12-28,0.8224183547808275,0.8932544639239622,Weak Top10 MOM10
2022-12-29,0.8109957736524229,0.8932544639239622,Weak Top10 MOM10
2022-12-30,0.8170883636232669,0.8932544639239622,Weak Top10 MOM10
2023-01-03,0.8072498127360616,0.8932544639239622,Weak Top10 MOM10
2023-01-04,0.8133558714573587,0.8932544639239622,Weak Top10 MOM10
2023-01-05,0.8356417594146419,0.8932544639239622,Weak Top10 MOM10
2023-01-06,0.8321155114045533,0.8932544639239622,Weak Top10 MOM10
2023-01-09,0.8482029739171881,0.8932544639239622,Weak Top10 MOM10
2023-01-10,0.850309554229125,0.8925846347328273,Weak Top10 MOM10
2023-01-11,0.8500321012491092,0.8922933875445638,Weak Top10 MOM10
2023-01-12,0.8478416879910577,0.8899940728912968,Weak Top10 MOM10
2023-01-13,0.8551357696947905,0.8976507965172477,Weak Top10 MOM10
2023-01-16,0.8632007767920351,0.9061167738524522,Weak Top10 MOM10
2023-01-17,0.8628524256739017,0.905751103663294,Weak Top10 MOM10
2023-01-18,0.8643149732892492,0.9072863651719195,Weak Top10 MOM10
2023-01-19,0.8698654063129162,0.9131127506434201,Weak Top10 MOM10
2023-01-20,0.8775605035776896,0.9211904272344332,Weak Top10 MOM10
2023-01-30,0.8822749348882549,0.9261392472593108,Weak Top10 MOM10
2023-01-31,0.878040276045097,0.9216940526852418,Weak Top10 MOM10
2023-02-01,0.8881458788702262,0.9323020786230434,Weak Top10 MOM10
2023-02-02,0.8876964662874788,0.9318303224678635,Weak Top10 MOM10
2023-02-03,0.884742877429867,0.928729889197991,Weak Top10 MOM10
2023-02-06,0.8754283254050577,0.9189522429567915,Weak Top10 MOM10
2023-02-07,0.8730680314464805,0.916474601596183,Weak Top10 MOM10
2023-02-08,0.868600772526248,0.9117852427012479,Weak Top10 MOM10
2023-02-09,0.8830898963621725,0.9269947264032299,Weak Top10 MOM10
2023-02-10,0.8769964797963862,0.920598361723336,Weak Top10 MOM10
2023-02-13,0.8832180284946541,0.927129228917167,Weak Top10 MOM10
2023-02-14,0.8820408635717093,0.9258935385529447,Weak Top10 MOM10
2023-02-15,0.8908354321795883,0.9351253492146665,Weak Top10 MOM10
2023-02-16,0.8782448053602113,0.9219087506421394,Weak Top10 MOM10
2023-02-17,0.8636571911714799,0.9065958799146353,Weak Top10 MOM10
2023-02-20,0.8841043803761988,0.9280596478057921,Weak Top10 MOM10
2023-02-21,0.8812317944368846,0.9250442446992071,Weak Top10 MOM10
2023-02-22,0.8797884156193843,0.9235291050089709,Weak Top10 MOM10
2023-02-23,0.8717082518168612,0.9150472174182864,Weak Top10 MOM10
2023-02-24,0.8712680370062899,0.9145851163235221,Weak Top10 MOM10
2023-02-27,0.8635704412353163,0.9065048170073698,Weak Top10 MOM10
2023-02-28,0.8702742124167631,0.913770381196137,Weak Top10 MOM10
2023-03-01,0.874744593265011,0.913770381196137,Weak Top10 MOM10
2023-03-02,0.8763297890021776,0.913770381196137,Weak Top10 MOM10
2023-03-03,0.8790096571113154,0.913770381196137,Weak Top10 MOM10
2023-03-06,0.8763485806005971,0.913770381196137,Weak Top10 MOM10
2023-03-07,0.8689668022828042,0.913770381196137,Weak Top10 MOM10
2023-03-08,0.8677458085133568,0.913770381196137,Weak Top10 MOM10
2023-03-09,0.8669191298133097,0.913770381196137,Weak Top10 MOM10
2023-03-10,0.8520783380978594,0.913770381196137,Weak Top10 MOM10
2023-03-13,0.8640576199645003,0.913770381196137,Weak Top10 MOM10
2023-03-14,0.8551894866933593,0.9130851676315375,Weak Top10 MOM10
2023-03-15,0.8650326329714048,0.9235946874621216,Weak Top10 MOM10
2023-03-16,0.8541680253172028,0.9119945540933808,Weak Top10 MOM10
2023-03-17,0.8797844085168316,0.9393451470460437,Weak Top10 MOM10
2023-03-20,0.8687264586754753,0.9275385823704231,Weak Top10 MOM10
2023-03-21,0.8677847147818849,0.9265330831280625,Weak Top10 MOM10
2023-03-22,0.8727702761809707,0.9318561632601897,Weak Top10 MOM10
2023-03-23,0.8926403744687086,0.9530714521619109,Weak Top10 MOM10
2023-03-24,0.8873891379215022,0.9474647108752304,Weak Top10 MOM10
2023-03-27,0.8805087080362073,0.9401184810946436,Weak Top10 MOM10
2023-03-28,0.8759090559144642,0.9352074360058322,Weak Top10 MOM10
2023-03-29,0.8801087081194674,0.9396914014863088,Weak Top10 MOM10
2023-03-30,0.8767935824671532,0.9361518443366214,Weak Top10 MOM10
2023-03-31,0.9067247445559792,0.9681093234433329,Weak Top10 MOM10
2023-04-03,0.9500292782721242,1.014345541313946,Weak Top10 MOM10
2023-04-04,0.9552520621641492,1.0199219037222256,Weak Top10 MOM10
2023-04-06,0.9573872609958337,1.022201653898638,Weak Top10 MOM10
2023-04-07,0.9789278472937245,1.0452005215843718,Weak Top10 MOM10
2023-04-10,0.9347296545283358,0.998010144623311,Weak Top10 MOM10
2023-04-11,0.9495373546198929,1.0138203148028058,Weak Top10 MOM10
2023-04-12,0.9867436659631154,1.0535454652617224,Weak Top10 MOM10
2023-04-13,0.9831735165598987,1.0497336194462297,Weak Top10 MOM10
2023-04-14,0.9883257349630877,1.0552346391354916,Weak Top10 MOM10
2023-04-17,1.0002969674262918,1.068016314975176,Weak Top10 MOM10
2023-04-18,1.0006793214975214,1.068424554127616,Weak Top10 MOM10
2023-04-19,0.9958481138820581,1.063266277413429,Weak Top10 MOM10
2023-04-20,0.9950721683238434,1.0624378009282527,Weak Top10 MOM10
2023-04-21,0.9796718365910048,1.0459948783939368,Weak Top10 MOM10
2023-04-24,0.9735250190415857,1.039431925949078,Weak Top10 MOM10
2023-04-25,0.969468306718098,1.0351005772719013,Weak Top10 MOM10
2023-04-26,0.9705810879482321,1.0364960439955888,Weak Top10 MOM10
2023-04-27,0.9705790979201236,1.0364960439955888,Weak Top10 MOM10
2023-04-28,0.9823397404280294,1.0364960439955888,Weak Top10 MOM10
2023-05-04,1.0053220054984549,1.0364960439955888,Weak Top10 MOM10
2023-05-05,1.011599301555642,1.0364960439955888,Weak Top10 MOM10
2023-05-08,1.0468964542250885,1.0364960439955888,Weak Top10 MOM10
2023-05-09,1.034250146251489,1.0364960439955888,Weak Top10 MOM10
2023-05-10,1.0094779796353017,1.0364960439955888,Weak Top10 MOM10
2023-05-11,1.0082960904172515,1.0364960439955888,Weak Top10 MOM10
2023-05-12,0.9981899298788216,1.0364960439955888,Weak Top10 MOM10
2023-05-15,1.0044981219089848,1.0357188015245975,Weak Top10 MOM10
2023-05-16,1.003802213923581,1.0350012641107458,Weak Top10 MOM10
2023-05-17,1.0081603395925343,1.0394948441347316,Weak Top10 MOM10
2023-05-18,1.0144386749587024,1.0459683156516912,Weak Top10 MOM10
2023-05-19,1.0199913731670638,1.0516935965737326,Weak Top10 MOM10
2023-05-22,1.02602902139589,1.0579189001867477,Weak Top10 MOM10
2023-05-23,1.0202120442673825,1.051921126324728,Weak Top10 MOM10
2023-05-24,1.0061178268543574,1.037388848315384,Weak Top10 MOM10
2023-05-25,1.0165080114129874,1.0481019688916897,Weak Top10 MOM10
2023-05-26,1.0196412264332086,1.0513325669733418,Weak Top10 MOM10
2023-05-29,1.0446047241788383,1.0770719520483776,Weak Top10 MOM10
2023-05-30,1.0501565422210337,1.0827963254479192,Weak Top10 MOM10
2023-05-31,1.0504293481379339,1.0830776104111641,Weak Top10 MOM10
2023-06-01,1.050337679696738,1.0829830928346924,Weak Top10 MOM10
2023-06-02,1.0554654914349968,1.088270281443766,Weak Top10 MOM10
2023-06-05,1.059344173148109,1.0922695159747033,Weak Top10 MOM10
2023-06-06,1.0440704772550498,1.0765211002632364,Weak Top10 MOM10
2023-06-07,1.0480770903975967,1.0806522424442542,Weak Top10 MOM10
2023-06-08,1.0279438464087705,1.0598932396346912,Weak Top10 MOM10
2023-06-09,1.0428001966553557,1.0752113382322084,Weak Top10 MOM10
2023-06-12,1.0505645794898009,1.083217044871647,Weak Top10 MOM10
2023-06-13,1.0622551068406463,1.0952709240307212,Weak Top10 MOM10
2023-06-14,1.0652007811524102,1.0983081524747764,Weak Top10 MOM10
2023-06-15,1.0607594431790814,1.0937287738352626,Weak Top10 MOM10
2023-06-16,1.078087503290875,1.1115954052010095,Weak Top10 MOM10
2023-06-19,1.0827892391106355,1.1164432750796243,Weak Top10 MOM10
2023-06-20,1.088509064043975,1.122340877171334,Weak Top10 MOM10
2023-06-21,1.0468462260727185,1.0793831217803156,Weak Top10 MOM10
2023-06-26,1.012991781555473,1.044476451536825,Weak Top10 MOM10
2023-06-27,1.0248110112870423,1.0566630332591096,Weak Top10 MOM10
2023-06-28,1.0208907004592824,1.0526208757442552,Weak Top10 MOM10
2023-06-29,1.0253086000229836,1.0571760874878837,Weak Top10 MOM10
2023-06-30,1.032830738348327,1.064932020447142,Weak Top10 MOM10
2023-07-03,1.0348991664540794,1.067064737106341,Weak Top10 MOM10
2023-07-04,1.0371869882623612,1.0694236664161068,Weak Top10 MOM10
2023-07-05,1.0278983291219206,1.0598463076307816,Weak Top10 MOM10
2023-07-06,1.0257614703084785,1.0576430333776854,Weak Top10 MOM10
2023-07-07,1.013709360602298,1.045216333567629,Weak Top10 MOM10
2023-07-10,1.016005972378794,1.0475843260455038,Weak Top10 MOM10
2023-07-11,1.0243496399355734,1.0561873220827729,Weak Top10 MOM10
2023-07-12,1.0246273356639304,1.0564736488370885,Weak Top10 MOM10
2023-07-13,1.0407175332892693,1.073063943868342,Weak Top10 MOM10
2023-07-14,1.0390051817797004,1.071298370977166,Weak Top10 MOM10
2023-07-17,1.0346435512357208,1.0668011771435741,Weak Top10 MOM10
2023-07-18,1.0366704505557596,1.0688910742661015,Weak Top10 MOM10
2023-07-19,1.0408828228242881,1.0732343707465812,Weak Top10 MOM10
2023-07-20,1.0329847233518659,1.0650907914391823,Weak Top10 MOM10
2023-07-21,1.034321621997069,1.0664692420628012,Weak Top10 MOM10
2023-07-24,1.0330786630753737,1.065187650891405,Weak Top10 MOM10
2023-07-25,1.0724361503588526,1.105768403280266,Weak Top10 MOM10
2023-07-26,1.0709396532136872,1.104225393695808,Weak Top10 MOM10
2023-07-27,1.0777609023451764,1.1112586532124513,Weak Top10 MOM10
2023-07-28,1.0995413627526478,1.133716069366709,Weak Top10 MOM10
2023-07-31,1.1072799147480208,1.1416951423220187,Weak Top10 MOM10
2023-08-01,1.1041321610456003,1.138449553683217,Weak Top10 MOM10
2023-08-02,1.0885850749985342,1.1224192506127986,Weak Top10 MOM10
2023-08-03,1.0965663381552746,1.130648578404514,Weak Top10 MOM10
2023-08-04,1.0994971738447292,1.1336705070289088,Weak Top10 MOM10
2023-08-07,1.0897542232622643,1.1236247370264654,Weak Top10 MOM10
2023-08-08,1.0877546863380767,1.1215630527469687,Weak Top10 MOM10
2023-08-09,1.0881826659287086,1.1220043343173551,Weak Top10 MOM10
2023-08-10,1.1058753562909067,1.1402469289603963,Weak Top10 MOM10
2023-08-11,1.065527927143677,1.0986454664493954,Weak Top10 MOM10
2023-08-14,1.0548212316651726,1.0876059975171777,Weak Top10 MOM10
2023-08-15,1.0676675593184972,1.1008516002623654,Weak Top10 MOM10
2023-08-16,1.067108915400883,1.100275593203506,Weak Top10 MOM10
2023-08-17,1.0667113003645556,1.0998656199443124,Weak Top10 MOM10
2023-08-18,1.0524602329703,1.0851716169192254,Weak Top10 MOM10
2023-08-21,1.020193261632321,1.051901759908952,Weak Top10 MOM10
2023-08-22,1.0318005107526533,1.0638697724773192,Weak Top10 MOM10
2023-08-23,1.0082391340598151,1.0398361116368444,Weak Top10 MOM10
2023-08-24,1.0092670241652908,1.0398361116368444,Weak Top10 MOM10
2023-08-25,0.9988667582837875,1.0398361116368444,Weak Top10 MOM10
2023-08-28,1.0107917207647856,1.0398361116368444,Weak Top10 MOM10
2023-08-29,1.0277021252020897,1.0398361116368444,Weak Top10 MOM10
2023-08-30,1.0304530086309258,1.0398361116368444,Weak Top10 MOM10
2023-08-31,1.023580751296676,1.0398361116368444,Weak Top10 MOM10
2023-09-01,1.0220912190163396,1.0398361116368444,Weak Top10 MOM10
2023-09-04,1.0337222719923331,1.0398361116368444,Weak Top10 MOM10
2023-09-05,1.0290175938882018,1.0398361116368444,Weak Top10 MOM10
2023-09-06,1.036767704834806,1.039056364532631,Weak Top10 MOM10
2023-09-07,1.0302344929436473,1.0325087306077967,Weak Top10 MOM10
2023-09-08,1.0225592541326671,1.0248165487442351,Weak Top10 MOM10
2023-09-11,1.026107780534468,1.0283729085009183,Weak Top10 MOM10
2023-09-12,1.0266036869246744,1.0288699096020846,Weak Top10 MOM10
2023-09-13,1.0252055617246856,1.0274686980474736,Weak Top10 MOM10
2023-09-14,1.033678095014725,1.0359599344138037,Weak Top10 MOM10
2023-09-15,1.032615949696942,1.034895444415365,Weak Top10 MOM10
2023-09-18,1.0322343682625768,1.0345130206418274,Weak Top10 MOM10
2023-09-19,1.0336491154536736,1.0359308908805114,Weak Top10 MOM10
2023-09-20,1.0304974911293632,1.0329272871982755,Weak Top10 MOM10
2023-09-21,1.0216690278339977,1.0329272871982755,Weak Top10 MOM10
2023-09-22,1.026787162665602,1.0329272871982755,Weak Top10 MOM10
2023-09-25,1.0282132471431855,1.0329272871982755,Weak Top10 MOM10
2023-09-26,1.021929250071079,1.0329272871982755,Weak Top10 MOM10
2023-09-27,1.023141171487212,1.0329272871982755,Weak Top10 MOM10
2023-09-28,1.0232522335629395,1.0329272871982755,Weak Top10 MOM10
2023-10-09,1.0264721200909765,1.0329272871982755,Weak Top10 MOM10
2023-10-10,1.0120694202911906,1.0329272871982755,Weak Top10 MOM10
2023-10-11,1.0119815767463558,1.0329272871982755,Weak Top10 MOM10
2023-10-12,1.0181359142203532,1.0329272871982755,Weak Top10 MOM10
2023-10-13,1.0083507966617102,1.0329272871982755,Weak Top10 MOM10
2023-10-16,0.9911201412496906,1.0329272871982755,Weak Top10 MOM10
2023-10-17,0.9938519189867078,1.0329272871982755,Weak Top10 MOM10
2023-10-18,0.9769535006202312,1.0329272871982755,Weak Top10 MOM10
2023-10-19,0.9665878086551251,1.0329272871982755,Weak Top10 MOM10
2023-10-20,0.9435919355906978,1.0329272871982755,Weak Top10 MOM10
2023-10-23,0.9281254865155006,1.0329272871982755,Weak Top10 MOM10
2023-10-24,0.9339931609366454,1.0329272871982755,Weak Top10 MOM10
2023-10-25,0.9390869110640594,1.0329272871982755,Weak Top10 MOM10
2023-10-26,0.9442329434497112,1.0329272871982755,Weak Top10 MOM10
2023-10-27,0.9485830239902104,1.0329272871982755,Weak Top10 MOM10
2023-10-30,0.943804256789008,1.0329272871982755,Weak Top10 MOM10
2023-10-31,0.9458324075243019,1.0329272871982755,Weak Top10 MOM10
2023-11-01,0.9444411755392106,1.0329272871982755,Weak Top10 MOM10
2023-11-02,0.9374207167593291,1.0329272871982755,Weak Top10 MOM10
2023-11-03,0.9468307070581674,1.0329272871982755,Weak Top10 MOM10
2023-11-06,0.9844896031804311,1.0329272871982755,Weak Top10 MOM10
2023-11-07,0.988821303861829,1.0329272871982755,Weak Top10 MOM10
2023-11-08,0.9791915116995178,1.0329272871982755,Weak Top10 MOM10
2023-11-09,0.9745591560762277,1.0321527208487875,Weak Top10 MOM10
2023-11-10,0.9687849518575262,1.026037278232595,Weak Top10 MOM10
2023-11-13,0.9733757807577539,1.0308994115477232,Weak Top10 MOM10
2023-11-14,0.9801608600589008,1.0380854689750119,Weak Top10 MOM10
2023-11-15,0.9783590947682027,1.036177224682677,Weak Top10 MOM10
2023-11-16,0.9692446623595938,1.026524156266169,Weak Top10 MOM10
2023-11-17,0.977622319231637,1.0353969078902279,Weak Top10 MOM10
2023-11-20,0.9849235538060717,1.0431296238414067,Weak Top10 MOM10
2023-11-21,0.9819156613497406,1.0399439738339484,Weak Top10 MOM10
2023-11-22,0.971666424095152,1.0290890369601928,Weak Top10 MOM10
2023-11-23,0.9736136655886809,1.0314092714659007,Weak Top10 MOM10
2023-11-24,0.9774190572656422,1.0314092714659007,Weak Top10 MOM10
2023-11-27,0.9753025698914336,1.0314092714659007,Weak Top10 MOM10
2023-11-28,0.9763728460515981,1.0314092714659007,Weak Top10 MOM10
2023-11-29,0.9757071619458153,1.0314092714659007,Weak Top10 MOM10
2023-11-30,0.9788090032993099,1.0314092714659007,Weak Top10 MOM10
2023-12-01,0.9773816957766601,1.0314092714659007,Weak Top10 MOM10
2023-12-04,0.9799551642119247,1.0314092714659007,Weak Top10 MOM10
2023-12-05,0.9671768002376394,1.0314092714659007,Weak Top10 MOM10
2023-12-06,0.97817173617805,1.0314092714659007,Weak Top10 MOM10
2023-12-07,0.9716249242466153,1.0314092714659007,Weak Top10 MOM10
2023-12-08,0.9724794745477053,1.0314092714659007,Weak Top10 MOM10
2023-12-11,0.9805504281648011,1.0314092714659007,Weak Top10 MOM10
2023-12-12,0.9843544070574981,1.0314092714659007,Weak Top10 MOM10
2023-12-13,0.9873345124613225,1.0314092714659007,Weak Top10 MOM10
2023-12-14,0.9977121235418789,1.0314092714659007,Weak Top10 MOM10
2023-12-15,0.9965695876761174,1.0314092714659007,Weak Top10 MOM10
2023-12-18,0.9951268754589865,1.0314092714659007,Weak Top10 MOM10
2023-12-19,0.996806540675801,1.0314092714659007,Weak Top10 MOM10
2023-12-20,1.0038470688066563,1.0314092714659007,Weak Top10 MOM10
2023-12-21,0.9903336509901076,1.0307389585803748,Weak Top10 MOM10
2023-12-22,0.9949453958811142,1.0355388612408993,Weak Top10 MOM10
2023-12-25,0.9962094985801712,1.036854538940291,Weak Top10 MOM10
2023-12-26,1.0021182364475596,1.043004351490705,Weak Top10 MOM10
2023-12-27,1.0057049401269331,1.0467373915742344,Weak Top10 MOM10
2023-12-28,1.003000758577206,1.0439228802511147,Weak Top10 MOM10
2023-12-29,1.0003310416328084,1.041144239678595,Weak Top10 MOM10
2024-01-02,0.9982395066359325,1.0389673706987728,Weak Top10 MOM10
2024-01-03,0.985509563008162,1.025718049296277,Weak Top10 MOM10
2024-01-04,0.979414308361553,1.0193741101395628,Weak Top10 MOM10
2024-01-05,0.9724605222820845,1.012136611732257,Weak Top10 MOM10
2024-01-08,0.9622104800712961,1.0014683709598768,Weak Top10 MOM10
2024-01-09,0.9657046386832112,1.0051050901657315,Weak Top10 MOM10
2024-01-10,0.9595109003585974,0.9986586492273174,Weak Top10 MOM10
2024-01-11,0.9531142084807632,0.9920009742932925,Weak Top10 MOM10
2024-01-12,0.9593776559398772,0.9985199684773995,Weak Top10 MOM10
2024-01-15,0.9625939440250554,1.0018674801247083,Weak Top10 MOM10
2024-01-16,0.9627219113195205,1.0020006684453286,Weak Top10 MOM10
2024-01-17,0.9457399397315195,0.9843258376529408,Weak Top10 MOM10
2024-01-18,0.9428990171172206,0.9813690062719794,Weak Top10 MOM10
2024-01-19,0.936793593575227,0.9752583588906968,Weak Top10 MOM10
2024-01-22,0.9550649438582257,0.9752583588906968,Weak Top10 MOM10
2024-01-23,0.9558577522496944,0.9752583588906968,Weak Top10 MOM10
2024-01-24,0.9637761608785137,0.9752583588906968,Weak Top10 MOM10
2024-01-25,0.9554986917376005,0.9752583588906968,Weak Top10 MOM10
2024-01-26,0.9566739929616668,0.9752583588906968,Weak Top10 MOM10
2024-01-29,0.9660712791169382,0.9752583588906968,Weak Top10 MOM10
2024-01-30,0.9733959218218406,0.9752583588906968,Weak Top10 MOM10
2024-01-31,0.9591615498539885,0.9752583588906968,Weak Top10 MOM10
2024-02-01,0.9516524424672795,0.9752583588906968,Weak Top10 MOM10
2024-02-02,0.9636046869753525,0.9752583588906968,Weak Top10 MOM10
2024-02-05,0.9725762828279141,0.9752583588906968,Weak Top10 MOM10
2024-02-06,0.9811117201048373,0.9752583588906968,Weak Top10 MOM10
2024-02-07,0.9779413858882107,0.9752583588906968,Weak Top10 MOM10
2024-02-08,0.9761784964562883,0.9752583588906968,Weak Top10 MOM10
2024-02-19,0.9941446083772063,0.9752583588906968,Weak Top10 MOM10
2024-02-20,0.9991008256821724,0.9752583588906968,Weak Top10 MOM10
2024-02-21,1.0185384466142473,0.9752583588906968,Weak Top10 MOM10
2024-02-22,1.0244937830735403,0.9752583588906968,Weak Top10 MOM10
2024-02-23,1.0280317836260318,0.9752583588906968,Weak Top10 MOM10
2024-02-26,1.0057437544719672,0.9745270370288235,Weak Top10 MOM10
2024-02-27,1.0109230902815696,0.979545614333297,Weak Top10 MOM10
2024-02-28,1.0059213903017334,0.9746991593194988,Weak Top10 MOM10
2024-02-29,1.0141049412552925,0.982628705615646,Weak Top10 MOM10
2024-03-01,1.0150513380864699,0.9835457277653137,Weak Top10 MOM10
2024-03-04,1.0188274858468374,0.9872046697889963,Weak Top10 MOM10
2024-03-05,1.025721929167354,0.9938851203423621,Weak Top10 MOM10
2024-03-06,1.0247919551046496,0.9929840112240492,Weak Top10 MOM10
2024-03-07,1.026312433406824,0.9944572962512704,Weak Top10 MOM10
2024-03-08,1.0311535290438658,0.9991481318305737,Weak Top10 MOM10
2024-03-11,1.0293980857484413,0.9974471747570096,Weak Top10 MOM10
2024-03-12,1.0152982710728287,0.9837849963369267,Weak Top10 MOM10
2024-03-13,1.0172152223400737,0.9856424484267758,Weak Top10 MOM10
2024-03-14,1.022292881004377,0.990562504485951,Weak Top10 MOM10
2024-03-15,1.0249476846079641,0.9931349071264781,Weak Top10 MOM10
2024-03-18,1.0330100660610677,1.0009470448344713,Weak Top10 MOM10
2024-03-19,1.0278494025116365,0.9959465602323369,Weak Top10 MOM10
2024-03-20,1.02999583240707,0.9980263682916821,Weak Top10 MOM10
2024-03-21,1.0335132114901926,1.0014345734142507,Weak Top10 MOM10
2024-03-22,1.0260932127301199,0.9942448798424445,Weak Top10 MOM10
2024-03-25,1.023021199782513,0.9912682173851992,Weak Top10 MOM10
2024-03-26,1.0107867691020958,0.979413524350609,Weak Top10 MOM10
2024-03-27,0.9763592310299368,0.9460545633623076,Weak Top10 MOM10
2024-03-28,1.0035851704490657,0.9724354520871697,Weak Top10 MOM10
2024-03-29,1.0069425682315505,0.9756886414791436,Weak Top10 MOM10
2024-04-01,1.0321574831460563,1.0001209247633367,Weak Top10 MOM10
2024-04-02,1.0225295471664049,0.9907918248994464,Weak Top10 MOM10
2024-04-03,1.007980291861263,0.9766941557859655,Weak Top10 MOM10
2024-04-08,0.9889415297092586,0.9582463271156992,Weak Top10 MOM10
2024-04-09,1.0008884472587918,0.9698224309785433,Weak Top10 MOM10
2024-04-10,0.97776464274001,0.9474163532849728,Weak Top10 MOM10
2024-04-11,0.9815929553556468,0.9511258410481808,Weak Top10 MOM10
2024-04-12,0.9839516630076268,0.9534113380936067,Weak Top10 MOM10
2024-04-15,0.9931738823127695,0.9623473140957536,Weak Top10 MOM10
2024-04-16,0.971584443716636,0.9414279779997996,Weak Top10 MOM10
2024-04-17,0.9874330582951301,0.9567846763014466,Weak Top10 MOM10
2024-04-18,0.9905822979218489,0.9598361684421375,Weak Top10 MOM10
2024-04-19,0.9917531943790507,0.960970722099598,Weak Top10 MOM10
2024-04-22,0.9746514085047047,0.9443997489845048,Weak Top10 MOM10
2024-04-23,0.9519734052682431,0.9224256355967843,Weak Top10 MOM10
2024-04-24,0.9628284688252513,0.9331771275320643,Weak Top10 MOM10
2024-04-25,0.973956613584311,0.9331771275320643,Weak Top10 MOM10
2024-04-26,0.9698756209923232,0.9331771275320643,Weak Top10 MOM10
2024-04-29,0.9795835051176255,0.9331771275320643,Weak Top10 MOM10
2024-04-30,0.9870560136866123,0.9331771275320643,Weak Top10 MOM10
2024-05-06,0.9971661540843407,0.9331771275320643,Weak Top10 MOM10
2024-05-07,0.9965035728984769,0.9331771275320643,Weak Top10 MOM10
2024-05-08,0.9951580078201117,0.9331771275320643,Weak Top10 MOM10
2024-05-09,1.0019749122675465,0.9331771275320643,Weak Top10 MOM10
2024-05-10,1.011133562119505,0.9331771275320643,Weak Top10 MOM10
2024-05-13,1.0172775350369643,0.9325240085252187,Weak Top10 MOM10
2024-05-14,1.0123821552370496,0.928036482715358,Weak Top10 MOM10
2024-05-15,1.0069540796724084,0.9230606421902521,Weak Top10 MOM10
2024-05-16,1.0180121211100208,0.9331973932465562,Weak Top10 MOM10
2024-05-17,1.027162018217349,0.9415849752330284,Weak Top10 MOM10
2024-05-20,1.039920893636213,0.953280856877992,Weak Top10 MOM10
2024-05-21,1.0270416005052323,0.9414745900099862,Weak Top10 MOM10
2024-05-22,1.0267493288468186,0.941206668691472,Weak Top10 MOM10
2024-05-23,1.0151727599002063,0.930594590760673,Weak Top10 MOM10
2024-05-24,1.0031313024149966,0.9195563560451234,Weak Top10 MOM10
2024-05-27,1.018579311894954,0.9339508751669763,Weak Top10 MOM10
2024-05-28,1.02226243235565,0.9339508751669763,Weak Top10 MOM10
2024-05-29,1.0183170223136924,0.9339508751669763,Weak Top10 MOM10
2024-05-30,1.0064378742078461,0.9339508751669763,Weak Top10 MOM10
2024-05-31,1.0017399839856809,0.9339508751669763,Weak Top10 MOM10
2024-06-03,1.0091922280175434,0.9339508751669763,Weak Top10 MOM10
2024-06-04,1.00574369417348,0.9339508751669763,Weak Top10 MOM10
2024-06-05,1.0129286573901886,0.9339508751669763,Weak Top10 MOM10
2024-06-06,1.0318260497415952,0.9339508751669763,Weak Top10 MOM10
2024-06-07,1.033992295979189,0.9339508751669763,Weak Top10 MOM10
2024-06-11,1.0340766950146885,0.9332505287544605,Weak Top10 MOM10
2024-06-12,1.0339991149366405,0.9331805130107464,Weak Top10 MOM10
2024-06-13,1.0415977966209717,0.9400382961267637,Weak Top10 MOM10
2024-06-14,1.0384856834642275,0.9372296251035435,Weak Top10 MOM10
2024-06-17,1.062097071577449,0.9585388186551664,Weak Top10 MOM10
2024-06-18,1.0619157769511098,0.9583752009015637,Weak Top10 MOM10
2024-06-19,1.0583781396686185,0.9551824958726781,Weak Top10 MOM10
2024-06-20,1.064756096780971,0.9609385794167444,Weak Top10 MOM10
2024-06-21,1.0641330101531143,0.9603762459576203,Weak Top10 MOM10
2024-06-24,1.0382432722803119,0.9370108498747273,Weak Top10 MOM10
2024-06-25,0.9981849232608799,0.9008583327706796,Weak Top10 MOM10
2024-06-26,1.0116986960098147,0.913054464473688,Weak Top10 MOM10
2024-06-27,1.013228490096812,0.9144350981805097,Weak Top10 MOM10
2024-06-28,1.0253747629399363,0.9253970660963234,Weak Top10 MOM10
2024-07-01,1.0221171260413324,0.92245706041515,Weak Top10 MOM10
2024-07-02,1.0244840455726982,0.924593196849532,Weak Top10 MOM10
2024-07-03,1.0423775631720147,0.9407420326576944,Weak Top10 MOM10
2024-07-04,1.045646448693634,0.943692190181016,Weak Top10 MOM10
2024-07-05,1.0532865502022954,0.9505873545407493,Weak Top10 MOM10
2024-07-08,1.063137882052923,0.9594781463967664,Weak Top10 MOM10
2024-07-09,1.0711819298560044,0.9667378708463588,Weak Top10 MOM10
2024-07-10,1.0667505091091325,0.9627385294289477,Weak Top10 MOM10
2024-07-11,1.0699672395246398,0.9656416171550378,Weak Top10 MOM10
2024-07-12,1.030592483612164,0.9301060403916781,Weak Top10 MOM10
2024-07-15,1.0565984363165515,0.9535763199455446,Weak Top10 MOM10
2024-07-16,1.059962867433434,0.9566127070277852,Weak Top10 MOM10
2024-07-17,1.0525792726445553,0.9499490390677099,Weak Top10 MOM10
2024-07-18,1.0387139722099472,0.9374356548822614,Weak Top10 MOM10
2024-07-19,1.0202115758817873,0.920737308193156,Weak Top10 MOM10
2024-07-22,1.0083263647151546,0.9100109475091828,Weak Top10 MOM10
2024-07-23,1.0180112727145545,0.918751542433092,Weak Top10 MOM10
2024-07-24,1.0061659190524799,0.9080611530048129,Weak Top10 MOM10
2024-07-25,1.0175285748776772,0.9183159093570676,Weak Top10 MOM10
2024-07-26,1.0345670977342658,0.9336931154596387,Weak Top10 MOM10
2024-07-29,1.026627708958823,0.926527845409177,Weak Top10 MOM10
2024-07-30,1.0305421752586927,0.9300606372821173,Weak Top10 MOM10
2024-07-31,1.0827793290105547,0.9772044822160375,Weak Top10 MOM10
2024-08-01,1.076064154149348,0.9711440608564684,Weak Top10 MOM10
2024-08-02,1.0550297026457152,0.9521605434032038,Weak Top10 MOM10
2024-08-05,1.0506917759498315,0.9482455800333216,Weak Top10 MOM10
2024-08-06,1.0504331915861775,0.948012234489566,Weak Top10 MOM10
2024-08-07,1.0444709737238007,0.948012234489566,Weak Top10 MOM10
2024-08-08,1.0470500984479145,0.948012234489566,Weak Top10 MOM10
2024-08-09,1.037552319171293,0.948012234489566,Weak Top10 MOM10
2024-08-12,1.0297961386497014,0.948012234489566,Weak Top10 MOM10
2024-08-13,1.0386027956442607,0.948012234489566,Weak Top10 MOM10
2024-08-14,1.030619752845783,0.948012234489566,Weak Top10 MOM10
2024-08-15,1.0428306705898018,0.948012234489566,Weak Top10 MOM10
2024-08-16,1.036697338161355,0.948012234489566,Weak Top10 MOM10
2024-08-19,1.0372188695594027,0.948012234489566,Weak Top10 MOM10
2024-08-20,1.025172351808936,0.9473013438152281,Weak Top10 MOM10
2024-08-21,1.0217848058792371,0.944171112292912,Weak Top10 MOM10
2024-08-22,1.0265756160965096,0.9485980176311,Weak Top10 MOM10
2024-08-23,1.0295943807166195,0.9513874800822149,Weak Top10 MOM10
2024-08-26,1.0336996324441634,0.9551809012287567,Weak Top10 MOM10
2024-08-27,1.0401490003801872,0.9611403819948676,Weak Top10 MOM10
2024-08-28,1.038831507999184,0.9599229649422243,Weak Top10 MOM10
2024-08-29,1.0315347053825081,0.9531804197378648,Weak Top10 MOM10
2024-08-30,1.0369864770484183,0.9582180805918447,Weak Top10 MOM10
2024-09-02,1.0287473687096513,0.9506048062118038,Weak Top10 MOM10
2024-09-03,1.0273803865470896,0.9493891398964133,Weak Top10 MOM10
2024-09-04,0.9935642032311668,0.9493891398964133,Weak Top10 MOM10
2024-09-05,0.9979344043925926,0.9493891398964133,Weak Top10 MOM10
2024-09-06,0.9935863760079531,0.9493891398964133,Weak Top10 MOM10
2024-09-09,0.9878656912244042,0.9493891398964133,Weak Top10 MOM10
2024-09-10,0.986799664579011,0.9493891398964133,Weak Top10 MOM10
2024-09-11,0.9863659937406898,0.9493891398964133,Weak Top10 MOM10
2024-09-12,1.0003315481460016,0.9493891398964133,Weak Top10 MOM10
2024-09-13,1.0022918791990103,0.9493891398964133,Weak Top10 MOM10
2024-09-18,1.0031078436437018,0.9493891398964133,Weak Top10 MOM10
2024-09-19,1.0142645332785027,0.9486772167151334,Weak Top10 MOM10
2024-09-20,1.0182838645049532,0.9524366382820494,Weak Top10 MOM10
2024-09-23,1.0173533471943499,0.9515662927820693,Weak Top10 MOM10
2024-09-24,1.0481023471806226,0.9803269117001527,Weak Top10 MOM10
2024-09-25,1.0570866385630686,0.9887302347615501,Weak Top10 MOM10
2024-09-26,1.102123449717354,1.0308547449398437,Weak Top10 MOM10
2024-09-27,1.1791578273242147,1.1029077020744422,Weak Top10 MOM10
2024-09-30,1.287890400697194,1.204609094254965,Weak Top10 MOM10
2024-10-08,1.344906144809151,1.2579379208661399,Weak Top10 MOM10
2024-10-09,1.2681682737226925,1.1861622966868839,Weak Top10 MOM10
2024-10-10,1.2759158232594516,1.193408851692744,Weak Top10 MOM10
2024-10-11,1.2169857137658977,1.138289451949608,Weak Top10 MOM10
2024-10-14,1.2667114572079234,1.1847996850691551,Weak Top10 MOM10
2024-10-15,1.235366782564109,1.155481910736835,Weak Top10 MOM10
2024-10-16,1.2212314543556015,1.1422606421405093,Weak Top10 MOM10
2024-10-17,1.229366679806428,1.1498698040354773,Weak Top10 MOM10
2024-10-18,1.333160103584487,1.246951436245194,Weak Top10 MOM10
2024-10-21,1.3659685530697878,1.2776383305624457,Weak Top10 MOM10
2024-10-22,1.3443002028316704,1.2573711620672012,Weak Top10 MOM10
2024-10-23,1.3272241441671804,1.2413993250613968,Weak Top10 MOM10
2024-10-24,1.320079880764858,1.2347170447512619,Weak Top10 MOM10
2024-10-25,1.3207058016220903,1.2353024904976526,Weak Top10 MOM10
2024-10-28,1.3300698098017751,1.2440609760068386,Weak Top10 MOM10
2024-10-29,1.3290160143445844,1.2430753241295291,Weak Top10 MOM10
2024-10-30,1.3368580554411522,1.25041026040775,Weak Top10 MOM10
2024-10-31,1.3132668961217464,1.2283446210918658,Weak Top10 MOM10
2024-11-01,1.3011585016686757,1.2170192147784875,Weak Top10 MOM10
2024-11-04,1.304991857793331,1.2206046873053253,Weak Top10 MOM10
2024-11-05,1.3037423885694568,1.2194360148862624,Weak Top10 MOM10
2024-11-06,1.3443430772995493,1.2574112640618198,Weak Top10 MOM10
2024-11-07,1.35695615921116,1.2692087222687325,Weak Top10 MOM10
2024-11-08,1.3298462007024112,1.2438518265679532,Weak Top10 MOM10
2024-11-11,1.3332582976400817,1.2470432805918146,Weak Top10 MOM10
2024-11-12,1.3238691104414306,1.2382612442624537,Weak Top10 MOM10
2024-11-13,1.3285526222817587,1.2426418972689952,Weak Top10 MOM10
2024-11-14,1.278753219673218,1.1960627681457114,Weak Top10 MOM10
2024-11-15,1.2417193376883657,1.1614236785070526,Weak Top10 MOM10
2024-11-18,1.231824782715349,1.1521689539608884,Weak Top10 MOM10
2024-11-19,1.2539559910547777,1.1728690498837209,Weak Top10 MOM10
2024-11-20,1.2628503863843037,1.181188290011643,Weak Top10 MOM10
2024-11-21,1.2598232410848917,1.1786516313580964,Weak Top10 MOM10
2024-11-22,1.269704536616106,1.1786516313580964,Weak Top10 MOM10
2024-11-25,1.2834320593576076,1.1786516313580964,Weak Top10 MOM10
2024-11-26,1.2879402863307814,1.1786516313580964,Weak Top10 MOM10
2024-11-27,1.2975827859780247,1.1786516313580964,Weak Top10 MOM10
2024-11-28,1.296023054169583,1.1786516313580964,Weak Top10 MOM10
2024-11-29,1.296901257542437,1.1786516313580964,Weak Top10 MOM10
2024-12-02,1.3013149836090285,1.1786516313580964,Weak Top10 MOM10
2024-12-03,1.3137038632714486,1.1786516313580964,Weak Top10 MOM10
2024-12-04,1.3141444158904096,1.1786516313580964,Weak Top10 MOM10
2024-12-05,1.322971356735901,1.1779445435112994,Weak Top10 MOM10
2024-12-06,1.3122158123245222,1.1683680437727595,Weak Top10 MOM10
2024-12-09,1.3214654633020477,1.1766037291811284,Weak Top10 MOM10
2024-12-10,1.311698391502562,1.1679073436745873,Weak Top10 MOM10
2024-12-11,1.312958166317397,1.1690290194097668,Weak Top10 MOM10
2024-12-12,1.3237013131558568,1.1785944806225679,Weak Top10 MOM10
2024-12-13,1.3206039265770622,1.1758366358657184,Weak Top10 MOM10
2024-12-16,1.322932532846256,1.177909975575469,Weak Top10 MOM10
2024-12-17,1.324384222827748,1.1792025283460652,Weak Top10 MOM10
2024-12-18,1.3226180714125595,1.1776299860442658,Weak Top10 MOM10
2024-12-19,1.2974018822629585,1.155178046880438,Weak Top10 MOM10
2024-12-20,1.2730327079510892,1.1334802710636087,Weak Top10 MOM10
2024-12-23,1.3179473094257994,1.1734712424945046,Weak Top10 MOM10
2024-12-24,1.319489176813267,1.1748440872402643,Weak Top10 MOM10
2024-12-25,1.342824028560168,1.1956209250372105,Weak Top10 MOM10
2024-12-26,1.3518152895555544,1.2036265456992725,Weak Top10 MOM10
2024-12-27,1.3385457494005135,1.191811639548092,Weak Top10 MOM10
2024-12-30,1.320052169107766,1.1753453631733886,Weak Top10 MOM10
2024-12-31,1.3156398502553586,1.171416731695494,Weak Top10 MOM10
2025-01-02,1.3260576379738338,1.180692500317359,Weak Top10 MOM10
2025-01-03,1.3114474897458746,1.1679175882073383,Weak Top10 MOM10
2025-01-06,1.3150176228768227,1.1679175882073383,Weak Top10 MOM10
2025-01-07,1.3231371744323028,1.1679175882073383,Weak Top10 MOM10
2025-01-08,1.347906775382913,1.1679175882073383,Weak Top10 MOM10
2025-01-09,1.3709672161381536,1.1679175882073383,Weak Top10 MOM10
2025-01-10,1.3569356158547627,1.1679175882073383,Weak Top10 MOM10
2025-01-13,1.3356084936345032,1.1679175882073383,Weak Top10 MOM10
2025-01-14,1.3443338650177767,1.1679175882073383,Weak Top10 MOM10
2025-01-15,1.3631385164413696,1.1679175882073383,Weak Top10 MOM10
2025-01-16,1.3894514466053594,1.1679175882073383,Weak Top10 MOM10
2025-01-17,1.4082945664872768,1.1671001772863219,Weak Top10 MOM10
2025-01-20,1.4093383155220507,1.167965166552428,Weak Top10 MOM10
2025-01-21,1.4198528482810289,1.176678906801881,Weak Top10 MOM10
2025-01-22,1.4452401964373218,1.1977182399351078,Weak Top10 MOM10
2025-01-23,1.436615944018964,1.1905710373782357,Weak Top10 MOM10
2025-01-24,1.4550043989328185,1.2058101567362771,Weak Top10 MOM10
2025-01-27,1.3990241114289896,1.1594174452787427,Weak Top10 MOM10
2025-02-05,1.4103654572381166,1.1688163927855226,Weak Top10 MOM10
2025-02-06,1.43095673659952,1.1858810654506948,Weak Top10 MOM10
2025-02-07,1.4458423598175294,1.198217272598103,Weak Top10 MOM10
2025-02-10,1.4363259839481128,1.1903307378995969,Weak Top10 MOM10
2025-02-11,1.4135002359727025,1.1714142873623754,Weak Top10 MOM10
2025-02-12,1.437101430950612,1.1909733764182915,Weak Top10 MOM10
2025-02-13,1.4445885394267217,1.1971781902674463,Weak Top10 MOM10
2025-02-14,1.4837316238006062,1.229617355907518,Weak Top10 MOM10
2025-02-17,1.514476267498476,1.2550964566327945,Weak Top10 MOM10
2025-02-18,1.5335098635729232,1.2708702257585904,Weak Top10 MOM10
2025-02-19,1.5635775399139968,1.295788301297137,Weak Top10 MOM10
2025-02-20,1.547365229803337,1.2823526249445913,Weak Top10 MOM10
2025-02-21,1.6256629787116985,1.3472405530859333,Weak Top10 MOM10
2025-02-24,1.6170535737489993,1.3401056551054924,Weak Top10 MOM10
2025-02-25,1.5887256609025964,1.3166293789826258,Weak Top10 MOM10
2025-02-26,1.6547632189516341,1.3713568824046054,Weak Top10 MOM10
2025-02-27,1.6503463705098658,1.3676964943564622,Weak Top10 MOM10
2025-02-28,1.5822532598577213,1.3112654866644269,Weak Top10 MOM10
2025-03-03,1.5794625878693378,1.308952764702775,Weak Top10 MOM10
2025-03-04,1.5847662010823933,1.3133480439778022,Weak Top10 MOM10
2025-03-05,1.6149545446661961,1.3383661204421022,Weak Top10 MOM10
2025-03-06,1.6547194026350387,1.3713205703772187,Weak Top10 MOM10
2025-03-07,1.6457856047392392,1.3639168372689991,Weak Top10 MOM10
2025-03-10,1.6159046459565558,1.3394884565853913,Weak Top10 MOM10
2025-03-11,1.628148522627862,1.3394884565853913,Weak Top10 MOM10
2025-03-12,1.6219057578957432,1.3394884565853913,Weak Top10 MOM10
2025-03-13,1.618337883366053,1.3394884565853913,Weak Top10 MOM10
2025-03-14,1.6445271524424845,1.3394884565853913,Weak Top10 MOM10
2025-03-17,1.6467929977077207,1.3394884565853913,Weak Top10 MOM10
2025-03-18,1.654026751247545,1.3394884565853913,Weak Top10 MOM10
2025-03-19,1.650137285280094,1.3394884565853913,Weak Top10 MOM10
2025-03-20,1.6412951828499394,1.3394884565853913,Weak Top10 MOM10
2025-03-21,1.6243552018782597,1.3394884565853913,Weak Top10 MOM10
2025-03-24,1.6305039406894732,1.3384840076790097,Weak Top10 MOM10
2025-03-25,1.6433158084469495,1.349001296030137,Weak Top10 MOM10
2025-03-26,1.639574688185187,1.3459302027833118,Weak Top10 MOM10
2025-03-27,1.6345073214212973,1.341770391080163,Weak Top10 MOM10
2025-03-28,1.6256448133042758,1.3344951401061955,Weak Top10 MOM10
2025-03-31,1.6200485909581788,1.32990118977787,Weak Top10 MOM10
2025-04-01,1.6397010445245424,1.3460339289597874,Weak Top10 MOM10
2025-04-02,1.6390644636064942,1.3455113583868876,Weak Top10 MOM10
2025-04-03,1.6478728110414524,1.3527421487465767,Weak Top10 MOM10
2025-04-07,1.548055878177009,1.27080222514349,Weak Top10 MOM10
2025-04-08,1.5827180321227212,1.2995814345575332,Weak Top10 MOM10
2025-04-09,1.584410962974352,1.2995814345575332,Weak Top10 MOM10
2025-04-10,1.627137060091119,1.2995814345575332,Weak Top10 MOM10
2025-04-11,1.652044698976845,1.2995814345575332,Weak Top10 MOM10
2025-04-14,1.7073491569354018,1.2995814345575332,Weak Top10 MOM10
2025-04-15,1.6897364588669486,1.2995814345575332,Weak Top10 MOM10
2025-04-16,1.6547437827285145,1.2995814345575332,Weak Top10 MOM10
2025-04-17,1.653486968272675,1.2995814345575332,Weak Top10 MOM10
2025-04-18,1.6470650742293593,1.2995814345575332,Weak Top10 MOM10
2025-04-21,1.6725053017859681,1.2995814345575332,Weak Top10 MOM10
2025-04-22,1.7267310247736392,1.298606910929294,Weak Top10 MOM10
2025-04-23,1.7262062353572856,1.298212237321719,Weak Top10 MOM10
2025-04-24,1.7274423569621584,1.2991418760644105,Weak Top10 MOM10
2025-04-25,1.7275397368453438,1.2992151116682629,Weak Top10 MOM10
2025-04-28,1.7242106235637633,1.2967114156943669,Weak Top10 MOM10
2025-04-29,1.7196055025393073,1.293248084172419,Weak Top10 MOM10
2025-04-30,1.716043371531545,1.2905691446746346,Weak Top10 MOM10
2025-05-06,1.731874756318973,1.302475310371304,Weak Top10 MOM10
2025-05-07,1.744124136888247,1.3116875907054386,Weak Top10 MOM10
2025-05-08,1.7545719528274548,1.3195449846991272,Weak Top10 MOM10
2025-05-09,1.7520865457564785,1.3176758071882493,Weak Top10 MOM10
2025-05-12,1.771388943157634,1.3321923858000977,Weak Top10 MOM10
2025-05-13,1.7607486979073785,1.324190273243062,Weak Top10 MOM10
2025-05-14,1.781316826715929,1.3396587589727194,Weak Top10 MOM10
2025-05-15,1.768896888084292,1.330318208586491,Weak Top10 MOM10
2025-05-16,1.775760048341467,1.3354797231552997,Weak Top10 MOM10
2025-05-19,1.766974965870435,1.3288728060116979,Weak Top10 MOM10
2025-05-20,1.7887843481022256,1.345274789924053,Weak Top10 MOM10
2025-05-21,1.7829199823521973,1.3408644296641496,Weak Top10 MOM10
2025-05-22,1.7753844354789767,1.3351972394030154,Weak Top10 MOM10
2025-05-23,1.7736900849860409,1.3339229846244223,Weak Top10 MOM10
2025-05-26,1.7803652987233787,1.338943151961934,Weak Top10 MOM10
2025-05-27,1.7752110430544785,1.3350668377379467,Weak Top10 MOM10
2025-05-28,1.7862568556499947,1.3433739616429263,Weak Top10 MOM10
2025-05-29,1.7886777110811083,1.3451945923885962,Weak Top10 MOM10
2025-05-30,1.7826981920931468,1.3406976298794424,Weak Top10 MOM10
2025-06-03,1.7869366261184028,1.3438851904420013,Weak Top10 MOM10
2025-06-04,1.7897545844127245,1.3460044667295148,Weak Top10 MOM10
2025-06-05,1.7841785093516374,1.341810918628335,Weak Top10 MOM10
2025-06-06,1.7958541966824988,1.3505917467018291,Weak Top10 MOM10
2025-06-09,1.7981910863647674,1.3523492300897653,Weak Top10 MOM10
2025-06-10,1.845472679725485,1.3879078683588757,Weak Top10 MOM10
2025-06-11,1.8518753776096355,1.3927230871750433,Weak Top10 MOM10
2025-06-12,1.9192242475949035,1.4433735398230536,Weak Top10 MOM10
2025-06-13,1.881653481124789,1.4151180348908958,Weak Top10 MOM10
2025-06-16,1.8740930969619227,1.409432165475035,Weak Top10 MOM10
2025-06-17,1.8076643039497884,1.359473666755434,Weak Top10 MOM10
2025-06-18,1.8078996643453888,1.3596506721094241,Weak Top10 MOM10
2025-06-19,1.754409422224247,1.3194227517852948,Weak Top10 MOM10
2025-06-20,1.7638917768066877,1.3265540600295849,Weak Top10 MOM10
2025-06-23,1.814562264750987,1.3646613534531522,Weak Top10 MOM10
2025-06-24,1.7977433012507937,1.3520124684081398,Weak Top10 MOM10
2025-06-25,1.819313190129685,1.3682343387308653,Weak Top10 MOM10
2025-06-26,1.8275641864720844,1.3744395905729678,Weak Top10 MOM10
2025-06-27,1.7921981938835667,1.3478422098990765,Weak Top10 MOM10
2025-06-30,1.7858253213893207,1.3430494215928699,Weak Top10 MOM10
2025-07-01,1.801590192215044,1.354905564738775,Weak Top10 MOM10
2025-07-02,1.8139598095028657,1.364208270409232,Weak Top10 MOM10
2025-07-03,1.8194324396557737,1.368324021638326,Weak Top10 MOM10
2025-07-04,1.8443861084265347,1.38709070055579,Weak Top10 MOM10
2025-07-07,1.8490061473982689,1.3905652512827877,Weak Top10 MOM10
2025-07-08,1.858313461462582,1.3975649183952097,Weak Top10 MOM10
2025-07-09,1.862741200741648,1.4008948480397772,Weak Top10 MOM10
2025-07-10,1.873777356179776,1.4091947091741548,Weak Top10 MOM10
2025-07-11,1.8732456893935487,1.4087948633655138,Weak Top10 MOM10
2025-07-14,1.8831877126135146,1.4162718704250004,Weak Top10 MOM10
2025-07-15,1.8665200496020526,1.4037367725636745,Weak Top10 MOM10
2025-07-16,1.8652646674773699,1.4027926487368707,Weak Top10 MOM10
2025-07-17,1.870868926554859,1.407007392935157,Weak Top10 MOM10
2025-07-18,1.8815380822013719,1.4150312478711962,Weak Top10 MOM10
2025-07-21,1.911812746361621,1.43779963943914,Weak Top10 MOM10
2025-07-22,1.9264690801828197,1.4488220952333715,Weak Top10 MOM10
2025-07-23,1.935166912474238,1.4553633949272364,Weak Top10 MOM10
2025-07-24,1.9544571273014302,1.469870811501388,Weak Top10 MOM10
2025-07-25,1.9490249987083073,1.4657855199123224,Weak Top10 MOM10
2025-07-28,1.9567893638774108,1.4716247954699608,Weak Top10 MOM10
2025-07-29,1.966099477037004,1.4786265676725345,Weak Top10 MOM10
2025-07-30,1.9505125976686146,1.4669042849445313,Weak Top10 MOM10
2025-07-31,1.9256901426063797,1.4482362867284941,Weak Top10 MOM10
2025-08-01,1.9233338132992264,1.4464641835585197,Weak Top10 MOM10
2025-08-04,1.9352327555229012,1.4554129129105262,Weak Top10 MOM10
2025-08-05,1.944227017205205,1.4621771455627295,Weak Top10 MOM10
2025-08-06,1.967689670835398,1.4798224902723396,Weak Top10 MOM10
2025-08-07,1.9609807687998226,1.474776987282499,Weak Top10 MOM10
2025-08-08,1.9374774150086869,1.4571010335726928,Weak Top10 MOM10
2025-08-11,1.9746103764201284,1.485027282432726,Weak Top10 MOM10
2025-08-12,1.9919485859613812,1.4980666721294293,Weak Top10 MOM10
2025-08-13,2.0268080247957463,1.524283093524509,Weak Top10 MOM10
2025-08-14,2.008241209216067,1.5103197172488776,Weak Top10 MOM10
2025-08-15,2.0566309616733656,1.5467117586598687,Weak Top10 MOM10
2025-08-18,2.1083508518038747,1.5856082664496607,Weak Top10 MOM10
2025-08-19,2.0987718817025702,1.5784042974500474,Weak Top10 MOM10
2025-08-20,2.1197210039479675,1.594159313451652,Weak Top10 MOM10
2025-08-21,2.128110649751957,1.6004688381344196,Weak Top10 MOM10
2025-08-22,2.172374661654608,1.6337580713372426,Weak Top10 MOM10
2025-08-25,2.2190279994898616,1.6688442231823,Weak Top10 MOM10
2025-08-26,2.204877514435974,1.6582021964738327,Weak Top10 MOM10
2025-08-27,2.175585760470835,1.636173013244582,Weak Top10 MOM10
2025-08-28,2.212241656486728,1.6637404798676974,Weak Top10 MOM10
2025-08-29,2.231452836498323,1.6781884574462747,Weak Top10 MOM10
2025-09-01,2.234434605004686,1.6804309289914086,Weak Top10 MOM10
2025-09-02,2.153322500148865,1.6194296853613537,Weak Top10 MOM10
2025-09-03,2.1473220577935828,1.61491698720547,Weak Top10 MOM10
2025-09-04,2.0341196048871155,1.5297818471232116,Weak Top10 MOM10
2025-09-05,2.13446069354337,1.6052444578655318,Weak Top10 MOM10
2025-09-08,2.117376975848367,1.5923964615390604,Weak Top10 MOM10
2025-09-09,2.0779331515049995,1.5627323029927154,Weak Top10 MOM10
2025-09-10,2.1133086280748525,1.5893368161982684,Weak Top10 MOM10
2025-09-11,2.2423773709730495,1.6864043728170115,Weak Top10 MOM10
2025-09-12,2.2277578626226227,1.6754096120199482,Weak Top10 MOM10
2025-09-15,2.226671019704656,1.6745922399428177,Weak Top10 MOM10
2025-09-16,2.2440733694296973,1.687679866964698,Weak Top10 MOM10
2025-09-17,2.305466310103754,1.7338510979773876,Weak Top10 MOM10
2025-09-18,2.265378125751036,1.703702341454135,Weak Top10 MOM10
2025-09-19,2.2682698177885396,1.705877070007862,Weak Top10 MOM10
2025-09-22,2.2617493352605957,1.7009732699649505,Weak Top10 MOM10
2025-09-23,2.244586095019496,1.6880654678398603,Weak Top10 MOM10
2025-09-24,2.2931435432770355,1.7245836267074808,Weak Top10 MOM10
2025-09-25,2.305027695196385,1.7335212328497136,Weak Top10 MOM10
2025-09-26,2.261859872899908,1.7010564010028884,Weak Top10 MOM10
2025-09-29,2.2850152335526226,1.7184706426753091,Weak Top10 MOM10
2025-09-30,2.302727280843709,1.7317911811314515,Weak Top10 MOM10
2025-10-09,2.3664026040934645,1.7796789028677473,Weak Top10 MOM10
2025-10-10,2.2584064078225183,1.6984591849039072,Weak Top10 MOM10
2025-10-13,2.30934454254428,1.7367677650072844,Weak Top10 MOM10
2025-10-14,2.1866057038877136,1.644460681951458,Weak Top10 MOM10
2025-10-15,2.1998394281924183,1.6544132487339278,Weak Top10 MOM10
2025-10-16,2.1869477359114953,1.644717910867525,Weak Top10 MOM10
2025-10-17,2.10748953735569,1.5849605055194123,Weak Top10 MOM10
2025-10-20,2.1192812412739865,1.5938285851335716,Weak Top10 MOM10
2025-10-21,2.1661036668815052,1.629041901283009,Weak Top10 MOM10
2025-10-22,2.163114734831115,1.6267940423164142,Weak Top10 MOM10
2025-10-23,2.1780807632237265,1.6380494072927614,Weak Top10 MOM10
2025-10-24,2.1651606763640916,1.6283327149735696,Weak Top10 MOM10
2025-10-27,2.17789397702692,1.6379089326950629,Weak Top10 MOM10
2025-10-28,2.1707646614011837,1.6325472530767846,Weak Top10 MOM10
2025-10-29,2.1733766425012786,1.6345116219675588,Weak Top10 MOM10
2025-10-30,2.1669437578214987,1.629673700842311,Weak Top10 MOM10
2025-10-31,2.1635090283199565,1.627090575037607,Weak Top10 MOM10
2025-11-03,2.1943386864947874,1.650276355910845,Weak Top10 MOM10
2025-11-04,2.1912954894792143,1.6479876863849932,Weak Top10 MOM10
2025-11-05,2.1594388211765994,1.6240295313374336,Weak Top10 MOM10
2025-11-06,2.187558494009338,1.645177238160187,Weak Top10 MOM10
2025-11-07,2.1549474809652365,1.6206517699176577,Weak Top10 MOM10
2025-11-10,2.177725937202345,1.6377825565111792,Weak Top10 MOM10
2025-11-11,2.1606291942357565,1.6249247643870675,Weak Top10 MOM10
2025-11-12,2.150244315890691,1.617114703297889,Weak Top10 MOM10
2025-11-13,2.1642057278967015,1.6276145355573537,Weak Top10 MOM10
2025-11-14,2.1152136620651554,1.590769517800237,Weak Top10 MOM10
2025-11-17,2.1290042608409006,1.6011408881058022,Weak Top10 MOM10
2025-11-18,2.1127503069702587,1.588916924718622,Weak Top10 MOM10
2025-11-19,2.1201806769448726,1.5945050155453682,Weak Top10 MOM10
2025-11-20,2.1106352009906377,1.587326236184579,Weak Top10 MOM10
2025-11-21,2.052429316359208,1.543551865448965,Weak Top10 MOM10
2025-11-24,2.049024959311161,1.5409915815793656,Weak Top10 MOM10
2025-11-25,2.063324099962507,1.5517454063521743,Weak Top10 MOM10
2025-11-26,2.059483646697472,1.5488571515634881,Weak Top10 MOM10
2025-11-27,2.066330625471202,1.5540064966710843,Weak Top10 MOM10
2025-11-28,2.0725320995477197,1.5586703829267736,Weak Top10 MOM10
2025-12-01,2.084211274470424,1.5674538338817734,Weak Top10 MOM10
2025-12-02,2.086771780282285,1.5697720313634105,Weak Top10 MOM10
2025-12-03,2.0746370503882545,1.5697720313634105,Weak Top10 MOM10
2025-12-04,2.1036403728375963,1.5697720313634105,Weak Top10 MOM10
2025-12-05,2.1231859517526526,1.5697720313634105,Weak Top10 MOM10
2025-12-08,2.2098811681803787,1.5697720313634105,Weak Top10 MOM10
2025-12-09,2.257502670391958,1.5697720313634105,Weak Top10 MOM10
2025-12-10,2.2714646384830193,1.5697720313634105,Weak Top10 MOM10
2025-12-11,2.2086811933790536,1.5697720313634105,Weak Top10 MOM10
2025-12-12,2.2303572283829336,1.5697720313634105,Weak Top10 MOM10
2025-12-15,2.192627353155573,1.5697720313634105,Weak Top10 MOM10
2025-12-16,2.131109680663342,1.5685948985613922,Weak Top10 MOM10
2025-12-17,2.1230756609879355,1.5626814899780002,Weak Top10 MOM10
2025-12-18,2.174674099863053,1.6006603179696444,Weak Top10 MOM10
2025-12-19,2.19802872967594,1.6178504013870691,Weak Top10 MOM10
2025-12-22,2.2198566206294186,1.63391673467186,Weak Top10 MOM10
2025-12-23,2.151909505410633,1.5839045277586168,Weak Top10 MOM10
2025-12-24,2.2391342586313745,1.6481059643021099,Weak Top10 MOM10
2025-12-25,2.342059468795702,1.7238636604272901,Weak Top10 MOM10
2025-12-26,2.3973952933203058,1.7645933764266863,Weak Top10 MOM10
2025-12-29,2.436812634138064,1.7936063551028218,Weak Top10 MOM10
2025-12-30,2.419235828690574,1.780669016584723,Weak Top10 MOM10
2025-12-31,2.5024681982837396,1.8419318748616267,Weak Top10 MOM10
2026-01-05,2.559199705915848,1.8836888779229253,Weak Top10 MOM10
2026-01-06,2.697179494862128,1.9852483588870133,Weak Top10 MOM10
2026-01-07,2.668415151383094,1.9640764770026253,Weak Top10 MOM10
2026-01-08,2.7422865556862637,2.018449233595543,Weak Top10 MOM10
2026-01-09,2.8405718439970746,2.090791733489769,Weak Top10 MOM10
2026-01-12,3.002710003799753,2.2101328883051563,Weak Top10 MOM10
2026-01-13,2.8745730497621187,2.1158181872626147,Weak Top10 MOM10
2026-01-14,2.892184408997833,2.128780958960632,Weak Top10 MOM10
2026-01-15,2.755556820308812,2.0282167596775458,Weak Top10 MOM10
2026-01-16,2.7228418675384525,2.004137047362463,Weak Top10 MOM10
2026-01-19,2.7185219390263327,2.0009573809718755,Weak Top10 MOM10
2026-01-20,2.718558416165156,2.0009842298264373,Weak Top10 MOM10
2026-01-21,2.76987522393766,2.0387557643526892,Weak Top10 MOM10
2026-01-22,2.7657585047500395,2.0357256693861547,Weak Top10 MOM10
2026-01-23,2.828444682707137,2.081865584119782,Weak Top10 MOM10
2026-01-26,2.922190736857812,2.1508669985637527,Weak Top10 MOM10
2026-01-27,2.899803675681092,2.1343890902354237,Weak Top10 MOM10
2026-01-28,3.0335406673697705,2.2328256769654464,Weak Top10 MOM10
2026-01-29,3.073246277072654,2.2620508348206845,Weak Top10 MOM10
2026-01-30,2.944781360428273,2.1674947381913605,Weak Top10 MOM10
2026-02-02,2.725152584458572,2.00583784146321,Weak Top10 MOM10
2026-02-03,2.8105925753665115,2.0687256107260334,Weak Top10 MOM10
2026-02-04,2.828156226544813,2.0816532670960335,Weak Top10 MOM10
2026-02-05,2.7399905153985205,2.01675924217233,Weak Top10 MOM10
2026-02-06,2.7519698299718263,2.0255765695480386,Weak Top10 MOM10
2026-02-09,2.7992201396499756,2.0603549741459295,Weak Top10 MOM10
2026-02-10,2.802863433726545,2.063036606421508,Weak Top10 MOM10
2026-02-11,2.837386802969125,2.0884473965682666,Weak Top10 MOM10
2026-02-12,2.8608474800986623,2.1057155356960164,Weak Top10 MOM10
2026-02-13,2.851236466838551,2.0986413871870933,Weak Top10 MOM10
2026-02-24,2.8405800205188925,2.090797751786494,Weak Top10 MOM10
2026-02-25,2.844114937764521,2.093399613721917,Weak Top10 MOM10
2026-02-26,2.8321547629313675,2.08459637407667,Weak Top10 MOM10
2026-02-27,2.8450427850008966,2.0940825520309256,Weak Top10 MOM10
2026-03-02,2.8359759957220882,2.087408977442947,Weak Top10 MOM10
2026-03-03,2.8101927535346567,2.0684313234392406,Weak Top10 MOM10
2026-03-04,2.754375947536659,2.027347582918106,Weak Top10 MOM10
2026-03-05,2.7914232605354594,2.0546161119396804,Weak Top10 MOM10
2026-03-06,2.801229682122955,2.0618340899794125,Weak Top10 MOM10
2026-03-09,2.837038974179843,2.0881913785559654,Weak Top10 MOM10
2026-03-10,2.812039123732,2.0697903369610167,Weak Top10 MOM10
2026-03-11,2.864377727448525,2.1083139603730285,Weak Top10 MOM10
2026-03-12,2.9244034710621403,2.1524956728719196,Weak Top10 MOM10
2026-03-13,2.872290862683587,2.1141383924395565,Weak Top10 MOM10
2026-03-16,2.8061077464088715,2.0654245700110927,Weak Top10 MOM10
2026-03-17,2.7875917059355664,2.0517959112463586,Weak Top10 MOM10
2026-03-18,2.7915823834846667,2.054733233760596,Weak Top10 MOM10
2026-03-19,2.8118022414349473,2.069615980677955,Weak Top10 MOM10
2026-03-20,2.819590936752582,2.0758679159858824,Weak Top10 MOM10
2026-03-23,2.732367066857124,2.0758679159858824,Weak Top10 MOM10
2026-03-24,2.77953432175265,2.0758679159858824,Weak Top10 MOM10
2026-03-25,2.7991628150560213,2.0758679159858824,Weak Top10 MOM10
2026-03-26,2.8039532619394425,2.0758679159858824,Weak Top10 MOM10
2026-03-27,2.7989029597201203,2.0758679159858824,Weak Top10 MOM10
2026-03-30,2.8103415732752897,2.0758679159858824,Weak Top10 MOM10
2026-03-31,2.8243375960176276,2.0758679159858824,Weak Top10 MOM10
2026-04-01,2.8254737990431282,2.0758679159858824,Weak Top10 MOM10
2026-04-02,2.835267301127813,2.0758679159858824,Weak Top10 MOM10
2026-04-03,2.804228620303325,2.0758679159858824,Weak Top10 MOM10
2026-04-07,2.8067686281550466,2.0758679159858824,Weak Top10 MOM10
2026-04-08,2.820182294876587,2.0758679159858824,Weak Top10 MOM10
2026-04-09,2.7720998455600614,2.0758679159858824,Weak Top10 MOM10
2026-04-10,2.772861473800374,2.0758679159858824,Weak Top10 MOM10
2026-04-13,2.7601517623127902,2.0758679159858824,Weak Top10 MOM10
2026-04-14,2.7696565405973557,2.0758679159858824,Weak Top10 MOM10
2026-04-15,2.887921406798777,2.0758679159858824,Weak Top10 MOM10
2026-04-16,2.8975590217608547,2.0758679159858824,Weak Top10 MOM10
2026-04-17,2.8598347049711212,2.0758679159858824,Weak Top10 MOM10
2026-04-20,2.8432914302905736,2.0743112745323824,Weak Top10 MOM10
2026-04-21,2.8293098108273673,2.0641110430050134,Weak Top10 MOM10
2026-04-22,2.9224406062658077,2.132054222141027,Weak Top10 MOM10
2026-04-23,2.874090523581061,2.0967806231813544,Weak Top10 MOM10
2026-04-24,2.865763279168816,2.090705517131342,Weak Top10 MOM10
2026-04-27,2.9407271067767025,2.1453950614856643,Weak Top10 MOM10
2026-04-28,2.8890348752323973,2.1076832119173163,Weak Top10 MOM10
2026-04-29,2.9085734351453456,2.1219374859195472,Weak Top10 MOM10
2026-04-30,3.011471239672223,2.1970061453544742,Weak Top10 MOM10
2026-05-06,3.126376382009566,2.2808347074613633,Weak Top10 MOM10
2026-05-07,3.215953365452648,2.3461852180404343,Weak Top10 MOM10
2026-05-08,3.1977222781085306,2.332884805137976,Weak Top10 MOM10
2026-05-11,3.2319170496728162,2.35783145655408,Weak Top10 MOM10
2026-05-12,3.2294106488230447,2.3560029223821024,Weak Top10 MOM10
2026-05-13,3.2327763094925905,2.358458325932619,Weak Top10 MOM10
2026-05-14,3.1878594938650586,2.3256894524785316,Weak Top10 MOM10
2026-05-15,3.1659633737291055,2.309715230356011,Weak Top10 MOM10
2026-05-18,3.145431957606787,2.2947366222925067,Weak Top10 MOM10
2026-05-19,3.1638673764708405,2.3081861043937932,Weak Top10 MOM10
2026-05-20,3.158625349361636,2.304361805618723,Weak Top10 MOM10
2026-05-21,3.113453851854539,2.2714071300732384,Weak Top10 MOM10
2026-05-22,3.1439196783714753,2.29363334535275,Weak Top10 MOM10
2026-05-25,3.3034820757922727,2.410041419613204,Weak Top10 MOM10
2026-05-26,3.224339793662953,2.352303501380779,Weak Top10 MOM10
2026-05-27,3.1091156264913526,2.2682421960511916,Weak Top10 MOM10
2026-05-28,3.15271534559733,2.3000501872913763,Weak Top10 MOM10
2026-05-29,2.971411683759463,2.16778086524518,Weak Top10 MOM10
2026-06-01,2.816964055547076,2.0551042492948413,Weak Top10 MOM10
2026-06-02,2.8617248877416426,2.087759325693096,Weak Top10 MOM10
2026-06-03,2.937676236573164,2.1431693119923425,Weak Top10 MOM10
2026-06-04,3.044248859884138,2.220918919976725,Weak Top10 MOM10
2026-06-05,2.9593739440288007,2.1589987829805253,Weak Top10 MOM10
2026-06-08,2.856911229763156,2.0842475418111683,Weak Top10 MOM10
2026-06-09,2.9684210267006925,2.1655990439977413,Weak Top10 MOM10
2026-06-10,2.859713165830451,2.0862916824549975,Weak Top10 MOM10
2026-06-11,2.85870137718239,2.085553536312904,Weak Top10 MOM10
2026-06-12,2.8973969706311227,2.11378374335757,Weak Top10 MOM10
2026-06-15,3.0237686661688223,2.205977681004277,Weak Top10 MOM10
2026-06-16,3.0438381797282834,2.2206193100006106,Weak Top10 MOM10
2026-06-17,3.0552220918495148,2.2289243950896,Weak Top10 MOM10
2026-06-18,3.071702521846669,2.240947623306042,Weak Top10 MOM10
2026-06-22,3.1658534320072866,2.309635022836415,Weak Top10 MOM10
2026-06-23,3.161741085857523,2.3066348780421255,Weak Top10 MOM10
2026-06-24,3.3350471986858277,2.433069621929211,Weak Top10 MOM10
2026-06-25,3.433616400670111,2.5049803676302815,Weak Top10 MOM10
2026-06-26,3.540280788570502,2.582796922083957,Weak Top10 MOM10
2026-06-29,3.856855892833147,2.8137529545934914,Weak Top10 MOM10
2026-06-30,3.994569197350782,2.9142211152508213,Weak Top10 MOM10
2026-07-01,4.014382331565448,2.928675703777156,Weak Top10 MOM10
2026-07-02,3.616549305143158,2.638438296771445,Weak Top10 MOM10
2026-07-03,3.5021363243713934,2.5549687890595765,Weak Top10 MOM10
2026-07-06,3.5020032948344344,2.5548717379217933,Weak Top10 MOM10
2026-07-07,3.3499702380666903,2.44395666238811,Weak Top10 MOM10
2026-07-08,3.310977289066696,2.415509520854789,Weak Top10 MOM10
2026-07-09,3.361282710503597,2.4522096289566173,Weak Top10 MOM10
2026-07-10,3.447487687193209,2.5151001062264027,Weak Top10 MOM10
2026-07-13,3.374092006743833,2.461554597019646,Weak Top10 MOM10
2026-07-14,3.444286246169971,2.512764508426435,Weak Top10 MOM10
2026-07-15,3.573303086908643,2.606888200601537,Weak Top10 MOM10
2026-07-16,3.5367445221769453,2.58021705384683,Weak Top10 MOM10
2026-07-17,3.2978730290322256,2.4059493631993605,Weak Top10 MOM10
2026-07-20,3.3920885895885906,2.47468392815336,Weak Top10 MOM10
2026-07-21,3.393726607187841,2.475878936986366,Weak Top10 MOM10
2026-07-22,3.3234728654775645,2.4246256159390684,Weak Top10 MOM10
2026-07-23,3.3638784032018134,2.454103305620139,Weak Top10 MOM10
2026-07-24,3.3052637076206035,2.411341201601501,Weak Top10 MOM10
2026-07-27,3.364811249281352,2.45478385954422,Weak Top10 MOM10
2026-07-28,3.370607115406643,2.459012209238273,Weak Top10 MOM10
2026-07-29,3.4542676797960916,2.520046421242717,Weak Top10 MOM10
2026-07-30,3.456985717014096,2.5220293538347978,Weak Top10 MOM10
2026-07-31,3.4469288923979087,2.5146924398395893,Weak Top10 MOM10
2026-08-03,3.4271769447614444,2.500282489723395,Weak Top10 MOM10
2026-08-04,3.3617267949307887,2.4525336088780403,Weak Top10 MOM10
2026-08-05,3.3417187535232387,2.4379368266309425,Weak Top10 MOM10
2026-08-06,3.328580980115857,2.4283522194356117,Weak Top10 MOM10
2026-08-07,3.3140861679704408,2.4177775903507586,Weak Top10 MOM10
2026-08-10,3.336219057910035,2.433924546885211,Weak Top10 MOM10
2026-08-11,3.331296932116097,2.430333630765864,Weak Top10 MOM10
2026-08-12,3.3150723934084554,2.4184970869607474,Weak Top10 MOM10
2026-08-13,3.313569702130633,2.41740080487495,Weak Top10 MOM10
2026-08-14,3.310168269820424,2.414919304274815,Weak Top10 MOM10
2026-08-17,3.3935293990146516,2.475735064595123,Weak Top10 MOM10
2026-08-18,3.3863417069513706,2.470491314156496,Weak Top10 MOM10
2026-08-19,3.207587381436369,2.34008184967564,Weak Top10 MOM10
2026-08-20,3.2453189595556933,2.3676087634014045,Weak Top10 MOM10
2026-08-21,3.252364445075161,2.3727487676555916,Weak Top10 MOM10
2026-08-24,3.210766664771219,2.3424012824274696,Weak Top10 MOM10
2026-08-25,3.2410373903228855,2.364485162620391,Weak Top10 MOM10
2026-08-26,3.239965819125139,2.3637034023712418,Weak Top10 MOM10
2026-08-27,3.3117761560460397,2.416092330891231,Weak Top10 MOM10
2026-08-28,3.3056731477589394,2.411639906928063,Weak Top10 MOM10
2026-08-31,3.3043195544647275,2.410652398647553,Weak Top10 MOM10
2026-09-01,3.3031509993342887,2.40979988417923,Weak Top10 MOM10
2026-09-02,3.269765108775568,2.385443348490174,Weak Top10 MOM10
2026-09-03,3.266172423141372,2.382822319833923,Weak Top10 MOM10
2026-09-04,3.275220191487845,2.3894230810821395,Weak Top10 MOM10
2026-09-07,3.2485650363240217,2.369976925021001,Weak Top10 MOM10
2026-09-08,3.282592870925819,2.3948017882799943,Weak Top10 MOM10
2026-09-09,3.311689984553216,2.4160294648419747,Weak Top10 MOM10
2026-09-10,3.2943310190952784,2.4033653047843693,Weak Top10 MOM10
2026-09-11,3.2606875850676467,2.378820879343474,Weak Top10 MOM10
2022-01-13,0.9996999999999999,0.99975,Negative median60
2022-01-14,0.9796322089973472,0.99975,Negative median60
2022-01-17,0.9817285363589482,0.99975,Negative median60
2022-01-18,0.9956456553248488,0.99975,Negative median60
2022-01-19,1.0008939411627908,0.99975,Negative median60
2022-01-20,1.0099871491482644,0.99975,Negative median60
2022-01-21,1.006122132984746,0.99975,Negative median60
2022-01-24,1.0057434792381181,0.99975,Negative median60
2022-01-25,0.9838298039712604,0.99975,Negative median60
2022-01-26,0.9841786536360162,0.99975,Negative median60
2022-01-27,0.9736190507184653,0.99975,Negative median60
2022-01-28,0.9683736945399505,0.99975,Negative median60
2022-02-07,0.9898854217879753,0.99975,Negative median60
2022-02-08,0.9898236218110854,0.99975,Negative median60
2022-02-09,0.993334625696742,0.99975,Negative median60
2022-02-10,0.9899013146001399,0.99975,Negative median60
2022-02-11,0.9912541981208622,0.99975,Negative median60
2022-02-14,0.9723231407589951,0.99975,Negative median60
2022-02-15,0.9686389996885398,0.99975,Negative median60
2022-02-16,0.9740939628893402,0.99975,Negative median60
2022-02-17,0.9747894991286506,0.99975,Negative median60
2022-02-18,0.9840682158868963,0.99975,Negative median60
2022-02-21,0.9890704336066021,0.99975,Negative median60
2022-02-22,0.9931503874584439,0.99975,Negative median60
2022-02-23,0.9937114985862834,0.99975,Negative median60
2022-02-24,0.9791569020999967,0.99975,Negative median60
2022-02-25,0.9836149071887307,0.99975,Negative median60
2022-02-28,0.9972214427044419,0.99975,Negative median60
2022-03-01,0.9936337482886332,0.99975,Negative median60
2022-03-02,1.0006131437314711,0.99975,Negative median60
2022-03-03,1.0057780728567647,0.99975,Negative median60
2022-03-04,0.9954381490646855,0.99975,Negative median60
2022-03-07,0.9774351782525033,0.99975,Negative median60
2022-03-08,0.9676855479973879,0.99975,Negative median60
2022-03-09,0.9701973339048993,0.99975,Negative median60
2022-03-10,1.0011217525043854,0.99975,Negative median60
2022-03-11,0.9923167780377935,0.99975,Negative median60
2022-03-14,0.9652862131072358,0.99975,Negative median60
2022-03-15,0.9370184505782799,0.99975,Negative median60
2022-03-16,0.9729400032655517,0.99975,Negative median60
2022-03-17,0.9726635963572899,0.99975,Negative median60
2022-03-18,0.9798687787624073,0.99975,Negative median60
2022-03-21,0.9931787915483301,0.99975,Negative median60
2022-03-22,0.9808129950446965,0.99975,Negative median60
2022-03-23,0.9991849286240169,0.99975,Negative median60
2022-03-24,1.0021182576236578,0.99975,Negative median60
2022-03-25,0.9941037191749418,0.99975,Negative median60
2022-03-28,0.98630577082617,0.99975,Negative median60
2022-03-29,0.999624496136283,0.99975,Negative median60
2022-03-30,1.014770177609866,0.99975,Negative median60
2022-03-31,1.0087644031952991,0.99975,Negative median60
2022-04-01,1.0107485291087828,0.99975,Negative median60
2022-04-06,1.017447218337851,0.99975,Negative median60
2022-04-07,0.9950026140500141,0.99975,Negative median60
2022-04-08,0.9984939341720975,0.99975,Negative median60
2022-04-11,0.9852982162372105,0.99975,Negative median60
2022-04-12,0.980620526006087,0.99975,Negative median60
2022-04-13,0.9752355580613079,0.99975,Negative median60
2022-04-14,0.9930435459581339,0.99975,Negative median60
2022-04-15,0.9803240913492167,0.99975,Negative median60
2022-04-18,0.9811834495432873,0.99975,Negative median60
2022-04-19,0.9821856846014775,0.99975,Negative median60
2022-04-20,0.9653549385883676,0.99975,Negative median60
2022-04-21,0.9534282854922582,0.99975,Negative median60
2022-04-22,0.9676503633855463,0.99975,Negative median60
2022-04-25,0.9303243670819165,0.99975,Negative median60
2022-04-26,0.9169303834296844,0.99975,Negative median60
2022-04-27,0.9232100610991717,0.99975,Negative median60
2022-04-28,0.945127813776018,0.99975,Negative median60
2022-04-29,0.9501433246380624,0.99975,Negative median60
2022-05-05,0.9433922166580927,0.99975,Negative median60
2022-05-06,0.8944505596784718,0.99975,Negative median60
2022-05-09,0.872451413248792,0.99975,Negative median60
2022-05-10,0.8725895569463044,0.99975,Negative median60
2022-05-11,0.8947104290027987,0.99975,Negative median60
2022-05-12,0.8732646713108815,0.99975,Negative median60
2022-05-13,0.9083429063983722,0.99975,Negative median60
2022-05-16,0.9084482781203129,0.99975,Negative median60
2022-05-17,0.9566301709457374,0.99975,Negative median60
2022-05-18,0.9479152274913851,0.99975,Negative median60
2022-05-19,0.9217893901426547,0.99975,Negative median60
2022-05-20,0.9299384223096653,0.99975,Negative median60
2022-05-23,0.9313052438075344,0.99975,Negative median60
2022-05-24,0.9003117992284603,0.99975,Negative median60
2022-05-25,0.910004421278275,0.99975,Negative median60
2022-05-26,0.9194468515629848,0.99975,Negative median60
2022-05-27,0.9165278086452278,0.99975,Negative median60
2022-05-30,0.9231415979277586,0.99975,Negative median60
2022-05-31,0.9380733092240903,0.99975,Negative median60
2022-06-01,0.9364166555232583,0.99975,Negative median60
2022-06-02,0.9561740077677378,0.99975,Negative median60
2022-06-06,0.9782953978576558,0.99975,Negative median60
2022-06-07,0.9757489505823735,0.99975,Negative median60
2022-06-08,0.995195688641142,0.99975,Negative median60
2022-06-09,0.9863119289674446,0.99975,Negative median60
2022-06-10,1.00438775596448,0.99975,Negative median60
2022-06-13,1.0018905026935059,0.99975,Negative median60
2022-06-14,1.0162477189304782,0.99975,Negative median60
2022-06-15,1.006654559011815,0.99975,Negative median60
2022-06-16,0.9968262127748932,0.99975,Negative median60
2022-06-17,1.0039466036248113,0.9990502874718749,Negative median60
2022-06-20,1.0081965183184758,1.00327947504132,Negative median60
2022-06-21,0.9901467118976021,0.9853176987591179,Negative median60
2022-06-22,0.9899489731465894,0.9851209243934989,Negative median60
2022-06-23,1.0016776430106464,0.99679239273359,Negative median60
2022-06-24,1.0093110589685126,1.0043885800004866,Negative median60
2022-06-27,1.0251974138381228,1.020197456032399,Negative median60
2022-06-28,1.0341140387067822,1.0290705939125906,Negative median60
2022-06-29,0.9993246241257029,0.9944508496824537,Negative median60
2022-06-30,1.0168725211747602,1.011913164439125,Negative median60
2022-07-01,1.0203743343605944,1.0153978990428867,Negative median60
2022-07-04,1.0292426955800682,1.024223008659006,Negative median60
2022-07-05,1.025179972104382,1.0201800993631847,Negative median60
2022-07-06,1.002683803713717,0.9977936463221934,Negative median60
2022-07-07,0.9991821561500697,0.9943090765328678,Negative median60
2022-07-08,0.9996489469665958,0.9947735907787011,Negative median60
2022-07-11,0.9855904114202825,0.9807836196704103,Negative median60
2022-07-12,0.97135570821973,0.9666183400895616,Negative median60
2022-07-13,0.9774013636515478,0.9726345104469354,Negative median60
2022-07-14,0.9817652778427475,0.97697714153058,Negative median60
2022-07-15,0.9706702010817273,0.9659361762166894,Negative median60
2022-07-18,0.9775001451465939,0.9727328101778834,Negative median60
2022-07-19,0.9656017402685736,0.9608924346330848,Negative median60
2022-07-20,0.9666981780686675,0.9619835250311438,Negative median60
2022-07-21,0.9580955410306428,0.9534228436414919,Negative median60
2022-07-22,0.9563240529587842,0.9516599952379481,Negative median60
2022-07-25,0.9357452979592583,0.9311816042320326,Negative median60
2022-07-26,0.9457101582739821,0.9410978652424264,Negative median60
2022-07-27,0.9578001079982189,0.9531288514561446,Negative median60
2022-07-28,0.9577856046634738,0.9531144188551537,Negative median60
2022-07-29,0.9606086691814867,0.9559237150947038,Negative median60
2022-08-01,0.9669648837511351,0.9622489299717824,Negative median60
2022-08-02,0.955565284721254,0.9509049275649343,Negative median60
2022-08-03,0.9578699084744997,0.9531983115107354,Negative median60
2022-08-04,0.9691168976984251,0.9643904484000742,Negative median60
2022-08-05,0.9910282105595729,0.9861948982919102,Negative median60
2022-08-08,0.9911888467635167,0.9863547510621161,Negative median60
2022-08-09,0.9883415352068763,0.9835213260384017,Negative median60
2022-08-10,0.9779147518809919,0.973145394846921,Negative median60
2022-08-11,0.9990928316777554,0.9942201877021056,Negative median60
2022-08-12,0.9878612300697068,0.98304336338219,Negative median60
2022-08-15,0.9891885686989371,0.9843642284902715,Negative median60
2022-08-16,0.990281505217761,0.9854518346830484,Negative median60
2022-08-17,0.9901076989317665,0.9852788760621812,Negative median60
2022-08-18,0.9922895478695631,0.9874500839736933,Negative median60
2022-08-19,0.977500161125033,0.9727328260783945,Negative median60
2022-08-22,0.9725260570642664,0.9677829810628513,Negative median60
2022-08-23,0.9616375249655517,0.9569475530788416,Negative median60
2022-08-24,0.9383844605801858,0.9338078954766097,Negative median60
2022-08-25,0.9387579031629341,0.9341795167543766,Negative median60
2022-08-26,0.9340298618735934,0.9294745344453176,Negative median60
2022-08-29,0.9372963045445576,0.9327250464522857,Negative median60
2022-08-30,0.9250937344919812,0.9205819891672609,Negative median60
2022-08-31,0.9095420274382353,0.905106128850959,Negative median60
2022-09-01,0.9143077633553098,0.909848621948478,Negative median60
2022-09-02,0.9156725157107759,0.9112067183134973,Negative median60
2022-09-05,0.9302478950054237,0.9257110124878629,Negative median60
2022-09-06,0.9424959684276689,0.9378993512195148,Negative median60
2022-09-07,0.9404816864243345,0.9358948930070812,Negative median60
2022-09-08,0.929501381123524,0.9249681394051503,Negative median60
2022-09-09,0.9347506461795552,0.9303779255526309,Negative median60
2022-09-13,0.9284214253362983,0.9303779255526309,Negative median60
2022-09-14,0.920767386987137,0.9303779255526309,Negative median60
2022-09-15,0.9220622554157885,0.9303779255526309,Negative median60
2022-09-16,0.8923657097407791,0.9303779255526309,Negative median60
2022-09-19,0.8886354389234069,0.9303779255526309,Negative median60
2022-09-20,0.8847085328448936,0.9303779255526309,Negative median60
2022-09-21,0.8914100276678499,0.9303779255526309,Negative median60
2022-09-22,0.8863569065377104,0.9303779255526309,Negative median60
2022-09-23,0.8801183553103253,0.9303779255526309,Negative median60
2022-09-26,0.8625700555060657,0.9303779255526309,Negative median60
2022-09-27,0.8712820670719164,0.9303779255526309,Negative median60
2022-09-28,0.8654439297303209,0.9303779255526309,Negative median60
2022-09-29,0.8582164499893514,0.9303779255526309,Negative median60
2022-09-30,0.8580143440475408,0.9303779255526309,Negative median60
2022-10-10,0.8405037220831898,0.9303779255526309,Negative median60
2022-10-11,0.8398792533907422,0.9303779255526309,Negative median60
2022-10-12,0.8421012389425089,0.9303779255526309,Negative median60
2022-10-13,0.8321636772022148,0.9303779255526309,Negative median60
2022-10-14,0.8441790706540375,0.9303779255526309,Negative median60
2022-10-17,0.8433361611339414,0.9303779255526309,Negative median60
2022-10-18,0.8562823867608258,0.9303779255526309,Negative median60
2022-10-19,0.8392449497241892,0.9303779255526309,Negative median60
2022-10-20,0.8422273256027935,0.9303779255526309,Negative median60
2022-10-21,0.8430581911881931,0.9303779255526309,Negative median60
2022-10-24,0.8181802883123722,0.9303779255526309,Negative median60
2022-10-25,0.8011510143683639,0.9303779255526309,Negative median60
2022-10-26,0.8359960723214089,0.9303779255526309,Negative median60
2022-10-27,0.83248467109144,0.9303779255526309,Negative median60
2022-10-28,0.8127171694826901,0.9303779255526309,Negative median60
2022-10-31,0.8136664915317904,0.9303779255526309,Negative median60
2022-11-01,0.8168772061629362,0.9303779255526309,Negative median60
2022-11-02,0.8207096755828613,0.9303779255526309,Negative median60
2022-11-03,0.8258864158843072,0.9303779255526309,Negative median60
2022-11-04,0.8374270555432559,0.9303779255526309,Negative median60
2022-11-07,0.8280369257470918,0.9303779255526309,Negative median60
2022-11-08,0.8248514611078304,0.9303779255526309,Negative median60
2022-11-09,0.819211476890285,0.9303779255526309,Negative median60
2022-11-10,0.806536811354176,0.9303779255526309,Negative median60
2022-11-11,0.8127258294862344,0.9303779255526309,Negative median60
2022-11-14,0.8115326718008788,0.9303779255526309,Negative median60
2022-11-15,0.8239291477760591,0.9303779255526309,Negative median60
2022-11-16,0.8230290133612914,0.9303779255526309,Negative median60
2022-11-17,0.8354739488395885,0.9303779255526309,Negative median60
2022-11-18,0.8324224079557105,0.9303779255526309,Negative median60
2022-11-21,0.8235791748243902,0.9303779255526309,Negative median60
2022-11-22,0.816620898189537,0.9303779255526309,Negative median60
2022-11-23,0.8158395221162122,0.9303779255526309,Negative median60
2022-11-24,0.8141012820980985,0.9303779255526309,Negative median60
2022-11-25,0.8151776159606593,0.9303779255526309,Negative median60
2022-11-28,0.8084102803543944,0.9303779255526309,Negative median60
2022-11-29,0.8270018621319031,0.9303779255526309,Negative median60
2022-11-30,0.8264184217488618,0.9303779255526309,Negative median60
2022-12-01,0.8281150611617142,0.9303779255526309,Negative median60
2022-12-02,0.8210113197900561,0.9303779255526309,Negative median60
2022-12-05,0.8401057167023186,0.9303779255526309,Negative median60
2022-12-06,0.8366614709338235,0.9303779255526309,Negative median60
2022-12-07,0.8289029261554139,0.9303779255526309,Negative median60
2022-12-08,0.8281917459014767,0.9303779255526309,Negative median60
2022-12-09,0.8323033365979984,0.9303779255526309,Negative median60
2022-12-12,0.8204060941700727,0.9303779255526309,Negative median60
2022-12-13,0.8278337976417842,0.9303779255526309,Negative median60
2022-12-14,0.8441137105968851,0.9303779255526309,Negative median60
2022-12-15,0.8343751377833816,0.9303779255526309,Negative median60
2022-12-16,0.8366128021743016,0.9303779255526309,Negative median60
2022-12-19,0.8271975793893892,0.9303779255526309,Negative median60
2022-12-20,0.8003630108894798,0.9303779255526309,Negative median60
2022-12-21,0.8083083966499105,0.9303779255526309,Negative median60
2022-12-22,0.8253457801441368,0.9303779255526309,Negative median60
2022-12-23,0.829052407670667,0.9303779255526309,Negative median60
2022-12-26,0.8201643972989309,0.9303779255526309,Negative median60
2022-12-27,0.8274246374547681,0.9303779255526309,Negative median60
2022-12-28,0.8224183547808275,0.9303779255526309,Negative median60
2022-12-29,0.8109957736524229,0.9303779255526309,Negative median60
2022-12-30,0.8170883636232669,0.9303779255526309,Negative median60
2023-01-03,0.8072498127360616,0.9303779255526309,Negative median60
2023-01-04,0.8133558714573587,0.9303779255526309,Negative median60
2023-01-05,0.8356417594146419,0.9303779255526309,Negative median60
2023-01-06,0.8321155114045533,0.9303779255526309,Negative median60
2023-01-09,0.8482029739171881,0.9303779255526309,Negative median60
2023-01-10,0.850309554229125,0.9296802584057071,Negative median60
2023-01-11,0.8500321012491092,0.9293769070475182,Negative median60
2023-01-12,0.8478416879910577,0.9269820333763564,Negative median60
2023-01-13,0.8551357696947905,0.9349569687742143,Negative median60
2023-01-16,0.8632007767920351,0.9437747902898243,Negative median60
2023-01-17,0.8628524256739017,0.943393922926978,Negative median60
2023-01-18,0.8643149732892492,0.9449929895706543,Negative median60
2023-01-19,0.8698654063129162,0.9510615183576608,Negative median60
2023-01-20,0.8775605035776896,0.959474901434436,Negative median60
2023-01-30,0.8822749348882549,0.9646293933453446,Negative median60
2023-01-31,0.878040276045097,0.9599994574496623,Negative median60
2023-02-01,0.8881458788702262,0.9710483506428346,Negative median60
2023-02-02,0.8876964662874788,0.9705569884042459,Negative median60
2023-02-03,0.884742877429867,0.9673277018006653,Negative median60
2023-02-06,0.8754283254050577,0.9571436987040415,Negative median60
2023-02-07,0.8730680314464805,0.954563087106289,Negative median60
2023-02-08,0.868600772526248,0.9496788394735641,Negative median60
2023-02-09,0.8830898963621725,0.9655204260167924,Negative median60
2023-02-10,0.8769964797963862,0.9588582298092129,Negative median60
2023-02-13,0.8832180284946541,0.9656605184260133,Negative median60
2023-02-14,0.8820408635717093,0.9643734730384761,Negative median60
2023-02-15,0.8908354321795883,0.9739889557474195,Negative median60
2023-02-16,0.8782448053602113,0.9602230782070456,Negative median60
2023-02-17,0.8636571911714799,0.9442738078959558,Negative median60
2023-02-20,0.8841043803761988,0.9666296053216908,Negative median60
2023-02-21,0.8812317944368846,0.963488882716527,Negative median60
2023-02-22,0.8797884156193843,0.9619107741496444,Negative median60
2023-02-23,0.8717082518168612,0.9530763811517906,Negative median60
2023-02-24,0.8712680370062899,0.9525950752358326,Negative median60
2023-02-27,0.8635704412353163,0.9441789604340307,Negative median60
2023-02-28,0.8702742124167631,0.9515084837743986,Negative median60
2023-03-01,0.874744593265011,0.956396144746218,Negative median60
2023-03-02,0.8763297890021776,0.9581293078927721,Negative median60
2023-03-03,0.8790096571113154,0.9610593237485333,Negative median60
2023-03-06,0.8763485806005971,0.9581498535610968,Negative median60
2023-03-07,0.8689668022828042,0.9500790356573736,Negative median60
2023-03-08,0.8677458085133568,0.948744070293941,Negative median60
2023-03-09,0.8669191298133097,0.9478402266717498,Negative median60
2023-03-10,0.8520783380978594,0.9316141464068122,Negative median60
2023-03-13,0.8640576199645003,0.9447116140359862,Negative median60
2023-03-14,0.8551894866933593,0.9352495707553752,Negative median60
2023-03-15,0.8650326329714048,0.9352495707553752,Negative median60
2023-03-16,0.8541680253172028,0.9352495707553752,Negative median60
2023-03-17,0.8797844085168316,0.9352495707553752,Negative median60
2023-03-20,0.8687264586754753,0.9352495707553752,Negative median60
2023-03-21,0.8677847147818849,0.9352495707553752,Negative median60
2023-03-22,0.8727702761809707,0.9352495707553752,Negative median60
2023-03-23,0.8926403744687086,0.9352495707553752,Negative median60
2023-03-24,0.8873891379215022,0.9352495707553752,Negative median60
2023-03-27,0.8805087080362073,0.9352495707553752,Negative median60
2023-03-28,0.8759090559144642,0.9345482504835049,Negative median60
2023-03-29,0.8801087081194674,0.939029055419044,Negative median60
2023-03-30,0.8767935824671532,0.9354919931434762,Negative median60
2023-03-31,0.9067247445559792,0.9674269468651809,Negative median60
2023-04-03,0.9500292782721242,1.0136305749121313,Negative median60
2023-04-04,0.9552520621641492,1.0192030067941713,Negative median60
2023-04-06,0.9573872609958337,1.0214811500775536,Negative median60
2023-04-07,0.9789278472937245,1.0444638068992322,Negative median60
2023-04-10,0.9347296545283358,0.9973066923055224,Negative median60
2023-04-11,0.9495373546198929,1.0131057186094592,Negative median60
2023-04-12,0.9867436659631154,1.0528028686023332,Negative median60
2023-04-13,0.9831735165598987,1.0489937095849537,Negative median60
2023-04-14,0.9883257349630877,1.054490851853659,Negative median60
2023-04-17,1.0002969674262918,1.0672635184667913,Negative median60
2023-04-18,1.0006793214975214,1.0676714698698735,Negative median60
2023-04-19,0.9958481138820581,1.0625168289921856,Negative median60
2023-04-20,0.9950721683238434,1.0616889364627002,Negative median60
2023-04-21,0.9796718365910048,1.0452576038025259,Negative median60
2023-04-24,0.9735250190415857,1.0386992772867059,Negative median60
2023-04-25,0.969468306718098,1.0343709815817683,Negative median60
2023-04-26,0.9705810879482321,1.0357654647039298,Negative median60
2023-04-27,0.9705790979201236,1.0357654647039298,Negative median60
2023-04-28,0.9823397404280294,1.0357654647039298,Negative median60
2023-05-04,1.0053220054984549,1.0357654647039298,Negative median60
2023-05-05,1.011599301555642,1.0357654647039298,Negative median60
2023-05-08,1.0468964542250885,1.0357654647039298,Negative median60
2023-05-09,1.034250146251489,1.0357654647039298,Negative median60
2023-05-10,1.0094779796353017,1.0357654647039298,Negative median60
2023-05-11,1.0082960904172515,1.0357654647039298,Negative median60
2023-05-12,0.9981899298788216,1.0357654647039298,Negative median60
2023-05-15,1.0044981219089848,1.0357654647039298,Negative median60
2023-05-16,1.003802213923581,1.0357654647039298,Negative median60
2023-05-17,1.0081603395925343,1.0357654647039298,Negative median60
2023-05-18,1.0144386749587024,1.0357654647039298,Negative median60
2023-05-19,1.0199913731670638,1.0357654647039298,Negative median60
2023-05-22,1.02602902139589,1.0357654647039298,Negative median60
2023-05-23,1.0202120442673825,1.0357654647039298,Negative median60
2023-05-24,1.0061178268543574,1.0357654647039298,Negative median60
2023-05-25,1.0165080114129874,1.0357654647039298,Negative median60
2023-05-26,1.0196412264332086,1.0357654647039298,Negative median60
2023-05-29,1.0446047241788383,1.0357654647039298,Negative median60
2023-05-30,1.0501565422210337,1.0357654647039298,Negative median60
2023-05-31,1.0504293481379339,1.0357654647039298,Negative median60
2023-06-01,1.050337679696738,1.0357654647039298,Negative median60
2023-06-02,1.0554654914349968,1.0357654647039298,Negative median60
2023-06-05,1.059344173148109,1.0357654647039298,Negative median60
2023-06-06,1.0440704772550498,1.0357654647039298,Negative median60
2023-06-07,1.0480770903975967,1.0357654647039298,Negative median60
2023-06-08,1.0279438464087705,1.0357654647039298,Negative median60
2023-06-09,1.0428001966553557,1.0357654647039298,Negative median60
2023-06-12,1.0505645794898009,1.0357654647039298,Negative median60
2023-06-13,1.0622551068406463,1.0357654647039298,Negative median60
2023-06-14,1.0652007811524102,1.0357654647039298,Negative median60
2023-06-15,1.0607594431790814,1.0357654647039298,Negative median60
2023-06-16,1.078087503290875,1.0357654647039298,Negative median60
2023-06-19,1.0827892391106355,1.0357654647039298,Negative median60
2023-06-20,1.088509064043975,1.0357654647039298,Negative median60
2023-06-21,1.0468462260727185,1.0357654647039298,Negative median60
2023-06-26,1.012991781555473,1.0357654647039298,Negative median60
2023-06-27,1.0248110112870423,1.0357654647039298,Negative median60
2023-06-28,1.0208907004592824,1.0357654647039298,Negative median60
2023-06-29,1.0253086000229836,1.0357654647039298,Negative median60
2023-06-30,1.032830738348327,1.0357654647039298,Negative median60
2023-07-03,1.0348991664540794,1.0357654647039298,Negative median60
2023-07-04,1.0371869882623612,1.0357654647039298,Negative median60
2023-07-05,1.0278983291219206,1.0357654647039298,Negative median60
2023-07-06,1.0257614703084785,1.0357654647039298,Negative median60
2023-07-07,1.013709360602298,1.0357654647039298,Negative median60
2023-07-10,1.016005972378794,1.0357654647039298,Negative median60
2023-07-11,1.0243496399355734,1.0357654647039298,Negative median60
2023-07-12,1.0246273356639304,1.0357654647039298,Negative median60
2023-07-13,1.0407175332892693,1.0357654647039298,Negative median60
2023-07-14,1.0390051817797004,1.0357654647039298,Negative median60
2023-07-17,1.0346435512357208,1.0357654647039298,Negative median60
2023-07-18,1.0366704505557596,1.0357654647039298,Negative median60
2023-07-19,1.0408828228242881,1.0357654647039298,Negative median60
2023-07-20,1.0329847233518659,1.0357654647039298,Negative median60
2023-07-21,1.034321621997069,1.0357654647039298,Negative median60
2023-07-24,1.0330786630753737,1.0357654647039298,Negative median60
2023-07-25,1.0724361503588526,1.0357654647039298,Negative median60
2023-07-26,1.0709396532136872,1.0357654647039298,Negative median60
2023-07-27,1.0777609023451764,1.0357654647039298,Negative median60
2023-07-28,1.0995413627526478,1.0357654647039298,Negative median60
2023-07-31,1.1072799147480208,1.0357654647039298,Negative median60
2023-08-01,1.1041321610456003,1.0357654647039298,Negative median60
2023-08-02,1.0885850749985342,1.0357654647039298,Negative median60
2023-08-03,1.0965663381552746,1.0357654647039298,Negative median60
2023-08-04,1.0994971738447292,1.0357654647039298,Negative median60
2023-08-07,1.0897542232622643,1.0357654647039298,Negative median60
2023-08-08,1.0877546863380767,1.0357654647039298,Negative median60
2023-08-09,1.0881826659287086,1.034988770076085,Negative median60
2023-08-10,1.1058753562909067,1.0518165843858087,Negative median60
2023-08-11,1.065527927143677,1.0134414683539943,Negative median60
2023-08-14,1.0548212316651726,1.0032581508542444,Negative median60
2023-08-15,1.0676675593184972,1.015476508372889,Negative median60
2023-08-16,1.067108915400883,1.0149451727807082,Negative median60
2023-08-17,1.0667113003645556,1.014566994456152,Negative median60
2023-08-18,1.0524602329703,1.0010125654283157,Negative median60
2023-08-21,1.020193261632321,0.9703229082367326,Negative median60
2023-08-22,1.0318005107526533,0.9813627573973206,Negative median60
2023-08-23,1.0082391340598151,0.959192995380454,Negative median60
2023-08-24,1.0092670241652908,0.959192995380454,Negative median60
2023-08-25,0.9988667582837875,0.959192995380454,Negative median60
2023-08-28,1.0107917207647856,0.959192995380454,Negative median60
2023-08-29,1.0277021252020897,0.959192995380454,Negative median60
2023-08-30,1.0304530086309258,0.959192995380454,Negative median60
2023-08-31,1.023580751296676,0.959192995380454,Negative median60
2023-09-01,1.0220912190163396,0.959192995380454,Negative median60
2023-09-04,1.0337222719923331,0.959192995380454,Negative median60
2023-09-05,1.0290175938882018,0.959192995380454,Negative median60
2023-09-06,1.036767704834806,0.959192995380454,Negative median60
2023-09-07,1.0302344929436473,0.959192995380454,Negative median60
2023-09-08,1.0225592541326671,0.959192995380454,Negative median60
2023-09-11,1.026107780534468,0.959192995380454,Negative median60
2023-09-12,1.0266036869246744,0.959192995380454,Negative median60
2023-09-13,1.0252055617246856,0.959192995380454,Negative median60
2023-09-14,1.033678095014725,0.959192995380454,Negative median60
2023-09-15,1.032615949696942,0.959192995380454,Negative median60
2023-09-18,1.0322343682625768,0.959192995380454,Negative median60
2023-09-19,1.0336491154536736,0.959192995380454,Negative median60
2023-09-20,1.0304974911293632,0.959192995380454,Negative median60
2023-09-21,1.0216690278339977,0.959192995380454,Negative median60
2023-09-22,1.026787162665602,0.959192995380454,Negative median60
2023-09-25,1.0282132471431855,0.959192995380454,Negative median60
2023-09-26,1.021929250071079,0.959192995380454,Negative median60
2023-09-27,1.023141171487212,0.959192995380454,Negative median60
2023-09-28,1.0232522335629395,0.959192995380454,Negative median60
2023-10-09,1.0264721200909765,0.959192995380454,Negative median60
2023-10-10,1.0120694202911906,0.959192995380454,Negative median60
2023-10-11,1.0119815767463558,0.959192995380454,Negative median60
2023-10-12,1.0181359142203532,0.959192995380454,Negative median60
2023-10-13,1.0083507966617102,0.959192995380454,Negative median60
2023-10-16,0.9911201412496906,0.959192995380454,Negative median60
2023-10-17,0.9938519189867078,0.959192995380454,Negative median60
2023-10-18,0.9769535006202312,0.959192995380454,Negative median60
2023-10-19,0.9665878086551251,0.959192995380454,Negative median60
2023-10-20,0.9435919355906978,0.959192995380454,Negative median60
2023-10-23,0.9281254865155006,0.959192995380454,Negative median60
2023-10-24,0.9339931609366454,0.959192995380454,Negative median60
2023-10-25,0.9390869110640594,0.959192995380454,Negative median60
2023-10-26,0.9442329434497112,0.959192995380454,Negative median60
2023-10-27,0.9485830239902104,0.959192995380454,Negative median60
2023-10-30,0.943804256789008,0.959192995380454,Negative median60
2023-10-31,0.9458324075243019,0.959192995380454,Negative median60
2023-11-01,0.9444411755392106,0.959192995380454,Negative median60
2023-11-02,0.9374207167593291,0.959192995380454,Negative median60
2023-11-03,0.9468307070581674,0.959192995380454,Negative median60
2023-11-06,0.9844896031804311,0.959192995380454,Negative median60
2023-11-07,0.988821303861829,0.959192995380454,Negative median60
2023-11-08,0.9791915116995178,0.959192995380454,Negative median60
2023-11-09,0.9745591560762277,0.959192995380454,Negative median60
2023-11-10,0.9687849518575262,0.959192995380454,Negative median60
2023-11-13,0.9733757807577539,0.959192995380454,Negative median60
2023-11-14,0.9801608600589008,0.959192995380454,Negative median60
2023-11-15,0.9783590947682027,0.959192995380454,Negative median60
2023-11-16,0.9692446623595938,0.959192995380454,Negative median60
2023-11-17,0.977622319231637,0.959192995380454,Negative median60
2023-11-20,0.9849235538060717,0.959192995380454,Negative median60
2023-11-21,0.9819156613497406,0.959192995380454,Negative median60
2023-11-22,0.971666424095152,0.959192995380454,Negative median60
2023-11-23,0.9736136655886809,0.959192995380454,Negative median60
2023-11-24,0.9774190572656422,0.959192995380454,Negative median60
2023-11-27,0.9753025698914336,0.959192995380454,Negative median60
2023-11-28,0.9763728460515981,0.959192995380454,Negative median60
2023-11-29,0.9757071619458153,0.959192995380454,Negative median60
2023-11-30,0.9788090032993099,0.959192995380454,Negative median60
2023-12-01,0.9773816957766601,0.959192995380454,Negative median60
2023-12-04,0.9799551642119247,0.959192995380454,Negative median60
2023-12-05,0.9671768002376394,0.959192995380454,Negative median60
2023-12-06,0.97817173617805,0.959192995380454,Negative median60
2023-12-07,0.9716249242466153,0.959192995380454,Negative median60
2023-12-08,0.9724794745477053,0.959192995380454,Negative median60
2023-12-11,0.9805504281648011,0.959192995380454,Negative median60
2023-12-12,0.9843544070574981,0.959192995380454,Negative median60
2023-12-13,0.9873345124613225,0.959192995380454,Negative median60
2023-12-14,0.9977121235418789,0.959192995380454,Negative median60
2023-12-15,0.9965695876761174,0.959192995380454,Negative median60
2023-12-18,0.9951268754589865,0.959192995380454,Negative median60
2023-12-19,0.996806540675801,0.959192995380454,Negative median60
2023-12-20,1.0038470688066563,0.959192995380454,Negative median60
2023-12-21,0.9903336509901076,0.959192995380454,Negative median60
2023-12-22,0.9949453958811142,0.959192995380454,Negative median60
2023-12-25,0.9962094985801712,0.959192995380454,Negative median60
2023-12-26,1.0021182364475596,0.959192995380454,Negative median60
2023-12-27,1.0057049401269331,0.959192995380454,Negative median60
2023-12-28,1.003000758577206,0.959192995380454,Negative median60
2023-12-29,1.0003310416328084,0.959192995380454,Negative median60
2024-01-02,0.9982395066359325,0.959192995380454,Negative median60
2024-01-03,0.985509563008162,0.959192995380454,Negative median60
2024-01-04,0.979414308361553,0.959192995380454,Negative median60
2024-01-05,0.9724605222820845,0.959192995380454,Negative median60
2024-01-08,0.9622104800712961,0.959192995380454,Negative median60
2024-01-09,0.9657046386832112,0.959192995380454,Negative median60
2024-01-10,0.9595109003585974,0.959192995380454,Negative median60
2024-01-11,0.9531142084807632,0.959192995380454,Negative median60
2024-01-12,0.9593776559398772,0.959192995380454,Negative median60
2024-01-15,0.9625939440250554,0.959192995380454,Negative median60
2024-01-16,0.9627219113195205,0.959192995380454,Negative median60
2024-01-17,0.9457399397315195,0.959192995380454,Negative median60
2024-01-18,0.9428990171172206,0.959192995380454,Negative median60
2024-01-19,0.936793593575227,0.959192995380454,Negative median60
2024-01-22,0.9550649438582257,0.959192995380454,Negative median60
2024-01-23,0.9558577522496944,0.959192995380454,Negative median60
2024-01-24,0.9637761608785137,0.959192995380454,Negative median60
2024-01-25,0.9554986917376005,0.959192995380454,Negative median60
2024-01-26,0.9566739929616668,0.959192995380454,Negative median60
2024-01-29,0.9660712791169382,0.959192995380454,Negative median60
2024-01-30,0.9733959218218406,0.959192995380454,Negative median60
2024-01-31,0.9591615498539885,0.959192995380454,Negative median60
2024-02-01,0.9516524424672795,0.959192995380454,Negative median60
2024-02-02,0.9636046869753525,0.959192995380454,Negative median60
2024-02-05,0.9725762828279141,0.959192995380454,Negative median60
2024-02-06,0.9811117201048373,0.959192995380454,Negative median60
2024-02-07,0.9779413858882107,0.959192995380454,Negative median60
2024-02-08,0.9761784964562883,0.959192995380454,Negative median60
2024-02-19,0.9941446083772063,0.959192995380454,Negative median60
2024-02-20,0.9991008256821724,0.959192995380454,Negative median60
2024-02-21,1.0185384466142473,0.959192995380454,Negative median60
2024-02-22,1.0244937830735403,0.959192995380454,Negative median60
2024-02-23,1.0280317836260318,0.959192995380454,Negative median60
2024-02-26,1.0057437544719672,0.959192995380454,Negative median60
2024-02-27,1.0109230902815696,0.959192995380454,Negative median60
2024-02-28,1.0059213903017334,0.959192995380454,Negative median60
2024-02-29,1.0141049412552925,0.959192995380454,Negative median60
2024-03-01,1.0150513380864699,0.959192995380454,Negative median60
2024-03-04,1.0188274858468374,0.959192995380454,Negative median60
2024-03-05,1.025721929167354,0.959192995380454,Negative median60
2024-03-06,1.0247919551046496,0.959192995380454,Negative median60
2024-03-07,1.026312433406824,0.959192995380454,Negative median60
2024-03-08,1.0311535290438658,0.959192995380454,Negative median60
2024-03-11,1.0293980857484413,0.959192995380454,Negative median60
2024-03-12,1.0152982710728287,0.959192995380454,Negative median60
2024-03-13,1.0172152223400737,0.959192995380454,Negative median60
2024-03-14,1.022292881004377,0.959192995380454,Negative median60
2024-03-15,1.0249476846079641,0.959192995380454,Negative median60
2024-03-18,1.0330100660610677,0.959192995380454,Negative median60
2024-03-19,1.0278494025116365,0.959192995380454,Negative median60
2024-03-20,1.02999583240707,0.959192995380454,Negative median60
2024-03-21,1.0335132114901926,0.959192995380454,Negative median60
2024-03-22,1.0260932127301199,0.959192995380454,Negative median60
2024-03-25,1.023021199782513,0.9584737205330432,Negative median60
2024-03-26,1.0107867691020958,0.9470112207379696,Negative median60
2024-03-27,0.9763592310299368,0.9147558867215969,Negative median60
2024-03-28,1.0035851704490657,0.9402640066467828,Negative median60
2024-03-29,1.0069425682315505,0.9434095695584522,Negative median60
2024-04-01,1.0321574831460563,0.9670335504849162,Negative median60
2024-04-02,1.0225295471664049,0.9580130887179146,Negative median60
2024-04-03,1.007980291861263,0.9443818180597219,Negative median60
2024-04-08,0.9889415297092586,0.9265443057989253,Negative median60
2024-04-09,1.0008884472587918,0.9377374330919247,Negative median60
2024-04-10,0.97776464274001,0.9160726240393776,Negative median60
2024-04-11,0.9815929553556468,0.9196593894327568,Negative median60
2024-04-12,0.9839516630076268,0.9218692745253859,Negative median60
2024-04-15,0.9931738823127695,0.9305096182942649,Negative median60
2024-04-16,0.971584443716636,0.9102823644114958,Negative median60
2024-04-17,0.9874330582951301,0.9251310113247493,Negative median60
2024-04-18,0.9905822979218489,0.9280815498106703,Negative median60
2024-04-19,0.9917531943790507,0.929178568605522,Negative median60
2024-04-22,0.9746514085047047,0.9131558191862249,Negative median60
2024-04-23,0.9519734052682431,0.8919086836029813,Negative median60
2024-04-24,0.9628284688252513,0.9020788473848463,Negative median60
2024-04-25,0.973956613584311,0.9125048623218911,Negative median60
2024-04-26,0.9698756209923232,0.9086813597845617,Negative median60
2024-04-29,0.9795835051176255,0.9177767253723526,Negative median60
2024-04-30,0.9870560136866123,0.9247777563298285,Negative median60
2024-05-06,0.9971661540843407,0.9342499978475822,Negative median60
2024-05-07,0.9965035728984769,0.9336292221935636,Negative median60
2024-05-08,0.9951580078201117,0.932368555486799,Negative median60
2024-05-09,1.0019749122675465,0.9387553476369913,Negative median60
2024-05-10,1.011133562119505,0.947336132864641,Negative median60
2024-05-13,1.0172775350369643,0.9530924520712255,Negative median60
2024-05-14,1.0123821552370496,0.9485059460523432,Negative median60
2024-05-15,1.0069540796724084,0.943420354685437,Negative median60
2024-05-16,1.0180121211100208,0.9537806894671308,Negative median60
2024-05-17,1.027162018217349,0.9623532742042017,Negative median60
2024-05-20,1.039920893636213,0.9743071289191731,Negative median60
2024-05-21,1.0270416005052323,0.9622404542425281,Negative median60
2024-05-22,1.0267493288468186,0.961966623452017,Negative median60
2024-05-23,1.0151727599002063,0.9511204776325308,Negative median60
2024-05-24,1.0031313024149966,0.9398387753970905,Negative median60
2024-05-27,1.018579311894954,0.9543120933735236,Negative median60
2024-05-28,1.02226243235565,0.9577628275048252,Negative median60
2024-05-29,1.0183170223136924,0.9540663529422769,Negative median60
2024-05-30,1.0064378742078461,0.942936719182787,Negative median60
2024-05-31,1.0017399839856809,0.938535242145115,Negative median60
2024-06-03,1.0091922280175434,0.9455172871555778,Negative median60
2024-06-04,1.00574369417348,0.9422863384082734,Negative median60
2024-06-05,1.0129286573901886,0.9490179666752883,Negative median60
2024-06-06,1.0318260497415952,0.9667230288570652,Negative median60
2024-06-07,1.033992295979189,0.9687525958800933,Negative median60
2024-06-11,1.0340766950146885,0.9688316697620243,Negative median60
2024-06-12,1.0339991149366405,0.9687589845957135,Negative median60
2024-06-13,1.0415977966209717,0.975878227781168,Negative median60
2024-06-14,1.0384856834642275,0.9729624732721719,Negative median60
2024-06-17,1.062097071577449,0.9950841018529286,Negative median60
2024-06-18,1.0619157769511098,0.994914246003356,Negative median60
2024-06-19,1.0583781396686185,0.991599815795295,Negative median60
2024-06-20,1.064756096780971,0.9975753559739114,Negative median60
2024-06-21,1.0641330101531143,0.9969915829704358,Negative median60
2024-06-24,1.0382432722803119,0.9727353570116332,Negative median60
2024-06-25,0.9981849232608799,0.9354384059070957,Negative median60
2024-06-26,1.0116986960098147,0.9354384059070957,Negative median60
2024-06-27,1.013228490096812,0.9354384059070957,Negative median60
2024-06-28,1.0253747629399363,0.9354384059070957,Negative median60
2024-07-01,1.0221171260413324,0.9354384059070957,Negative median60
2024-07-02,1.0244840455726982,0.9354384059070957,Negative median60
2024-07-03,1.0423775631720147,0.9354384059070957,Negative median60
2024-07-04,1.045646448693634,0.9354384059070957,Negative median60
2024-07-05,1.0532865502022954,0.9354384059070957,Negative median60
2024-07-08,1.063137882052923,0.9354384059070957,Negative median60
2024-07-09,1.0711819298560044,0.9354384059070957,Negative median60
2024-07-10,1.0667505091091325,0.9354384059070957,Negative median60
2024-07-11,1.0699672395246398,0.9354384059070957,Negative median60
2024-07-12,1.030592483612164,0.9354384059070957,Negative median60
2024-07-15,1.0565984363165515,0.9354384059070957,Negative median60
2024-07-16,1.059962867433434,0.9354384059070957,Negative median60
2024-07-17,1.0525792726445553,0.9354384059070957,Negative median60
2024-07-18,1.0387139722099472,0.9354384059070957,Negative median60
2024-07-19,1.0202115758817873,0.9354384059070957,Negative median60
2024-07-22,1.0083263647151546,0.9354384059070957,Negative median60
2024-07-23,1.0180112727145545,0.9347369440324662,Negative median60
2024-07-24,1.0061659190524799,0.9238605520122218,Negative median60
2024-07-25,1.0175285748776772,0.9342937313559203,Negative median60
2024-07-26,1.0345670977342658,0.949938486195743,Negative median60
2024-07-29,1.026627708958823,0.9426485472723221,Negative median60
2024-07-30,1.0305421752586927,0.9462428063583747,Negative median60
2024-07-31,1.0827793290105547,0.9942069092830589,Negative median60
2024-08-01,1.076064154149348,0.9880410423652296,Negative median60
2024-08-02,1.0550297026457152,0.9687272297927256,Negative median60
2024-08-05,1.0506917759498315,0.9647441497897559,Negative median60
2024-08-06,1.0504331915861775,0.9645067442558333,Negative median60
2024-08-07,1.0444709737238007,0.9645067442558333,Negative median60
2024-08-08,1.0470500984479145,0.9645067442558333,Negative median60
2024-08-09,1.037552319171293,0.9645067442558333,Negative median60
2024-08-12,1.0297961386497014,0.9645067442558333,Negative median60
2024-08-13,1.0386027956442607,0.9645067442558333,Negative median60
2024-08-14,1.030619752845783,0.9645067442558333,Negative median60
2024-08-15,1.0428306705898018,0.9645067442558333,Negative median60
2024-08-16,1.036697338161355,0.9645067442558333,Negative median60
2024-08-19,1.0372188695594027,0.9645067442558333,Negative median60
2024-08-20,1.025172351808936,0.9645067442558333,Negative median60
2024-08-21,1.0217848058792371,0.9645067442558333,Negative median60
2024-08-22,1.0265756160965096,0.9645067442558333,Negative median60
2024-08-23,1.0295943807166195,0.9645067442558333,Negative median60
2024-08-26,1.0336996324441634,0.9645067442558333,Negative median60
2024-08-27,1.0401490003801872,0.9645067442558333,Negative median60
2024-08-28,1.038831507999184,0.9645067442558333,Negative median60
2024-08-29,1.0315347053825081,0.9645067442558333,Negative median60
2024-08-30,1.0369864770484183,0.9645067442558333,Negative median60
2024-09-02,1.0287473687096513,0.9645067442558333,Negative median60
2024-09-03,1.0273803865470896,0.9645067442558333,Negative median60
2024-09-04,0.9935642032311668,0.9645067442558333,Negative median60
2024-09-05,0.9979344043925926,0.9645067442558333,Negative median60
2024-09-06,0.9935863760079531,0.9645067442558333,Negative median60
2024-09-09,0.9878656912244042,0.9645067442558333,Negative median60
2024-09-10,0.986799664579011,0.9645067442558333,Negative median60
2024-09-11,0.9863659937406898,0.9645067442558333,Negative median60
2024-09-12,1.0003315481460016,0.9645067442558333,Negative median60
2024-09-13,1.0022918791990103,0.9645067442558333,Negative median60
2024-09-18,1.0031078436437018,0.9645067442558333,Negative median60
2024-09-19,1.0142645332785027,0.9645067442558333,Negative median60
2024-09-20,1.0182838645049532,0.9645067442558333,Negative median60
2024-09-23,1.0173533471943499,0.9645067442558333,Negative median60
2024-09-24,1.0481023471806226,0.9645067442558333,Negative median60
2024-09-25,1.0570866385630686,0.9645067442558333,Negative median60
2024-09-26,1.102123449717354,0.9645067442558333,Negative median60
2024-09-27,1.1791578273242147,0.9645067442558333,Negative median60
2024-09-30,1.287890400697194,0.9645067442558333,Negative median60
2024-10-08,1.344906144809151,0.9645067442558333,Negative median60
2024-10-09,1.2681682737226925,0.9645067442558333,Negative median60
2024-10-10,1.2759158232594516,0.9637834847609847,Negative median60
2024-10-11,1.2169857137658977,0.9192696812249855,Negative median60
2024-10-14,1.2667114572079234,0.9568308192117044,Negative median60
2024-10-15,1.235366782564109,0.9331541164024693,Negative median60
2024-10-16,1.2212314543556015,0.9224767694876599,Negative median60
2024-10-17,1.229366679806428,0.9286218425335323,Negative median60
2024-10-18,1.333160103584487,1.007023870191238,Negative median60
2024-10-21,1.3659685530697878,1.0318062588082006,Negative median60
2024-10-22,1.3443002028316704,1.0154387228620088,Negative median60
2024-10-23,1.3272241441671804,1.0025400480234112,Negative median60
2024-10-24,1.320079880764858,0.9971435140574391,Negative median60
2024-10-25,1.3207058016220903,0.9976163134176875,Negative median60
2024-10-28,1.3300698098017751,1.0046895672093774,Negative median60
2024-10-29,1.3290160143445844,1.0038935659062804,Negative median60
2024-10-30,1.3368580554411522,1.0098171774470333,Negative median60
2024-10-31,1.3132668961217464,0.9919972168164604,Negative median60
2024-11-01,1.3011585016686757,0.9828509468289706,Negative median60
2024-11-04,1.304991857793331,0.9857465338706866,Negative median60
2024-11-05,1.3037423885694568,0.9848027272490154,Negative median60
2024-11-06,1.3443430772995493,1.0154711087790935,Negative median60
2024-11-07,1.35695615921116,1.0249986025343585,Negative median60
2024-11-08,1.3298462007024112,1.0045206604891372,Negative median60
2024-11-11,1.3332582976400817,1.0070980426463156,Negative median60
2024-11-12,1.3238691104414306,1.000005769478739,Negative median60
2024-11-13,1.3285526222817587,1.0035435352781,Negative median60
2024-11-14,1.278753219673218,0.9659267576583473,Negative median60
2024-11-15,1.2417193376883657,0.9379526208203797,Negative median60
2024-11-18,1.231824782715349,0.9304786099975559,Negative median60
2024-11-19,1.2539559910547777,0.947195773235533,Negative median60
2024-11-20,1.2628503863843037,0.9539142974275391,Negative median60
2024-11-21,1.2598232410848917,0.9516276946655386,Negative median60
2024-11-22,1.269704536616106,0.959091689756295,Negative median60
2024-11-25,1.2834320593576076,0.9694609942697713,Negative median60
2024-11-26,1.2879402863307814,0.9728663558328869,Negative median60
2024-11-27,1.2975827859780247,0.9801499726220307,Negative median60
2024-11-28,1.296023054169583,0.9789718041800154,Negative median60
2024-11-29,1.296901257542437,0.97963516918544,Negative median60
2024-12-02,1.3013149836090285,0.9829691479728282,Negative median60
2024-12-03,1.3137038632714486,0.9923272869626164,Negative median60
2024-12-04,1.3141444158904096,0.9926600654504935,Negative median60
2024-12-05,1.322971356735901,0.9993276368159101,Negative median60
2024-12-06,1.3122158123245222,0.9912032638092183,Negative median60
2024-12-09,1.3214654633020477,0.9981901360537906,Negative median60
2024-12-10,1.311698391502562,0.9908124216911208,Negative median60
2024-12-11,1.312958166317397,0.9917640128062417,Negative median60
2024-12-12,1.3237013131558568,0.9998790211073528,Negative median60
2024-12-13,1.3206039265770622,0.9975393604681921,Negative median60
2024-12-16,1.322932532846256,0.9992983105680716,Negative median60
2024-12-17,1.324384222827748,1.0003948678829426,Negative median60
2024-12-18,1.3226180714125595,0.9990607770796814,Negative median60
2024-12-19,1.2974018822629585,0.9800133240988802,Negative median60
2024-12-20,1.2730327079510892,0.961605677363187,Negative median60
2024-12-23,1.3179473094257994,0.9955326420867403,Negative median60
2024-12-24,1.319489176813267,0.9966973163518,Negative median60
2024-12-25,1.342824028560168,1.014323670945912,Negative median60
2024-12-26,1.3518152895555544,1.021115364172501,Negative median60
2024-12-27,1.3385457494005135,1.0110920041524563,Negative median60
2024-12-30,1.320052169107766,0.9971225816127167,Negative median60
2024-12-31,1.3156398502553586,0.9937896657871363,Negative median60
2025-01-02,1.3260576379738338,1.0016589088577041,Negative median60
2025-01-03,1.3114474897458746,0.990821112800359,Negative median60
2025-01-06,1.3150176228768227,0.990821112800359,Negative median60
2025-01-07,1.3231371744323028,0.990821112800359,Negative median60
2025-01-08,1.347906775382913,0.990821112800359,Negative median60
2025-01-09,1.3709672161381536,0.990821112800359,Negative median60
2025-01-10,1.3569356158547627,0.990821112800359,Negative median60
2025-01-13,1.3356084936345032,0.990821112800359,Negative median60
2025-01-14,1.3443338650177767,0.990821112800359,Negative median60
2025-01-15,1.3631385164413696,0.990821112800359,Negative median60
2025-01-16,1.3894514466053594,0.990821112800359,Negative median60
2025-01-17,1.4082945664872768,0.990821112800359,Negative median60
2025-01-20,1.4093383155220507,0.990821112800359,Negative median60
2025-01-21,1.4198528482810289,0.990821112800359,Negative median60
2025-01-22,1.4452401964373218,0.990821112800359,Negative median60
2025-01-23,1.436615944018964,0.990821112800359,Negative median60
2025-01-24,1.4550043989328185,0.990821112800359,Negative median60
2025-01-27,1.3990241114289896,0.990821112800359,Negative median60
2025-02-05,1.4103654572381166,0.990821112800359,Negative median60
2025-02-06,1.43095673659952,0.990821112800359,Negative median60
2025-02-07,1.4458423598175294,0.990821112800359,Negative median60
2025-02-10,1.4363259839481128,0.990821112800359,Negative median60
2025-02-11,1.4135002359727025,0.990821112800359,Negative median60
2025-02-12,1.437101430950612,0.990821112800359,Negative median60
2025-02-13,1.4445885394267217,0.990821112800359,Negative median60
2025-02-14,1.4837316238006062,0.990821112800359,Negative median60
2025-02-17,1.514476267498476,0.990821112800359,Negative median60
2025-02-18,1.5335098635729232,0.990821112800359,Negative median60
2025-02-19,1.5635775399139968,0.990821112800359,Negative median60
2025-02-20,1.547365229803337,0.990821112800359,Negative median60
2025-02-21,1.6256629787116985,0.990821112800359,Negative median60
2025-02-24,1.6170535737489993,0.9901276494887739,Negative median60
2025-02-25,1.5887256609025964,0.9727823677882397,Negative median60
2025-02-26,1.6547632189516341,1.0132173992494928,Negative median60
2025-02-27,1.6503463705098658,1.0105129472531018,Negative median60
2025-02-28,1.5822532598577213,0.9688192936284556,Negative median60
2025-03-03,1.5794625878693378,0.9671105552531736,Negative median60
2025-03-04,1.5847662010823933,0.9703579764701871,Negative median60
2025-03-05,1.6149545446661961,0.9888424065223667,Negative median60
2025-03-06,1.6547194026350387,1.0131905703631376,Negative median60
2025-03-07,1.6457856047392392,1.0077203741648337,Negative median60
2025-03-10,1.6159046459565558,0.9894241569186872,Negative median60
2025-03-11,1.628148522627862,0.9969211261137675,Negative median60
2025-03-12,1.6219057578957432,0.9930986590843086,Negative median60
2025-03-13,1.618337883366053,0.9909140368311554,Negative median60
2025-03-14,1.6445271524424845,1.0069498193515565,Negative median60
2025-03-17,1.6467929977077207,1.0083372044592571,Negative median60
2025-03-18,1.654026751247545,1.0127664574572033,Negative median60
2025-03-19,1.650137285280094,1.0103849236239175,Negative median60
2025-03-20,1.6412951828499394,1.0049708728850726,Negative median60
2025-03-21,1.6243552018782597,0.9945984623390275,Negative median60
2025-03-24,1.6305039406894732,0.9983633569629903,Negative median60
2025-03-25,1.6433158084469495,1.0062081091185178,Negative median60
2025-03-26,1.639574688185187,1.0039174078879791,Negative median60
2025-03-27,1.6345073214212973,1.0008146412113035,Negative median60
2025-03-28,1.6256448133042758,0.9953880959978771,Negative median60
2025-03-31,1.6200485909581788,0.9919615091689008,Negative median60
2025-04-01,1.6397010445245424,1.0039947763235801,Negative median60
2025-04-02,1.6390644636064942,1.0036049955653366,Negative median60
2025-04-03,1.6478728110414524,1.0089983780006728,Negative median60
2025-04-07,1.548055878177009,0.9478801153032176,Negative median60
2025-04-08,1.5827180321227212,0.9693462725053253,Negative median60
2025-04-09,1.584410962974352,0.9693462725053253,Negative median60
2025-04-10,1.627137060091119,0.9693462725053253,Negative median60
2025-04-11,1.652044698976845,0.9693462725053253,Negative median60
2025-04-14,1.7073491569354018,0.9693462725053253,Negative median60
2025-04-15,1.6897364588669486,0.9693462725053253,Negative median60
2025-04-16,1.6547437827285145,0.9693462725053253,Negative median60
2025-04-17,1.653486968272675,0.9693462725053253,Negative median60
2025-04-18,1.6470650742293593,0.9693462725053253,Negative median60
2025-04-21,1.6725053017859681,0.9693462725053253,Negative median60
2025-04-22,1.7267310247736392,0.9686193839692302,Negative median60
2025-04-23,1.7262062353572856,0.9683250004237394,Negative median60
2025-04-24,1.7274423569621584,0.9690184097215656,Negative median60
2025-04-25,1.7275397368453438,0.9690730355093164,Negative median60
2025-04-28,1.7242106235637633,0.9672055508752282,Negative median60
2025-04-29,1.7196055025393073,0.9646222825920878,Negative median60
2025-04-30,1.716043371531545,0.9626240853668954,Negative median60
2025-05-06,1.731874756318973,0.9715047888234098,Negative median60
2025-05-07,1.744124136888247,0.9783761470666952,Negative median60
2025-05-08,1.7545719528274548,0.9842369075983974,Negative median60
2025-05-09,1.7520865457564785,0.9830885382544443,Negative median60
2025-05-12,1.771388943157634,0.9830885382544443,Negative median60
2025-05-13,1.7607486979073785,0.9830885382544443,Negative median60
2025-05-14,1.781316826715929,0.9830885382544443,Negative median60
2025-05-15,1.768896888084292,0.9830885382544443,Negative median60
2025-05-16,1.775760048341467,0.9830885382544443,Negative median60
2025-05-19,1.766974965870435,0.9830885382544443,Negative median60
2025-05-20,1.7887843481022256,0.9830885382544443,Negative median60
2025-05-21,1.7829199823521973,0.9830885382544443,Negative median60
2025-05-22,1.7753844354789767,0.9830885382544443,Negative median60
2025-05-23,1.7736900849860409,0.9830885382544443,Negative median60
2025-05-26,1.7803652987233787,0.9830885382544443,Negative median60
2025-05-27,1.7752110430544785,0.9830885382544443,Negative median60
2025-05-28,1.7862568556499947,0.9830885382544443,Negative median60
2025-05-29,1.7886777110811083,0.9830885382544443,Negative median60
2025-05-30,1.7826981920931468,0.9830885382544443,Negative median60
2025-06-03,1.7869366261184028,0.9830885382544443,Negative median60
2025-06-04,1.7897545844127245,0.9830885382544443,Negative median60
2025-06-05,1.7841785093516374,0.9830885382544443,Negative median60
2025-06-06,1.7958541966824988,0.9830885382544443,Negative median60
2025-06-09,1.7981910863647674,0.9830885382544443,Negative median60
2025-06-10,1.845472679725485,0.9830885382544443,Negative median60
2025-06-11,1.8518753776096355,0.9830885382544443,Negative median60
2025-06-12,1.9192242475949035,0.9830885382544443,Negative median60
2025-06-13,1.881653481124789,0.9830885382544443,Negative median60
2025-06-16,1.8740930969619227,0.9830885382544443,Negative median60
2025-06-17,1.8076643039497884,0.9830885382544443,Negative median60
2025-06-18,1.8078996643453888,0.9830885382544443,Negative median60
2025-06-19,1.754409422224247,0.9830885382544443,Negative median60
2025-06-20,1.7638917768066877,0.9830885382544443,Negative median60
2025-06-23,1.814562264750987,0.9830885382544443,Negative median60
2025-06-24,1.7977433012507937,0.9830885382544443,Negative median60
2025-06-25,1.819313190129685,0.9830885382544443,Negative median60
2025-06-26,1.8275641864720844,0.9830885382544443,Negative median60
2025-06-27,1.7921981938835667,0.9830885382544443,Negative median60
2025-06-30,1.7858253213893207,0.9830885382544443,Negative median60
2025-07-01,1.801590192215044,0.9830885382544443,Negative median60
2025-07-02,1.8139598095028657,0.9830885382544443,Negative median60
2025-07-03,1.8194324396557737,0.9830885382544443,Negative median60
2025-07-04,1.8443861084265347,0.9830885382544443,Negative median60
2025-07-07,1.8490061473982689,0.982351344736821,Negative median60
2025-07-08,1.858313461462582,0.9872961917292612,Negative median60
2025-07-09,1.862741200741648,0.9896485882537697,Negative median60
2025-07-10,1.873777356179776,0.9955119447118455,Negative median60
2025-07-11,1.8732456893935487,0.9952294775155428,Negative median60
2025-07-14,1.8831877126135146,1.0005115366873205,Negative median60
2025-07-15,1.8665200496020526,0.9916562382904117,Negative median60
2025-07-16,1.8652646674773699,0.9909892711631927,Negative median60
2025-07-17,1.870868926554859,0.993966736353761,Negative median60
2025-07-18,1.8815380822013719,0.9996351109080077,Negative median60
2025-07-21,1.911812746361621,1.0157196204652768,Negative median60
2025-07-22,1.9264690801828197,1.0235063275340581,Negative median60
2025-07-23,1.935166912474238,1.0281273653060485,Negative median60
2025-07-24,1.9544571273014302,1.038375989142383,Negative median60
2025-07-25,1.9490249987083073,1.0354899744929744,Negative median60
2025-07-28,1.9567893638774108,1.0396150741177803,Negative median60
2025-07-29,1.966099477037004,1.0445614082307562,Negative median60
2025-07-30,1.9505125976686146,1.0362803152071702,Negative median60
2025-07-31,1.9256901426063797,1.0230924887933062,Negative median60
2025-08-01,1.9233338132992264,1.0218406036836856,Negative median60
2025-08-04,1.9352327555229012,1.028162346805427,Negative median60
2025-08-05,1.944227017205205,1.0329408734052214,Negative median60
2025-08-06,1.967689670835398,1.0454062561607875,Negative median60
2025-08-07,1.9609807687998226,1.0418419094734452,Negative median60
2025-08-08,1.9374774150086869,1.0293549032863456,Negative median60
2025-08-11,1.9746103764201284,1.049083131138869,Negative median60
2025-08-12,1.9919485859613812,1.058294681615402,Negative median60
2025-08-13,2.0268080247957463,1.0768150184265557,Negative median60
2025-08-14,2.008241209216067,1.0669507265864,Negative median60
2025-08-15,2.0566309616733656,1.0926595315380743,Negative median60
2025-08-18,2.1083508518038747,1.1201375924903523,Negative median60
2025-08-19,2.0987718817025702,1.1150484184097518,Negative median60
2025-08-20,2.1197210039479675,1.1261783967701695,Negative median60
2025-08-21,2.128110649751957,1.1306356993318787,Negative median60
2025-08-22,2.172374661654608,1.1541525554965815,Negative median60
2025-08-25,2.2190279994898616,1.1789388274207768,Negative median60
2025-08-26,2.204877514435974,1.1714208707926042,Negative median60
2025-08-27,2.175585760470835,1.1558585678019715,Negative median60
2025-08-28,2.212241656486728,1.1753333374204578,Negative median60
2025-08-29,2.231452836498323,1.1855399711544374,Negative median60
2025-09-01,2.234434605004686,1.1871241434439899,Negative median60
2025-09-02,2.153322500148865,1.1440304060912672,Negative median60
2025-09-03,2.1473220577935828,1.1408424542150544,Negative median60
2025-09-04,2.0341196048871155,1.0806995596137303,Negative median60
2025-09-05,2.13446069354337,1.134009389606738,Negative median60
2025-09-08,2.117376975848367,1.124933047121666,Negative median60
2025-09-09,2.0779331515049995,1.10397708981466,Negative median60
2025-09-10,2.1133086280748525,1.1227715903240276,Negative median60
2025-09-11,2.2423773709730495,1.1913440249413718,Negative median60
2025-09-12,2.2277578626226227,1.1835768827349267,Negative median60
2025-09-15,2.226671019704656,1.1829994581528158,Negative median60
2025-09-16,2.2440733694296973,1.1922450854202151,Negative median60
2025-09-17,2.305466310103754,1.2248623040884001,Negative median60
2025-09-18,2.265378125751036,1.2035640072372178,Negative median60
2025-09-19,2.2682698177885396,1.2051003231470396,Negative median60
2025-09-22,2.2617493352605957,1.201636081133203,Negative median60
2025-09-23,2.244586095019496,1.1925174894213206,Negative median60
2025-09-24,2.2931435432770355,1.21831538882793,Negative median60
2025-09-25,2.305027695196385,1.2246292740659304,Negative median60
2025-09-26,2.261859872899908,1.2016948082492678,Negative median60
2025-09-29,2.2850152335526226,1.2139969305040086,Negative median60
2025-09-30,2.302727280843709,1.2234070957968193,Negative median60
2025-10-09,2.3664026040934645,1.2572369127008705,Negative median60
2025-10-10,2.2584064078225183,1.1998600301077516,Negative median60
2025-10-13,2.30934454254428,1.2269227552440192,Negative median60
2025-10-14,2.1866057038877136,1.161713311037805,Negative median60
2025-10-15,2.1998394281924183,1.1687442053833408,Negative median60
2025-10-16,2.1869477359114953,1.1618950279125584,Negative median60
2025-10-17,2.10748953735569,1.1196799880591255,Negative median60
2025-10-20,2.1192812412739865,1.125944756955203,Negative median60
2025-10-21,2.1661036668815052,1.1508208628697811,Negative median60
2025-10-22,2.163114734831115,1.1492328846885513,Negative median60
2025-10-23,2.1780807632237265,1.1571841281917374,Negative median60
2025-10-24,2.1651606763640916,1.1503198650747446,Negative median60
2025-10-27,2.17789397702692,1.1570848912736402,Negative median60
2025-10-28,2.1707646614011837,1.1532971846714475,Negative median60
2025-10-29,2.1733766425012786,1.154684894036133,Negative median60
2025-10-30,2.1669437578214987,1.1512671915451969,Negative median60
2025-10-31,2.1635090283199565,1.1494423673555125,Negative median60
2025-11-03,2.1943386864947874,1.1658217375422675,Negative median60
2025-11-04,2.1912954894792143,1.164204929136977,Negative median60
2025-11-05,2.1594388211765994,1.1472799227004418,Negative median60
2025-11-06,2.187558494009338,1.162219515226767,Negative median60
2025-11-07,2.1549474809652365,1.1448937358819118,Negative median60
2025-11-10,2.177725937202345,1.1569956140433437,Negative median60
2025-11-11,2.1606291942357565,1.1479123514119671,Negative median60
2025-11-12,2.150244315890691,1.1423950094487954,Negative median60
2025-11-13,2.1642057278967015,1.1498125141865851,Negative median60
2025-11-14,2.1152136620651554,1.1237837084853308,Negative median60
2025-11-17,2.1290042608409006,1.1311104625208117,Negative median60
2025-11-18,2.1127503069702587,1.1224749620577208,Negative median60
2025-11-19,2.1201806769448726,1.1264226146638114,Negative median60
2025-11-20,2.1106352009906377,1.121351235559426,Negative median60
2025-11-21,2.052429316359208,1.0904272556041743,Negative median60
2025-11-24,2.049024959311161,1.088618567878166,Negative median60
2025-11-25,2.063324099962507,1.096215503165372,Negative median60
2025-11-26,2.059483646697472,1.094175123562192,Negative median60
2025-11-27,2.066330625471202,1.0978128285072095,Negative median60
2025-11-28,2.0725320995477197,1.101107585751251,Negative median60
2025-12-01,2.084211274470424,1.107312569551266,Negative median60
2025-12-02,2.086771780282285,1.1086729308085976,Negative median60
2025-12-03,2.0746370503882545,1.1022259169648674,Negative median60
2025-12-04,2.1036403728375963,1.117634980287905,Negative median60
2025-12-05,2.1231859517526526,1.1280192755255831,Negative median60
2025-12-08,2.2098811681803787,1.1740792426921944,Negative median60
2025-12-09,2.257502670391958,1.1993798869338363,Negative median60
2025-12-10,2.2714646384830193,1.206797687111908,Negative median60
2025-12-11,2.2086811933790536,1.173441712708105,Negative median60
2025-12-12,2.2303572283829336,1.184957889744393,Negative median60
2025-12-15,2.192627353155573,1.164912529852809,Negative median60
2025-12-16,2.131109680663342,1.1322290428980164,Negative median60
2025-12-17,2.1230756609879355,1.1279606795705701,Negative median60
2025-12-18,2.174674099863053,1.1553742151537887,Negative median60
2025-12-19,2.19802872967594,1.1677822063520884,Negative median60
2025-12-22,2.2198566206294186,1.1793790623501557,Negative median60
2025-12-23,2.151909505410633,1.1432797015664815,Negative median60
2025-12-24,2.2391342586313745,1.1896210042935167,Negative median60
2025-12-25,2.342059468795702,1.2443037422360146,Negative median60
2025-12-26,2.3973952933203058,1.2737028990264632,Negative median60
2025-12-29,2.436812634138064,1.2946447860032912,Negative median60
2025-12-30,2.419235828690574,1.285306472827959,Negative median60
2025-12-31,2.5024681982837396,1.3295266774554706,Negative median60
2026-01-05,2.559199705915848,1.359667341341184,Negative median60
2026-01-06,2.697179494862128,1.4329740912449662,Negative median60
2026-01-07,2.668415151383094,1.4176919941373602,Negative median60
2026-01-08,2.7422865556862637,1.4569388476196625,Negative median60
2026-01-09,2.8405718439970746,1.5091564593760252,Negative median60
2026-01-12,3.002710003799753,1.595298216957217,Negative median60
2026-01-13,2.8745730497621187,1.5272208288498441,Negative median60
2026-01-14,2.892184408997833,1.5365774999740534,Negative median60
2026-01-15,2.755556820308812,1.4639891553297348,Negative median60
2026-01-16,2.7228418675384525,1.446608154248595,Negative median60
2026-01-19,2.7185219390263327,1.4443130360906489,Negative median60
2026-01-20,2.718558416165156,1.4443324158890478,Negative median60
2026-01-21,2.76987522393766,1.4715963247699637,Negative median60
2026-01-22,2.7657585047500395,1.469409168910286,Negative median60
2026-01-23,2.828444682707137,1.5027134666267727,Negative median60
2026-01-26,2.922190736857812,1.5525194461732812,Negative median60
2026-01-27,2.899803675681092,1.5406255107839364,Negative median60
2026-01-28,3.0335406673697705,1.6116781212965028,Negative median60
2026-01-29,3.073246277072654,1.6327731615375027,Negative median60
2026-01-30,2.944781360428273,1.5645215314416896,Negative median60
2026-02-02,2.725152584458572,1.4478358061290275,Negative median60
2026-02-03,2.8105925753665115,1.4932288893704309,Negative median60
2026-02-04,2.828156226544813,1.5025602138648195,Negative median60
2026-02-05,2.7399905153985205,1.4557189932306391,Negative median60
2026-02-06,2.7519698299718263,1.462083437068033,Negative median60
2026-02-09,2.7992201396499756,1.487186871860218,Negative median60
2026-02-10,2.802863433726545,1.4891225035185685,Negative median60
2026-02-11,2.837386802969125,1.5074642912124683,Negative median60
2026-02-12,2.8608474800986623,1.519928623880624,Negative median60
2026-02-13,2.851236466838551,1.5148224257137664,Negative median60
2026-02-24,2.8405800205188925,1.509160803448766,Negative median60
2026-02-25,2.844114937764521,1.511038855998598,Negative median60
2026-02-26,2.8321547629313675,1.504684580839931,Negative median60
2026-02-27,2.8450427850008966,1.5115318083782572,Negative median60
2026-03-02,2.8359759957220882,1.506714748871443,Negative median60
2026-03-03,2.8101927535346567,1.493016469571432,Negative median60
2026-03-04,2.754375947536659,1.4633617739890505,Negative median60
2026-03-05,2.7914232605354594,1.4830444980267545,Negative median60
2026-03-06,2.801229682122955,1.4882545139302104,Negative median60
2026-03-09,2.837038974179843,1.5072794945965295,Negative median60
2026-03-10,2.812039123732,1.493997420472431,Negative median60
2026-03-11,2.864377727448525,1.521804195379546,Negative median60
2026-03-12,2.9244034710621403,1.5536950411945447,Negative median60
2026-03-13,2.872290862683587,1.5260083344789133,Negative median60
2026-03-16,2.8061077464088715,1.4908461618907785,Negative median60
2026-03-17,2.7875917059355664,1.4810088461610569,Negative median60
2026-03-18,2.7915823834846667,1.4831290378447273,Negative median60
2026-03-19,2.8118022414349473,1.4938715681904458,Negative median60
2026-03-20,2.819590936752582,1.4980095940860279,Negative median60
2026-03-23,2.732367066857124,1.4516687606574754,Negative median60
2026-03-24,2.77953432175265,1.4767280695945286,Negative median60
2026-03-25,2.7991628150560213,1.4871564160977875,Negative median60
2026-03-26,2.8039532619394425,1.4897015141465102,Negative median60
2026-03-27,2.7989029597201203,1.487018358558596,Negative median60
2026-03-30,2.8103415732752897,1.4930955354374598,Negative median60
2026-03-31,2.8243375960176276,1.5005314283798652,Negative median60
2026-04-01,2.8254737990431282,1.5011350773031344,Negative median60
2026-04-02,2.835267301127813,1.5063382292537701,Negative median60
2026-04-03,2.804228620303325,1.4902204565058401,Negative median60
2026-04-07,2.8067686281550466,1.4902204565058401,Negative median60
2026-04-08,2.820182294876587,1.4902204565058401,Negative median60
2026-04-09,2.7720998455600614,1.4902204565058401,Negative median60
2026-04-10,2.772861473800374,1.4902204565058401,Negative median60
2026-04-13,2.7601517623127902,1.4902204565058401,Negative median60
2026-04-14,2.7696565405973557,1.4902204565058401,Negative median60
2026-04-15,2.887921406798777,1.4902204565058401,Negative median60
2026-04-16,2.8975590217608547,1.4902204565058401,Negative median60
2026-04-17,2.8598347049711212,1.4902204565058401,Negative median60
2026-04-20,2.8432914302905736,1.4902204565058401,Negative median60
2026-04-21,2.8293098108273673,1.4902204565058401,Negative median60
2026-04-22,2.9224406062658077,1.4902204565058401,Negative median60
2026-04-23,2.874090523581061,1.4902204565058401,Negative median60
2026-04-24,2.865763279168816,1.4902204565058401,Negative median60
2026-04-27,2.9407271067767025,1.4902204565058401,Negative median60
2026-04-28,2.8890348752323973,1.4902204565058401,Negative median60
2026-04-29,2.9085734351453456,1.4902204565058401,Negative median60
2026-04-30,3.011471239672223,1.4902204565058401,Negative median60
2026-05-06,3.126376382009566,1.4902204565058401,Negative median60
2026-05-07,3.215953365452648,1.4891029774410178,Negative median60
2026-05-08,3.1977222781085306,1.48066132317521,Negative median60
2026-05-11,3.2319170496728162,1.496494741873471,Negative median60
2026-05-12,3.2294106488230447,1.4953341874300672,Negative median60
2026-05-13,3.2327763094925905,1.4968926103157707,Negative median60
2026-05-14,3.1878594938650586,1.476094496572379,Negative median60
2026-05-15,3.1659633737291055,1.4659557992768526,Negative median60
2026-05-18,3.145431957606787,1.4564490094063092,Negative median60
2026-05-19,3.1638673764708405,1.4649852765722886,Negative median60
2026-05-20,3.158625349361636,1.4625580280120334,Negative median60
2026-05-21,3.113453851854539,1.4416419873269037,Negative median60
2026-05-22,3.1439196783714753,1.4557487693045041,Negative median60
2026-05-25,3.3034820757922727,1.5296319429970722,Negative median60
2026-05-26,3.224339793662953,1.4929861976867511,Negative median60
2026-05-27,3.1091156264913526,1.439633231735318,Negative median60
2026-05-28,3.15271534559733,1.4598214820481967,Negative median60
2026-05-29,2.971411683759463,1.3758713148710287,Negative median60
2026-06-01,2.816964055547076,1.3043564647179082,Negative median60
2026-06-02,2.8617248877416426,1.3250823524778776,Negative median60
2026-06-03,2.937676236573164,1.360250580008988,Negative median60
2026-06-04,3.044248859884138,1.4095975675588943,Negative median60
2026-06-05,2.9593739440288007,1.3702974050416281,Negative median60
2026-06-08,2.856911229763156,1.3228534543523172,Negative median60
2026-06-09,2.9684210267006925,1.3744865322499367,Negative median60
2026-06-10,2.859713165830451,1.324150852313752,Negative median60
2026-06-11,2.85870137718239,1.3236823574952157,Negative median60
2026-06-12,2.8973969706311227,1.3415998198680712,Negative median60
2026-06-15,3.0237686661688223,1.400114495519461,Negative median60
2026-06-16,3.0438381797282834,1.4094074077607368,Negative median60
2026-06-17,3.0552220918495148,1.4146785717075645,Negative median60
2026-06-18,3.071702521846669,1.4223096081653388,Negative median60
2026-06-22,3.1658534320072866,1.465904892274573,Negative median60
2026-06-23,3.161741085857523,1.4640007269462865,Negative median60
2026-06-24,3.3350471986858277,1.5442477390434393,Negative median60
2026-06-25,3.433616400670111,1.5898888524176444,Negative median60
2026-06-26,3.540280788570502,1.6392783302986584,Negative median60
2026-06-29,3.856855892833147,1.7858640785266502,Negative median60
2026-06-30,3.994569197350782,1.8496303302370787,Negative median60
2026-07-01,4.014382331565448,1.8588045295486861,Negative median60
2026-07-02,3.616549305143158,1.6745934179903503,Negative median60
2026-07-03,3.5021363243713934,1.6216160607452597,Negative median60
2026-07-06,3.5020032948344344,1.6215544632477024,Negative median60
2026-07-07,3.3499702380666903,1.5511576471948543,Negative median60
2026-07-08,3.310977289066696,1.5331024984234654,Negative median60
2026-07-09,3.361282710503597,1.5563957319783526,Negative median60
2026-07-10,3.447487687193209,1.5963117608728408,Negative median60
2026-07-13,3.374092006743833,1.5623269004384324,Negative median60
2026-07-14,3.444286246169971,1.5948293776358768,Negative median60
2026-07-15,3.573303086908643,1.654568851394368,Negative median60
2026-07-16,3.5367445221769453,1.637640910778762,Negative median60
2026-07-17,3.2978730290322256,1.5274167006976398,Negative median60
2026-07-20,3.3920885895885906,1.5274167006976398,Negative median60
2026-07-21,3.393726607187841,1.5274167006976398,Negative median60
2026-07-22,3.3234728654775645,1.5274167006976398,Negative median60
2026-07-23,3.3638784032018134,1.5274167006976398,Negative median60
2026-07-24,3.3052637076206035,1.5274167006976398,Negative median60
2026-07-27,3.364811249281352,1.5274167006976398,Negative median60
2026-07-28,3.370607115406643,1.5274167006976398,Negative median60
2026-07-29,3.4542676797960916,1.5274167006976398,Negative median60
2026-07-30,3.456985717014096,1.5274167006976398,Negative median60
2026-07-31,3.4469288923979087,1.5274167006976398,Negative median60
2026-08-03,3.4271769447614444,1.5274167006976398,Negative median60
2026-08-04,3.3617267949307887,1.5274167006976398,Negative median60
2026-08-05,3.3417187535232387,1.5274167006976398,Negative median60
2026-08-06,3.328580980115857,1.5274167006976398,Negative median60
2026-08-07,3.3140861679704408,1.5274167006976398,Negative median60
2026-08-10,3.336219057910035,1.5274167006976398,Negative median60
2026-08-11,3.331296932116097,1.5274167006976398,Negative median60
2026-08-12,3.3150723934084554,1.5274167006976398,Negative median60
2026-08-13,3.313569702130633,1.5274167006976398,Negative median60
2026-08-14,3.310168269820424,1.5274167006976398,Negative median60
2026-08-17,3.3935293990146516,1.5274167006976398,Negative median60
2026-08-18,3.3863417069513706,1.5274167006976398,Negative median60
2026-08-19,3.207587381436369,1.5274167006976398,Negative median60
2026-08-20,3.2453189595556933,1.5274167006976398,Negative median60
2026-08-21,3.252364445075161,1.5274167006976398,Negative median60
2026-08-24,3.210766664771219,1.5274167006976398,Negative median60
2026-08-25,3.2410373903228855,1.5274167006976398,Negative median60
2026-08-26,3.239965819125139,1.5274167006976398,Negative median60
2026-08-27,3.3117761560460397,1.5274167006976398,Negative median60
2026-08-28,3.3056731477589394,1.5274167006976398,Negative median60
2026-08-31,3.3043195544647275,1.5274167006976398,Negative median60
2026-09-01,3.3031509993342887,1.5274167006976398,Negative median60
2026-09-02,3.269765108775568,1.5274167006976398,Negative median60
2026-09-03,3.266172423141372,1.5274167006976398,Negative median60
2026-09-04,3.275220191487845,1.5274167006976398,Negative median60
2026-09-07,3.2485650363240217,1.5274167006976398,Negative median60
2026-09-08,3.282592870925819,1.5274167006976398,Negative median60
2026-09-09,3.311689984553216,1.5274167006976398,Negative median60
2026-09-10,3.2943310190952784,1.5274167006976398,Negative median60
2026-09-11,3.2606875850676467,1.5274167006976398,Negative median60
2022-01-13,0.9996999999999999,0.9996999999999999,Low participation AND weak MOM10
2022-01-14,0.9796322089973472,0.9796322089973472,Low participation AND weak MOM10
2022-01-17,0.9817285363589482,0.9817285363589482,Low participation AND weak MOM10
2022-01-18,0.9956456553248488,0.9956456553248488,Low participation AND weak MOM10
2022-01-19,1.0008939411627908,1.0008939411627908,Low participation AND weak MOM10
2022-01-20,1.0099871491482644,1.0099871491482644,Low participation AND weak MOM10
2022-01-21,1.006122132984746,1.006122132984746,Low participation AND weak MOM10
2022-01-24,1.0057434792381181,1.0057434792381181,Low participation AND weak MOM10
2022-01-25,0.9838298039712604,0.9838298039712604,Low participation AND weak MOM10
2022-01-26,0.9841786536360162,0.9841786536360162,Low participation AND weak MOM10
2022-01-27,0.9736190507184653,0.9738138621937726,Low participation AND weak MOM10
2022-01-28,0.9683736945399505,0.9738138621937726,Low participation AND weak MOM10
2022-02-07,0.9898854217879753,0.9738138621937726,Low participation AND weak MOM10
2022-02-08,0.9898236218110854,0.9738138621937726,Low participation AND weak MOM10
2022-02-09,0.993334625696742,0.9738138621937726,Low participation AND weak MOM10
2022-02-10,0.9899013146001399,0.9738138621937726,Low participation AND weak MOM10
2022-02-11,0.9912541981208622,0.9738138621937726,Low participation AND weak MOM10
2022-02-14,0.9723231407589951,0.9738138621937726,Low participation AND weak MOM10
2022-02-15,0.9686389996885398,0.9738138621937726,Low participation AND weak MOM10
2022-02-16,0.9740939628893402,0.9738138621937726,Low participation AND weak MOM10
2022-02-17,0.9747894991286506,0.9738138621937726,Low participation AND weak MOM10
2022-02-18,0.9840682158868963,0.9738138621937726,Low participation AND weak MOM10
2022-02-21,0.9890704336066021,0.9738138621937726,Low participation AND weak MOM10
2022-02-22,0.9931503874584439,0.9738138621937726,Low participation AND weak MOM10
2022-02-23,0.9937114985862834,0.9738138621937726,Low participation AND weak MOM10
2022-02-24,0.9791569020999967,0.9738138621937726,Low participation AND weak MOM10
2022-02-25,0.9836149071887307,0.9738138621937726,Low participation AND weak MOM10
2022-02-28,0.9972214427044419,0.9738138621937726,Low participation AND weak MOM10
2022-03-01,0.9936337482886332,0.9738138621937726,Low participation AND weak MOM10
2022-03-02,1.0006131437314711,0.9738138621937726,Low participation AND weak MOM10
2022-03-03,1.0057780728567647,0.9731323020442966,Low participation AND weak MOM10
2022-03-04,0.9954381490646855,0.96312799382333,Low participation AND weak MOM10
2022-03-07,0.9774351782525033,0.9457093674852809,Low participation AND weak MOM10
2022-03-08,0.9676855479973879,0.936276192920943,Low participation AND weak MOM10
2022-03-09,0.9701973339048993,0.9387064507167573,Low participation AND weak MOM10
2022-03-10,1.0011217525043854,0.9686271175847702,Low participation AND weak MOM10
2022-03-11,0.9923167780377935,0.9601079369589902,Low participation AND weak MOM10
2022-03-14,0.9652862131072358,0.9339547361820852,Low participation AND weak MOM10
2022-03-15,0.9370184505782799,0.9066044950445834,Low participation AND weak MOM10
2022-03-16,0.9729400032655517,0.9413600978986821,Low participation AND weak MOM10
2022-03-17,0.9726635963572899,0.9413280535290892,Low participation AND weak MOM10
2022-03-18,0.9798687787624073,0.9413280535290892,Low participation AND weak MOM10
2022-03-21,0.9931787915483301,0.9413280535290892,Low participation AND weak MOM10
2022-03-22,0.9808129950446965,0.9413280535290892,Low participation AND weak MOM10
2022-03-23,0.9991849286240169,0.9413280535290892,Low participation AND weak MOM10
2022-03-24,1.0021182576236578,0.9413280535290892,Low participation AND weak MOM10
2022-03-25,0.9941037191749418,0.9413280535290892,Low participation AND weak MOM10
2022-03-28,0.98630577082617,0.9413280535290892,Low participation AND weak MOM10
2022-03-29,0.999624496136283,0.9413280535290892,Low participation AND weak MOM10
2022-03-30,1.014770177609866,0.9413280535290892,Low participation AND weak MOM10
2022-03-31,1.0087644031952991,0.9407633390631766,Low participation AND weak MOM10
2022-04-01,1.0107485291087828,0.9426137145458743,Low participation AND weak MOM10
2022-04-06,1.017447218337851,0.9488608434359534,Low participation AND weak MOM10
2022-04-07,0.9950026140500141,0.9279292356126656,Low participation AND weak MOM10
2022-04-08,0.9984939341720975,0.9311852049603008,Low participation AND weak MOM10
2022-04-11,0.9852982162372105,0.9188790137164008,Low participation AND weak MOM10
2022-04-12,0.980620526006087,0.9145166477695096,Low participation AND weak MOM10
2022-04-13,0.9752355580613079,0.9094946818789293,Low participation AND weak MOM10
2022-04-14,0.9930435459581339,0.926102228797465,Low participation AND weak MOM10
2022-04-15,0.9803240913492167,0.9142401958480026,Low participation AND weak MOM10
2022-04-18,0.9811834495432873,0.9152704993319152,Low participation AND weak MOM10
2022-04-19,0.9821856846014775,0.9152704993319152,Low participation AND weak MOM10
2022-04-20,0.9653549385883676,0.9152704993319152,Low participation AND weak MOM10
2022-04-21,0.9534282854922582,0.9152704993319152,Low participation AND weak MOM10
2022-04-22,0.9676503633855463,0.9152704993319152,Low participation AND weak MOM10
2022-04-25,0.9303243670819165,0.9152704993319152,Low participation AND weak MOM10
2022-04-26,0.9169303834296844,0.9152704993319152,Low participation AND weak MOM10
2022-04-27,0.9232100610991717,0.9152704993319152,Low participation AND weak MOM10
2022-04-28,0.945127813776018,0.9152704993319152,Low participation AND weak MOM10
2022-04-29,0.9501433246380624,0.9152704993319152,Low participation AND weak MOM10
2022-05-05,0.9433922166580927,0.9152704993319152,Low participation AND weak MOM10
2022-05-06,0.8944505596784718,0.9152704993319152,Low participation AND weak MOM10
2022-05-09,0.872451413248792,0.9152704993319152,Low participation AND weak MOM10
2022-05-10,0.8725895569463044,0.9152704993319152,Low participation AND weak MOM10
2022-05-11,0.8947104290027987,0.9152704993319152,Low participation AND weak MOM10
2022-05-12,0.8732646713108815,0.9152704993319152,Low participation AND weak MOM10
2022-05-13,0.9083429063983722,0.9152704993319152,Low participation AND weak MOM10
2022-05-16,0.9084482781203129,0.9152704993319152,Low participation AND weak MOM10
2022-05-17,0.9566301709457374,0.9152704993319152,Low participation AND weak MOM10
2022-05-18,0.9479152274913851,0.9152704993319152,Low participation AND weak MOM10
2022-05-19,0.9217893901426547,0.9145841608662287,Low participation AND weak MOM10
2022-05-20,0.9299384223096653,0.9226694955707039,Low participation AND weak MOM10
2022-05-23,0.9313052438075344,0.924025633215648,Low participation AND weak MOM10
2022-05-24,0.9003117992284603,0.8932744509978534,Low participation AND weak MOM10
2022-05-25,0.910004421278275,0.9028913100101398,Low participation AND weak MOM10
2022-05-26,0.9194468515629848,0.912259932898219,Low participation AND weak MOM10
2022-05-27,0.9165278086452278,0.9093637068773748,Low participation AND weak MOM10
2022-05-30,0.9231415979277586,0.9159257990274846,Low participation AND weak MOM10
2022-05-31,0.9380733092240903,0.9307407955899194,Low participation AND weak MOM10
2022-06-01,0.9364166555232583,0.9290970912350809,Low participation AND weak MOM10
2022-06-02,0.9561740077677378,0.9487000087959561,Low participation AND weak MOM10
2022-06-06,0.9782953978576558,0.9706484855401407,Low participation AND weak MOM10
2022-06-07,0.9757489505823735,0.9681219427426652,Low participation AND weak MOM10
2022-06-08,0.995195688641142,0.9874166740546753,Low participation AND weak MOM10
2022-06-09,0.9863119289674446,0.9786023548908928,Low participation AND weak MOM10
2022-06-10,1.00438775596448,0.9965368909604482,Low participation AND weak MOM10
2022-06-13,1.0018905026935059,0.9940591576390101,Low participation AND weak MOM10
2022-06-14,1.0162477189304782,1.0083041497216747,Low participation AND weak MOM10
2022-06-15,1.006654559011815,0.9987859753880473,Low participation AND weak MOM10
2022-06-16,0.9968262127748932,0.989034453085966,Low participation AND weak MOM10
2022-06-17,1.0039466036248113,0.9960991869179575,Low participation AND weak MOM10
2022-06-20,1.0081965183184758,1.000315881865224,Low participation AND weak MOM10
2022-06-21,0.9901467118976021,0.9824071629802326,Low participation AND weak MOM10
2022-06-22,0.9899489731465894,0.9822109698675761,Low participation AND weak MOM10
2022-06-23,1.0016776430106464,0.9938479617882963,Low participation AND weak MOM10
2022-06-24,1.0093110589685126,1.0014217106326908,Low participation AND weak MOM10
2022-06-27,1.0251974138381228,1.0171838887321774,Low participation AND weak MOM10
2022-06-28,1.0341140387067822,1.0260308161978966,Low participation AND weak MOM10
2022-06-29,0.9993246241257029,0.9915133354350298,Low participation AND weak MOM10
2022-06-30,1.0168725211747602,1.0089240681568454,Low participation AND weak MOM10
2022-07-01,1.0203743343605944,1.0123985091824474,Low participation AND weak MOM10
2022-07-04,1.0292426955800682,1.0211975502550679,Low participation AND weak MOM10
2022-07-05,1.025179972104382,1.017166583332931,Low participation AND weak MOM10
2022-07-06,1.002683803713717,0.9948462577680015,Low participation AND weak MOM10
2022-07-07,0.9991821561500697,0.9913719810699891,Low participation AND weak MOM10
2022-07-08,0.9996489469665958,0.9918351231844439,Low participation AND weak MOM10
2022-07-11,0.9855904114202825,0.9778864771345657,Low participation AND weak MOM10
2022-07-12,0.97135570821973,0.9637630404568639,Low participation AND weak MOM10
2022-07-13,0.9774013636515478,0.9697614396130311,Low participation AND weak MOM10
2022-07-14,0.9817652778427475,0.9740912429730295,Low participation AND weak MOM10
2022-07-15,0.9706702010817273,0.9633237828003831,Low participation AND weak MOM10
2022-07-18,0.9775001451465939,0.9633237828003831,Low participation AND weak MOM10
2022-07-19,0.9656017402685736,0.9633237828003831,Low participation AND weak MOM10
2022-07-20,0.9666981780686675,0.9633237828003831,Low participation AND weak MOM10
2022-07-21,0.9580955410306428,0.9633237828003831,Low participation AND weak MOM10
2022-07-22,0.9563240529587842,0.9633237828003831,Low participation AND weak MOM10
2022-07-25,0.9357452979592583,0.9633237828003831,Low participation AND weak MOM10
2022-07-26,0.9457101582739821,0.9633237828003831,Low participation AND weak MOM10
2022-07-27,0.9578001079982189,0.9633237828003831,Low participation AND weak MOM10
2022-07-28,0.9577856046634738,0.9633237828003831,Low participation AND weak MOM10
2022-07-29,0.9606086691814867,0.9633237828003831,Low participation AND weak MOM10
2022-08-01,0.9669648837511351,0.9633237828003831,Low participation AND weak MOM10
2022-08-02,0.955565284721254,0.9633237828003831,Low participation AND weak MOM10
2022-08-03,0.9578699084744997,0.9633237828003831,Low participation AND weak MOM10
2022-08-04,0.9691168976984251,0.9633237828003831,Low participation AND weak MOM10
2022-08-05,0.9910282105595729,0.9633237828003831,Low participation AND weak MOM10
2022-08-08,0.9911888467635167,0.9633237828003831,Low participation AND weak MOM10
2022-08-09,0.9883415352068763,0.9633237828003831,Low participation AND weak MOM10
2022-08-10,0.9779147518809919,0.9633237828003831,Low participation AND weak MOM10
2022-08-11,0.9990928316777554,0.9633237828003831,Low participation AND weak MOM10
2022-08-12,0.9878612300697068,0.9633237828003831,Low participation AND weak MOM10
2022-08-15,0.9891885686989371,0.9633237828003831,Low participation AND weak MOM10
2022-08-16,0.990281505217761,0.9633237828003831,Low participation AND weak MOM10
2022-08-17,0.9901076989317665,0.9633237828003831,Low participation AND weak MOM10
2022-08-18,0.9922895478695631,0.9633237828003831,Low participation AND weak MOM10
2022-08-19,0.977500161125033,0.9633237828003831,Low participation AND weak MOM10
2022-08-22,0.9725260570642664,0.9633237828003831,Low participation AND weak MOM10
2022-08-23,0.9616375249655517,0.9633237828003831,Low participation AND weak MOM10
2022-08-24,0.9383844605801858,0.9633237828003831,Low participation AND weak MOM10
2022-08-25,0.9387579031629341,0.9633237828003831,Low participation AND weak MOM10
2022-08-26,0.9340298618735934,0.9626014103787559,Low participation AND weak MOM10
2022-08-29,0.9372963045445576,0.9659677720448427,Low participation AND weak MOM10
2022-08-30,0.9250937344919812,0.9533919309263439,Low participation AND weak MOM10
2022-08-31,0.9095420274382353,0.9373645042296169,Low participation AND weak MOM10
2022-09-01,0.9143077633553098,0.9422760218400565,Low participation AND weak MOM10
2022-09-02,0.9156725157107759,0.9436825213491346,Low participation AND weak MOM10
2022-09-05,0.9302478950054237,0.958703754864827,Low participation AND weak MOM10
2022-09-06,0.9424959684276689,0.9713264912803695,Low participation AND weak MOM10
2022-09-07,0.9404816864243345,0.969250593307021,Low participation AND weak MOM10
2022-09-08,0.929501381123524,0.9579344054629326,Low participation AND weak MOM10
2022-09-09,0.9347506461795552,0.9635369987373357,Low participation AND weak MOM10
2022-09-13,0.9284214253362983,0.9635369987373357,Low participation AND weak MOM10
2022-09-14,0.920767386987137,0.9635369987373357,Low participation AND weak MOM10
2022-09-15,0.9220622554157885,0.9635369987373357,Low participation AND weak MOM10
2022-09-16,0.8923657097407791,0.9635369987373357,Low participation AND weak MOM10
2022-09-19,0.8886354389234069,0.9635369987373357,Low participation AND weak MOM10
2022-09-20,0.8847085328448936,0.9635369987373357,Low participation AND weak MOM10
2022-09-21,0.8914100276678499,0.9635369987373357,Low participation AND weak MOM10
2022-09-22,0.8863569065377104,0.9635369987373357,Low participation AND weak MOM10
2022-09-23,0.8801183553103253,0.9635369987373357,Low participation AND weak MOM10
2022-09-26,0.8625700555060657,0.9635369987373357,Low participation AND weak MOM10
2022-09-27,0.8712820670719164,0.9635369987373357,Low participation AND weak MOM10
2022-09-28,0.8654439297303209,0.9635369987373357,Low participation AND weak MOM10
2022-09-29,0.8582164499893514,0.9635369987373357,Low participation AND weak MOM10
2022-09-30,0.8580143440475408,0.9635369987373357,Low participation AND weak MOM10
2022-10-10,0.8405037220831898,0.9635369987373357,Low participation AND weak MOM10
2022-10-11,0.8398792533907422,0.9635369987373357,Low participation AND weak MOM10
2022-10-12,0.8421012389425089,0.9635369987373357,Low participation AND weak MOM10
2022-10-13,0.8321636772022148,0.9635369987373357,Low participation AND weak MOM10
2022-10-14,0.8441790706540375,0.9635369987373357,Low participation AND weak MOM10
2022-10-17,0.8433361611339414,0.9628144664304076,Low participation AND weak MOM10
2022-10-18,0.8562823867608258,0.9775948279205118,Low participation AND weak MOM10
2022-10-19,0.8392449497241892,0.9581436391706847,Low participation AND weak MOM10
2022-10-20,0.8422273256027935,0.9615485383942544,Low participation AND weak MOM10
2022-10-21,0.8430581911881931,0.962497115536027,Low participation AND weak MOM10
2022-10-24,0.8181802883123722,0.9340946754567541,Low participation AND weak MOM10
2022-10-25,0.8011510143683639,0.9146528062926811,Low participation AND weak MOM10
2022-10-26,0.8359960723214089,0.954434482244638,Low participation AND weak MOM10
2022-10-27,0.83248467109144,0.9504256088469767,Low participation AND weak MOM10
2022-10-28,0.8127171694826901,0.9278575779819181,Low participation AND weak MOM10
2022-10-31,0.8136664915317904,0.9291737452421097,Low participation AND weak MOM10
2022-11-01,0.8168772061629362,0.9291737452421097,Low participation AND weak MOM10
2022-11-02,0.8207096755828613,0.9291737452421097,Low participation AND weak MOM10
2022-11-03,0.8258864158843072,0.9291737452421097,Low participation AND weak MOM10
2022-11-04,0.8374270555432559,0.9291737452421097,Low participation AND weak MOM10
2022-11-07,0.8280369257470918,0.9291737452421097,Low participation AND weak MOM10
2022-11-08,0.8248514611078304,0.9291737452421097,Low participation AND weak MOM10
2022-11-09,0.819211476890285,0.9291737452421097,Low participation AND weak MOM10
2022-11-10,0.806536811354176,0.9291737452421097,Low participation AND weak MOM10
2022-11-11,0.8127258294862344,0.9291737452421097,Low participation AND weak MOM10
2022-11-14,0.8115326718008788,0.9284769810798963,Low participation AND weak MOM10
2022-11-15,0.8239291477760591,0.9426598266872371,Low participation AND weak MOM10
2022-11-16,0.8230290133612914,0.9416299801844035,Low participation AND weak MOM10
2022-11-17,0.8354739488395885,0.9558682684556346,Low participation AND weak MOM10
2022-11-18,0.8324224079557105,0.9523769913130674,Low participation AND weak MOM10
2022-11-21,0.8235791748243902,0.9422594215761232,Low participation AND weak MOM10
2022-11-22,0.816620898189537,0.9342984362603866,Low participation AND weak MOM10
2022-11-23,0.8158395221162122,0.9334044615347126,Low participation AND weak MOM10
2022-11-24,0.8141012820980985,0.9314157358795532,Low participation AND weak MOM10
2022-11-25,0.8151776159606593,0.9326471727028259,Low participation AND weak MOM10
2022-11-28,0.8084102803543944,0.9249046435946435,Low participation AND weak MOM10
2022-11-29,0.8270018621319031,0.9461753284630362,Low participation AND weak MOM10
2022-11-30,0.8264184217488618,0.9455078125584896,Low participation AND weak MOM10
2022-12-01,0.8281150611617142,0.947448942835513,Low participation AND weak MOM10
2022-12-02,0.8210113197900561,0.9393215308750149,Low participation AND weak MOM10
2022-12-05,0.8401057167023186,0.9611674880578561,Low participation AND weak MOM10
2022-12-06,0.8366614709338235,0.9572269160706148,Low participation AND weak MOM10
2022-12-07,0.8289029261554139,0.9483503415545881,Low participation AND weak MOM10
2022-12-08,0.8281917459014767,0.9475366780779051,Low participation AND weak MOM10
2022-12-09,0.8323033365979984,0.9522407614130483,Low participation AND weak MOM10
2022-12-12,0.8204060941700727,0.9386290904150795,Low participation AND weak MOM10
2022-12-13,0.8278337976417842,0.9471271483927913,Low participation AND weak MOM10
2022-12-14,0.8441137105968851,0.9657530459789635,Low participation AND weak MOM10
2022-12-15,0.8343751377833816,0.9546111154072178,Low participation AND weak MOM10
2022-12-16,0.8366128021743016,0.9571712339958398,Low participation AND weak MOM10
2022-12-19,0.8271975793893892,0.9463992491684992,Low participation AND weak MOM10
2022-12-20,0.8003630108894798,0.9156977382926799,Low participation AND weak MOM10
2022-12-21,0.8083083966499105,0.9247880781405992,Low participation AND weak MOM10
2022-12-22,0.8253457801441368,0.9442806000585595,Low participation AND weak MOM10
2022-12-23,0.829052407670667,0.948521363807705,Low participation AND weak MOM10
2022-12-26,0.8201643972989309,0.9383056372811319,Low participation AND weak MOM10
2022-12-27,0.8274246374547681,0.9383056372811319,Low participation AND weak MOM10
2022-12-28,0.8224183547808275,0.9383056372811319,Low participation AND weak MOM10
2022-12-29,0.8109957736524229,0.9383056372811319,Low participation AND weak MOM10
2022-12-30,0.8170883636232669,0.9383056372811319,Low participation AND weak MOM10
2023-01-03,0.8072498127360616,0.9383056372811319,Low participation AND weak MOM10
2023-01-04,0.8133558714573587,0.9383056372811319,Low participation AND weak MOM10
2023-01-05,0.8356417594146419,0.9383056372811319,Low participation AND weak MOM10
2023-01-06,0.8321155114045533,0.9383056372811319,Low participation AND weak MOM10
2023-01-09,0.8482029739171881,0.9383056372811319,Low participation AND weak MOM10
2023-01-10,0.850309554229125,0.9376020253413758,Low participation AND weak MOM10
2023-01-11,0.8500321012491092,0.9372960891388412,Low participation AND weak MOM10
2023-01-12,0.8478416879910577,0.9348808088484232,Low participation AND weak MOM10
2023-01-13,0.8551357696947905,0.9429236983401512,Low participation AND weak MOM10
2023-01-16,0.8632007767920351,0.9518166561472929,Low participation AND weak MOM10
2023-01-17,0.8628524256739017,0.9514325434294393,Low participation AND weak MOM10
2023-01-18,0.8643149732892492,0.9530452356536862,Low participation AND weak MOM10
2023-01-19,0.8698654063129162,0.9591654741228748,Low participation AND weak MOM10
2023-01-20,0.8775605035776896,0.9676505472880133,Low participation AND weak MOM10
2023-01-30,0.8822749348882549,0.9728489604107803,Low participation AND weak MOM10
2023-01-31,0.878040276045097,0.9681795730232963,Low participation AND weak MOM10
2023-02-01,0.8881458788702262,0.9793226133772607,Low participation AND weak MOM10
2023-02-02,0.8876964662874788,0.9788270642614098,Low participation AND weak MOM10
2023-02-03,0.884742877429867,0.975570261040572,Low participation AND weak MOM10
2023-02-06,0.8754283254050577,0.9652994804758088,Low participation AND weak MOM10
2023-02-07,0.8730680314464805,0.9626968795936287,Low participation AND weak MOM10
2023-02-08,0.868600772526248,0.957771013489335,Low participation AND weak MOM10
2023-02-09,0.8830898963621725,0.9737475855346778,Low participation AND weak MOM10
2023-02-10,0.8769964797963862,0.9670286210294399,Low participation AND weak MOM10
2023-02-13,0.8832180284946541,0.9738888716655092,Low participation AND weak MOM10
2023-02-14,0.8820408635717093,0.9725908594175878,Low participation AND weak MOM10
2023-02-15,0.8908354321795883,0.982288275256019,Low participation AND weak MOM10
2023-02-16,0.8782448053602113,0.9684050992438814,Low participation AND weak MOM10
2023-02-17,0.8636571911714799,0.9523199258617562,Low participation AND weak MOM10
2023-02-20,0.8841043803761988,0.9748662161104447,Low participation AND weak MOM10
2023-02-21,0.8812317944368846,0.9716987315381822,Low participation AND weak MOM10
2023-02-22,0.8797884156193843,0.9701071759736324,Low participation AND weak MOM10
2023-02-23,0.8717082518168612,0.9611975054793335,Low participation AND weak MOM10
2023-02-24,0.8712680370062899,0.9607120983756215,Low participation AND weak MOM10
2023-02-27,0.8635704412353163,0.9522242702085407,Low participation AND weak MOM10
2023-02-28,0.8702742124167631,0.9598562721874621,Low participation AND weak MOM10
2023-03-01,0.874744593265011,0.9598562721874621,Low participation AND weak MOM10
2023-03-02,0.8763297890021776,0.9598562721874621,Low participation AND weak MOM10
2023-03-03,0.8790096571113154,0.9598562721874621,Low participation AND weak MOM10
2023-03-06,0.8763485806005971,0.9598562721874621,Low participation AND weak MOM10
2023-03-07,0.8689668022828042,0.9598562721874621,Low participation AND weak MOM10
2023-03-08,0.8677458085133568,0.9598562721874621,Low participation AND weak MOM10
2023-03-09,0.8669191298133097,0.9598562721874621,Low participation AND weak MOM10
2023-03-10,0.8520783380978594,0.9598562721874621,Low participation AND weak MOM10
2023-03-13,0.8640576199645003,0.9598562721874621,Low participation AND weak MOM10
2023-03-14,0.8551894866933593,0.9591364999653554,Low participation AND weak MOM10
2023-03-15,0.8650326329714048,0.9701760660693254,Low participation AND weak MOM10
2023-03-16,0.8541680253172028,0.9579908814744585,Low participation AND weak MOM10
2023-03-17,0.8797844085168316,0.9867208980452458,Low participation AND weak MOM10
2023-03-20,0.8687264586754753,0.9743188708072358,Low participation AND weak MOM10
2023-03-21,0.8677847147818849,0.9732626593406348,Low participation AND weak MOM10
2023-03-22,0.8727702761809707,0.9788542083307548,Low participation AND weak MOM10
2023-03-23,0.8926403744687086,1.001139487584313,Low participation AND weak MOM10
2023-03-24,0.8873891379215022,0.9952499710259977,Low participation AND weak MOM10
2023-03-27,0.8805087080362073,0.9875332350965661,Low participation AND weak MOM10
2023-03-28,0.8759090559144642,0.9823745020838802,Low participation AND weak MOM10
2023-03-29,0.8801087081194674,0.9870846157834222,Low participation AND weak MOM10
2023-03-30,0.8767935824671532,0.9833665415266858,Low participation AND weak MOM10
2023-03-31,0.9067247445559792,1.0169357919588606,Low participation AND weak MOM10
2023-04-03,0.9500292782721242,1.0655039274977252,Low participation AND weak MOM10
2023-04-04,0.9552520621641492,1.0713615330228368,Low participation AND weak MOM10
2023-04-06,0.9573872609958337,1.0737562621045404,Low participation AND weak MOM10
2023-04-07,0.9789278472937245,1.0979150747074002,Low participation AND weak MOM10
2023-04-10,0.9347296545283358,1.0483446571877686,Low participation AND weak MOM10
2023-04-11,0.9495373546198929,1.064952211255427,Low participation AND weak MOM10
2023-04-12,0.9867436659631154,1.1066808945398081,Low participation AND weak MOM10
2023-04-13,0.9831735165598987,1.1026767987736235,Low participation AND weak MOM10
2023-04-14,0.9883257349630877,1.108455261679428,Low participation AND weak MOM10
2023-04-17,1.0002969674262918,1.121881579686944,Low participation AND weak MOM10
2023-04-18,1.0006793214975214,1.1223104083282367,Low participation AND weak MOM10
2023-04-19,0.9958481138820581,1.1168919745951256,Low participation AND weak MOM10
2023-04-20,0.9950721683238434,1.116021714005572,Low participation AND weak MOM10
2023-04-21,0.9796718365910048,1.0987494947999157,Low participation AND weak MOM10
2023-04-24,0.9735250190415857,1.091855540697333,Low participation AND weak MOM10
2023-04-25,0.969468306718098,1.0873057410098266,Low participation AND weak MOM10
2023-04-26,0.9705810879482321,1.0887715879172377,Low participation AND weak MOM10
2023-04-27,0.9705790979201236,1.0887715879172377,Low participation AND weak MOM10
2023-04-28,0.9823397404280294,1.0887715879172377,Low participation AND weak MOM10
2023-05-04,1.0053220054984549,1.0887715879172377,Low participation AND weak MOM10
2023-05-05,1.011599301555642,1.0887715879172377,Low participation AND weak MOM10
2023-05-08,1.0468964542250885,1.0887715879172377,Low participation AND weak MOM10
2023-05-09,1.034250146251489,1.0887715879172377,Low participation AND weak MOM10
2023-05-10,1.0094779796353017,1.0887715879172377,Low participation AND weak MOM10
2023-05-11,1.0082960904172515,1.0887715879172377,Low participation AND weak MOM10
2023-05-12,0.9981899298788216,1.0887715879172377,Low participation AND weak MOM10
2023-05-15,1.0044981219089848,1.087955145322748,Low participation AND weak MOM10
2023-05-16,1.003802213923581,1.0872014190022328,Low participation AND weak MOM10
2023-05-17,1.0081603395925343,1.0919216321535423,Low participation AND weak MOM10
2023-05-18,1.0144386749587024,1.0987215923692006,Low participation AND weak MOM10
2023-05-19,1.0199913731670638,1.1047356270940545,Low participation AND weak MOM10
2023-05-22,1.02602902139589,1.11127490308963,Low participation AND weak MOM10
2023-05-23,1.0202120442673825,1.1049746322786134,Low participation AND weak MOM10
2023-05-24,1.0061178268543574,1.089709420707429,Low participation AND weak MOM10
2023-05-25,1.0165080114129874,1.100962856134398,Low participation AND weak MOM10
2023-05-26,1.0196412264332086,1.1043563890124624,Low participation AND weak MOM10
2023-05-29,1.0446047241788383,1.1313939366447032,Low participation AND weak MOM10
2023-05-30,1.0501565422210337,1.1374070180762776,Low participation AND weak MOM10
2023-05-31,1.0504293481379339,1.1377024896102632,Low participation AND weak MOM10
2023-06-01,1.050337679696738,1.137603205052047,Low participation AND weak MOM10
2023-06-02,1.0554654914349968,1.1431570523347903,Low participation AND weak MOM10
2023-06-05,1.059344173148109,1.1473579877420463,Low participation AND weak MOM10
2023-06-06,1.0440704772550498,1.1308153027210242,Low participation AND weak MOM10
2023-06-07,1.0480770903975967,1.135154798523632,Low participation AND weak MOM10
2023-06-08,1.0279438464087705,1.1133488180922755,Low participation AND weak MOM10
2023-06-09,1.0428001966553557,1.129439483011362,Low participation AND weak MOM10
2023-06-12,1.0505645794898009,1.1378489564297263,Low participation AND weak MOM10
2023-06-13,1.0622551068406463,1.1505107714251765,Low participation AND weak MOM10
2023-06-14,1.0652007811524102,1.1537011820929814,Low participation AND weak MOM10
2023-06-15,1.0607594431790814,1.1488908430840667,Low participation AND weak MOM10
2023-06-16,1.078087503290875,1.167658575691929,Low participation AND weak MOM10
2023-06-19,1.0827892391106355,1.172750947260863,Low participation AND weak MOM10
2023-06-20,1.088509064043975,1.17894599415129,Low participation AND weak MOM10
2023-06-21,1.0468462260727185,1.133821669923152,Low participation AND weak MOM10
2023-06-26,1.012991781555473,1.0971544862806544,Low participation AND weak MOM10
2023-06-27,1.0248110112870423,1.1099556966759265,Low participation AND weak MOM10
2023-06-28,1.0208907004592824,1.105709673469611,Low participation AND weak MOM10
2023-06-29,1.0253086000229836,1.110494626728372,Low participation AND weak MOM10
2023-06-30,1.032830738348327,1.1186417291633015,Low participation AND weak MOM10
2023-07-03,1.0348991664540794,1.1208820091113683,Low participation AND weak MOM10
2023-07-04,1.0371869882623612,1.123359910715775,Low participation AND weak MOM10
2023-07-05,1.0278983291219206,1.1132995190788186,Low participation AND weak MOM10
2023-07-06,1.0257614703084785,1.1109851229737326,Low participation AND weak MOM10
2023-07-07,1.013709360602298,1.0979316841659876,Low participation AND weak MOM10
2023-07-10,1.016005972378794,1.1004191060382151,Low participation AND weak MOM10
2023-07-11,1.0243496399355734,1.1094559930679382,Low participation AND weak MOM10
2023-07-12,1.0246273356639304,1.1097567606750751,Low participation AND weak MOM10
2023-07-13,1.0407175332892693,1.1271837850904913,Low participation AND weak MOM10
2023-07-14,1.0390051817797004,1.1253291657589026,Low participation AND weak MOM10
2023-07-17,1.0346435512357208,1.1206051565359672,Low participation AND weak MOM10
2023-07-18,1.0366704505557596,1.122800457349568,Low participation AND weak MOM10
2023-07-19,1.0408828228242881,1.127362807426292,Low participation AND weak MOM10
2023-07-20,1.0329847233518659,1.1188085077497902,Low participation AND weak MOM10
2023-07-21,1.034321621997069,1.1202564803523272,Low participation AND weak MOM10
2023-07-24,1.0330786630753737,1.1189102522959584,Low participation AND weak MOM10
2023-07-25,1.0724361503588526,1.1615376896829597,Low participation AND weak MOM10
2023-07-26,1.0709396532136872,1.1599168586096777,Low participation AND weak MOM10
2023-07-27,1.0777609023451764,1.1673048396603825,Low participation AND weak MOM10
2023-07-28,1.0995413627526478,1.1908948926938057,Low participation AND weak MOM10
2023-07-31,1.1072799147480208,1.1992763891616272,Low participation AND weak MOM10
2023-08-01,1.1041321610456003,1.195867109679602,Low participation AND weak MOM10
2023-08-02,1.0885850749985342,1.1790283203471381,Low participation AND weak MOM10
2023-08-03,1.0965663381552746,1.1876726932216723,Low participation AND weak MOM10
2023-08-04,1.0994971738447292,1.1908470324253915,Low participation AND weak MOM10
2023-08-07,1.0897542232622643,1.1802946053121643,Low participation AND weak MOM10
2023-08-08,1.0877546863380767,1.1781289402526833,Low participation AND weak MOM10
2023-08-09,1.0881826659287086,1.178592477801998,Low participation AND weak MOM10
2023-08-10,1.1058753562909067,1.1977551353464189,Low participation AND weak MOM10
2023-08-11,1.065527927143677,1.1540555084542832,Low participation AND weak MOM10
2023-08-14,1.0548212316651726,1.1424592653342807,Low participation AND weak MOM10
2023-08-15,1.0676675593184972,1.1563729083407757,Low participation AND weak MOM10
2023-08-16,1.067108915400883,1.1557678504404019,Low participation AND weak MOM10
2023-08-17,1.0667113003645556,1.1553372002329052,Low participation AND weak MOM10
2023-08-18,1.0524602329703,1.139902107065726,Low participation AND weak MOM10
2023-08-21,1.020193261632321,1.1049542891201622,Low participation AND weak MOM10
2023-08-22,1.0318005107526533,1.1175259068545085,Low participation AND weak MOM10
2023-08-23,1.0082391340598151,1.0922801114379856,Low participation AND weak MOM10
2023-08-24,1.0092670241652908,1.0922801114379856,Low participation AND weak MOM10
2023-08-25,0.9988667582837875,1.0922801114379856,Low participation AND weak MOM10
2023-08-28,1.0107917207647856,1.0922801114379856,Low participation AND weak MOM10
2023-08-29,1.0277021252020897,1.0922801114379856,Low participation AND weak MOM10
2023-08-30,1.0304530086309258,1.0922801114379856,Low participation AND weak MOM10
2023-08-31,1.023580751296676,1.0922801114379856,Low participation AND weak MOM10
2023-09-01,1.0220912190163396,1.0922801114379856,Low participation AND weak MOM10
2023-09-04,1.0337222719923331,1.0922801114379856,Low participation AND weak MOM10
2023-09-05,1.0290175938882018,1.0922801114379856,Low participation AND weak MOM10
2023-09-06,1.036767704834806,1.0914610378894212,Low participation AND weak MOM10
2023-09-07,1.0302344929436473,1.084583174894439,Low participation AND weak MOM10
2023-09-08,1.0225592541326671,1.0765030388334724,Low participation AND weak MOM10
2023-09-11,1.026107780534468,1.0802387631345152,Low participation AND weak MOM10
2023-09-12,1.0266036869246744,1.080760830421938,Low participation AND weak MOM10
2023-09-13,1.0252055617246856,1.079288948943799,Low participation AND weak MOM10
2023-09-14,1.033678095014725,1.0882084397180338,Low participation AND weak MOM10
2023-09-15,1.032615949696942,1.0870902623042018,Low participation AND weak MOM10
2023-09-18,1.0322343682625768,1.0866885510371076,Low participation AND weak MOM10
2023-09-19,1.0336491154536736,1.0881779313778963,Low participation AND weak MOM10
2023-09-20,1.0304974911293632,1.0850228413324239,Low participation AND weak MOM10
2023-09-21,1.0216690278339977,1.0850228413324239,Low participation AND weak MOM10
2023-09-22,1.026787162665602,1.0850228413324239,Low participation AND weak MOM10
2023-09-25,1.0282132471431855,1.0850228413324239,Low participation AND weak MOM10
2023-09-26,1.021929250071079,1.0850228413324239,Low participation AND weak MOM10
2023-09-27,1.023141171487212,1.0850228413324239,Low participation AND weak MOM10
2023-09-28,1.0232522335629395,1.0850228413324239,Low participation AND weak MOM10
2023-10-09,1.0264721200909765,1.0850228413324239,Low participation AND weak MOM10
2023-10-10,1.0120694202911906,1.0850228413324239,Low participation AND weak MOM10
2023-10-11,1.0119815767463558,1.0850228413324239,Low participation AND weak MOM10
2023-10-12,1.0181359142203532,1.0842092098292797,Low participation AND weak MOM10
2023-10-13,1.0083507966617102,1.0737890739435254,Low participation AND weak MOM10
2023-10-16,0.9911201412496906,1.0554402120399435,Low participation AND weak MOM10
2023-10-17,0.9938519189867078,1.0583492721568815,Low participation AND weak MOM10
2023-10-18,0.9769535006202312,1.0403542082674873,Low participation AND weak MOM10
2023-10-19,0.9665878086551251,1.0293158208205346,Low participation AND weak MOM10
2023-10-20,0.9435919355906978,1.0048275997330687,Low participation AND weak MOM10
2023-10-23,0.9281254865155006,0.9883574347025726,Low participation AND weak MOM10
2023-10-24,0.9339931609366454,0.9946058997246091,Low participation AND weak MOM10
2023-10-25,0.9390869110640594,1.0000302155979375,Low participation AND weak MOM10
2023-10-26,0.9442329434497112,1.0057617099600853,Low participation AND weak MOM10
2023-10-27,0.9485830239902104,1.0057617099600853,Low participation AND weak MOM10
2023-10-30,0.943804256789008,1.0057617099600853,Low participation AND weak MOM10
2023-10-31,0.9458324075243019,1.0057617099600853,Low participation AND weak MOM10
2023-11-01,0.9444411755392106,1.0057617099600853,Low participation AND weak MOM10
2023-11-02,0.9374207167593291,1.0057617099600853,Low participation AND weak MOM10
2023-11-03,0.9468307070581674,1.0057617099600853,Low participation AND weak MOM10
2023-11-06,0.9844896031804311,1.0057617099600853,Low participation AND weak MOM10
2023-11-07,0.988821303861829,1.0057617099600853,Low participation AND weak MOM10
2023-11-08,0.9791915116995178,1.0057617099600853,Low participation AND weak MOM10
2023-11-09,0.9745591560762277,1.005007514397829,Low participation AND weak MOM10
2023-11-10,0.9687849518575262,0.9990529054925809,Low participation AND weak MOM10
2023-11-13,0.9733757807577539,1.0037871666334026,Low participation AND weak MOM10
2023-11-14,0.9801608600589008,1.0107842336056043,Low participation AND weak MOM10
2023-11-15,0.9783590947682027,1.0089261753799514,Low participation AND weak MOM10
2023-11-16,0.9692446623595938,0.9995269788273241,Low participation AND weak MOM10
2023-11-17,0.977622319231637,1.0081663806090988,Low participation AND weak MOM10
2023-11-20,0.9849235538060717,1.0156957292032176,Low participation AND weak MOM10
2023-11-21,0.9819156613497406,1.0125938605251947,Low participation AND weak MOM10
2023-11-22,0.971666424095152,1.0020244041782043,Low participation AND weak MOM10
2023-11-23,0.9736136655886809,1.0042836174383156,Low participation AND weak MOM10
2023-11-24,0.9774190572656422,1.0042836174383156,Low participation AND weak MOM10
2023-11-27,0.9753025698914336,1.0042836174383156,Low participation AND weak MOM10
2023-11-28,0.9763728460515981,1.0042836174383156,Low participation AND weak MOM10
2023-11-29,0.9757071619458153,1.0042836174383156,Low participation AND weak MOM10
2023-11-30,0.9788090032993099,1.0042836174383156,Low participation AND weak MOM10
2023-12-01,0.9773816957766601,1.0042836174383156,Low participation AND weak MOM10
2023-12-04,0.9799551642119247,1.0042836174383156,Low participation AND weak MOM10
2023-12-05,0.9671768002376394,1.0042836174383156,Low participation AND weak MOM10
2023-12-06,0.97817173617805,1.0042836174383156,Low participation AND weak MOM10
2023-12-07,0.9716249242466153,1.0042836174383156,Low participation AND weak MOM10
2023-12-08,0.9724794745477053,1.0042836174383156,Low participation AND weak MOM10
2023-12-11,0.9805504281648011,1.0042836174383156,Low participation AND weak MOM10
2023-12-12,0.9843544070574981,1.0042836174383156,Low participation AND weak MOM10
2023-12-13,0.9873345124613225,1.0042836174383156,Low participation AND weak MOM10
2023-12-14,0.9977121235418789,1.0042836174383156,Low participation AND weak MOM10
2023-12-15,0.9965695876761174,1.0042836174383156,Low participation AND weak MOM10
2023-12-18,0.9951268754589865,1.0042836174383156,Low participation AND weak MOM10
2023-12-19,0.996806540675801,1.0042836174383156,Low participation AND weak MOM10
2023-12-20,1.0038470688066563,1.0042836174383156,Low participation AND weak MOM10
2023-12-21,0.9903336509901076,1.0036309335153424,Low participation AND weak MOM10
2023-12-22,0.9949453958811142,1.0083046006430503,Low participation AND weak MOM10
2023-12-25,0.9962094985801712,1.0095856765417088,Low participation AND weak MOM10
2023-12-26,1.0021182364475596,1.0155737514655645,Low participation AND weak MOM10
2023-12-27,1.0057049401269331,1.0192086140781536,Low participation AND weak MOM10
2023-12-28,1.003000758577206,1.0164681232845365,Low participation AND weak MOM10
2023-12-29,1.0003310416328084,1.013762559855031,Low participation AND weak MOM10
2024-01-02,0.9982395066359325,1.0116429416644386,Low participation AND weak MOM10
2024-01-03,0.985509563008162,0.9987420721504481,Low participation AND weak MOM10
2024-01-04,0.979414308361553,0.9925649760729051,Low participation AND weak MOM10
2024-01-05,0.9724605222820845,0.9855178209980214,Low participation AND weak MOM10
2024-01-08,0.9622104800712961,0.9751301507191205,Low participation AND weak MOM10
2024-01-09,0.9657046386832112,0.9786712256548464,Low participation AND weak MOM10
2024-01-10,0.9595109003585974,0.972394323551735,Low participation AND weak MOM10
2024-01-11,0.9531142084807632,0.9659117428231672,Low participation AND weak MOM10
2024-01-12,0.9593776559398772,0.9722592900504377,Low participation AND weak MOM10
2024-01-15,0.9625939440250554,0.9755187634714957,Low participation AND weak MOM10
2024-01-16,0.9627219113195205,0.9756484489922039,Low participation AND weak MOM10
2024-01-17,0.9457399397315195,0.9584384592268789,Low participation AND weak MOM10
2024-01-18,0.9428990171172206,0.9555593913363928,Low participation AND weak MOM10
2024-01-19,0.936793593575227,0.9496094515532819,Low participation AND weak MOM10
2024-01-22,0.9550649438582257,0.9496094515532819,Low participation AND weak MOM10
2024-01-23,0.9558577522496944,0.9496094515532819,Low participation AND weak MOM10
2024-01-24,0.9637761608785137,0.9496094515532819,Low participation AND weak MOM10
2024-01-25,0.9554986917376005,0.9496094515532819,Low participation AND weak MOM10
2024-01-26,0.9566739929616668,0.9496094515532819,Low participation AND weak MOM10
2024-01-29,0.9660712791169382,0.9496094515532819,Low participation AND weak MOM10
2024-01-30,0.9733959218218406,0.9496094515532819,Low participation AND weak MOM10
2024-01-31,0.9591615498539885,0.9496094515532819,Low participation AND weak MOM10
2024-02-01,0.9516524424672795,0.9496094515532819,Low participation AND weak MOM10
2024-02-02,0.9636046869753525,0.9496094515532819,Low participation AND weak MOM10
2024-02-05,0.9725762828279141,0.9496094515532819,Low participation AND weak MOM10
2024-02-06,0.9811117201048373,0.9496094515532819,Low participation AND weak MOM10
2024-02-07,0.9779413858882107,0.9496094515532819,Low participation AND weak MOM10
2024-02-08,0.9761784964562883,0.9496094515532819,Low participation AND weak MOM10
2024-02-19,0.9941446083772063,0.9496094515532819,Low participation AND weak MOM10
2024-02-20,0.9991008256821724,0.9496094515532819,Low participation AND weak MOM10
2024-02-21,1.0185384466142473,0.9496094515532819,Low participation AND weak MOM10
2024-02-22,1.0244937830735403,0.9496094515532819,Low participation AND weak MOM10
2024-02-23,1.0280317836260318,0.9496094515532819,Low participation AND weak MOM10
2024-02-26,1.0057437544719672,0.9488973631657984,Low participation AND weak MOM10
2024-02-27,1.0109230902815696,0.9537839538812058,Low participation AND weak MOM10
2024-02-28,1.0059213903017334,0.9490649587086187,Low participation AND weak MOM10
2024-02-29,1.0141049412552925,0.9567859610878402,Low participation AND weak MOM10
2024-03-01,1.0150513380864699,0.9576788659193338,Low participation AND weak MOM10
2024-03-04,1.0188274858468374,0.9612415792216085,Low participation AND weak MOM10
2024-03-05,1.025721929167354,0.9677463365797779,Low participation AND weak MOM10
2024-03-06,1.0247919551046496,0.9668689262732371,Low participation AND weak MOM10
2024-03-07,1.026312433406824,0.9683034644896257,Low participation AND weak MOM10
2024-03-08,1.0311535290438658,0.9728709329570129,Low participation AND weak MOM10
2024-03-11,1.0293980857484413,0.9712147103786386,Low participation AND weak MOM10
2024-03-12,1.0152982710728287,0.9579118418225824,Low participation AND weak MOM10
2024-03-13,1.0172152223400737,0.9597204436604938,Low participation AND weak MOM10
2024-03-14,1.022292881004377,0.9645111042002086,Low participation AND weak MOM10
2024-03-15,1.0249476846079641,0.9670158536733878,Low participation AND weak MOM10
2024-03-18,1.0330100660610677,0.9746225352636736,Low participation AND weak MOM10
2024-03-19,1.0278494025116365,0.9697535614197226,Low participation AND weak MOM10
2024-03-20,1.02999583240707,0.9717786713534814,Low participation AND weak MOM10
2024-03-21,1.0335132114901926,0.9750972420355154,Low participation AND weak MOM10
2024-03-22,1.0260932127301199,0.9680966345479521,Low participation AND weak MOM10
2024-03-25,1.023021199782513,0.9651982571306089,Low participation AND weak MOM10
2024-03-26,1.0107867691020958,0.9536553378125789,Low participation AND weak MOM10
2024-03-27,0.9763592310299368,0.9211737042436853,Low participation AND weak MOM10
2024-03-28,1.0035851704490657,0.9468607860770563,Low participation AND weak MOM10
2024-03-29,1.0069425682315505,0.9500284178806176,Low participation AND weak MOM10
2024-04-01,1.0321574831460563,0.9738181418221659,Low participation AND weak MOM10
2024-04-02,1.0225295471664049,0.9647343935779457,Low participation AND weak MOM10
2024-04-03,1.007980291861263,0.9510074875606933,Low participation AND weak MOM10
2024-04-08,0.9889415297092586,0.9330448294545411,Low participation AND weak MOM10
2024-04-09,1.0008884472587918,0.9443164863853497,Low participation AND weak MOM10
2024-04-10,0.97776464274001,0.9224996796324669,Low participation AND weak MOM10
2024-04-11,0.9815929553556468,0.9261116093414011,Low participation AND weak MOM10
2024-04-12,0.9839516630076268,0.9283369987226335,Low participation AND weak MOM10
2024-04-15,0.9931738823127695,0.9370379621064737,Low participation AND weak MOM10
2024-04-16,0.971584443716636,0.9166687962379205,Low participation AND weak MOM10
2024-04-17,0.9874330582951301,0.9316216194759425,Low participation AND weak MOM10
2024-04-18,0.9905822979218489,0.9345928585857889,Low participation AND weak MOM10
2024-04-19,0.9917531943790507,0.935697573932853,Low participation AND weak MOM10
2024-04-22,0.9746514085047047,0.9195624108265078,Low participation AND weak MOM10
2024-04-23,0.9519734052682431,0.8981662078898646,Low participation AND weak MOM10
2024-04-24,0.9628284688252513,0.9086349398591591,Low participation AND weak MOM10
2024-04-25,0.973956613584311,0.9086349398591591,Low participation AND weak MOM10
2024-04-26,0.9698756209923232,0.9086349398591591,Low participation AND weak MOM10
2024-04-29,0.9795835051176255,0.9086349398591591,Low participation AND weak MOM10
2024-04-30,0.9870560136866123,0.9086349398591591,Low participation AND weak MOM10
2024-05-06,0.9971661540843407,0.9086349398591591,Low participation AND weak MOM10
2024-05-07,0.9965035728984769,0.9086349398591591,Low participation AND weak MOM10
2024-05-08,0.9951580078201117,0.9086349398591591,Low participation AND weak MOM10
2024-05-09,1.0019749122675465,0.9086349398591591,Low participation AND weak MOM10
2024-05-10,1.011133562119505,0.9086349398591591,Low participation AND weak MOM10
2024-05-13,1.0172775350369643,0.9079989976226884,Low participation AND weak MOM10
2024-05-14,1.0123821552370496,0.9036294919585892,Low participation AND weak MOM10
2024-05-15,1.0069540796724084,0.8987845140622325,Low participation AND weak MOM10
2024-05-16,1.0180121211100208,0.9086546725934119,Low participation AND weak MOM10
2024-05-17,1.027162018217349,0.9168216645062953,Low participation AND weak MOM10
2024-05-20,1.039920893636213,0.9282099491111452,Low participation AND weak MOM10
2024-05-21,1.0270416005052323,0.9167141823707595,Low participation AND weak MOM10
2024-05-22,1.0267493288468186,0.9164533072764686,Low participation AND weak MOM10
2024-05-23,1.0151727599002063,0.9061203227787307,Low participation AND weak MOM10
2024-05-24,1.0031313024149966,0.8953723892503554,Low participation AND weak MOM10
2024-05-27,1.018579311894954,0.9093883382387076,Low participation AND weak MOM10
2024-05-28,1.02226243235565,0.9093883382387076,Low participation AND weak MOM10
2024-05-29,1.0183170223136924,0.9093883382387076,Low participation AND weak MOM10
2024-05-30,1.0064378742078461,0.9093883382387076,Low participation AND weak MOM10
2024-05-31,1.0017399839856809,0.9093883382387076,Low participation AND weak MOM10
2024-06-03,1.0091922280175434,0.9093883382387076,Low participation AND weak MOM10
2024-06-04,1.00574369417348,0.9093883382387076,Low participation AND weak MOM10
2024-06-05,1.0129286573901886,0.9093883382387076,Low participation AND weak MOM10
2024-06-06,1.0318260497415952,0.9093883382387076,Low participation AND weak MOM10
2024-06-07,1.033992295979189,0.9093883382387076,Low participation AND weak MOM10
2024-06-11,1.0340766950146885,0.908706410658571,Low participation AND weak MOM10
2024-06-12,1.0339991149366405,0.9086382363010971,Low participation AND weak MOM10
2024-06-13,1.0415977966209717,0.9153156624459802,Low participation AND weak MOM10
2024-06-14,1.0384856834642275,0.9125808583546955,Low participation AND weak MOM10
2024-06-17,1.062097071577449,0.9333296285827366,Low participation AND weak MOM10
2024-06-18,1.0619157769511098,0.9331703139110429,Low participation AND weak MOM10
2024-06-19,1.0583781396686185,0.9300615757558531,Low participation AND weak MOM10
2024-06-20,1.064756096780971,0.9356662765897868,Low participation AND weak MOM10
2024-06-21,1.0641330101531143,0.9351187322772047,Low participation AND weak MOM10
2024-06-24,1.0382432722803119,0.9123678368274707,Low participation AND weak MOM10
2024-06-25,0.9981849232608799,0.8771661165587056,Low participation AND weak MOM10
2024-06-26,1.0116986960098147,0.8890414948438391,Low participation AND weak MOM10
2024-06-27,1.013228490096812,0.8903858184327413,Low participation AND weak MOM10
2024-06-28,1.0253747629399363,0.9010594909479105,Low participation AND weak MOM10
2024-07-01,1.0221171260413324,0.8981968062479934,Low participation AND weak MOM10
2024-07-02,1.0244840455726982,0.9002767631429066,Low participation AND weak MOM10
2024-07-03,1.0423775631720147,0.9160008909857645,Low participation AND weak MOM10
2024-07-04,1.045646448693634,0.9188734605384147,Low participation AND weak MOM10
2024-07-05,1.0532865502022954,0.9255872848151568,Low participation AND weak MOM10
2024-07-08,1.063137882052923,0.9342442523779575,Low participation AND weak MOM10
2024-07-09,1.0711819298560044,0.9413130489590471,Low participation AND weak MOM10
2024-07-10,1.0667505091091325,0.9374188886318473,Low participation AND weak MOM10
2024-07-11,1.0699672395246398,0.9402456263042309,Low participation AND weak MOM10
2024-07-12,1.030592483612164,0.9056446210903237,Low participation AND weak MOM10
2024-07-15,1.0565984363165515,0.9284976416174179,Low participation AND weak MOM10
2024-07-16,1.059962867433434,0.9314541729258495,Low participation AND weak MOM10
2024-07-17,1.0525792726445553,0.9249657567854355,Low participation AND weak MOM10
2024-07-18,1.0387139722099472,0.9127814696320956,Low participation AND weak MOM10
2024-07-19,1.0202115758817873,0.8965222828261252,Low participation AND weak MOM10
2024-07-22,1.0083263647151546,0.8860780211662135,Low participation AND weak MOM10
2024-07-23,1.0180112727145545,0.8945887419165424,Low participation AND weak MOM10
2024-07-24,1.0061659190524799,0.8841795054825927,Low participation AND weak MOM10
2024-07-25,1.0175285748776772,0.8941645658173266,Low participation AND weak MOM10
2024-07-26,1.0345670977342658,0.9091373575092567,Low participation AND weak MOM10
2024-07-29,1.026627708958823,0.9021605312141308,Low participation AND weak MOM10
2024-07-30,1.0305421752586927,0.9056004120645043,Low participation AND weak MOM10
2024-07-31,1.0827793290105547,0.9515043926084233,Low participation AND weak MOM10
2024-08-01,1.076064154149348,0.9456033579226112,Low participation AND weak MOM10
2024-08-02,1.0550297026457152,0.9271190994356073,Low participation AND weak MOM10
2024-08-05,1.0506917759498315,0.9233070980468124,Low participation AND weak MOM10
2024-08-06,1.0504331915861775,0.923079889398142,Low participation AND weak MOM10
2024-08-07,1.0444709737238007,0.923079889398142,Low participation AND weak MOM10
2024-08-08,1.0470500984479145,0.923079889398142,Low participation AND weak MOM10
2024-08-09,1.037552319171293,0.923079889398142,Low participation AND weak MOM10
2024-08-12,1.0297961386497014,0.923079889398142,Low participation AND weak MOM10
2024-08-13,1.0386027956442607,0.923079889398142,Low participation AND weak MOM10
2024-08-14,1.030619752845783,0.923079889398142,Low participation AND weak MOM10
2024-08-15,1.0428306705898018,0.923079889398142,Low participation AND weak MOM10
2024-08-16,1.036697338161355,0.923079889398142,Low participation AND weak MOM10
2024-08-19,1.0372188695594027,0.923079889398142,Low participation AND weak MOM10
2024-08-20,1.025172351808936,0.9223876948660797,Low participation AND weak MOM10
2024-08-21,1.0217848058792371,0.9193397871890591,Low participation AND weak MOM10
2024-08-22,1.0265756160965096,0.9236502666758041,Low participation AND weak MOM10
2024-08-23,1.0295943807166195,0.9263663673727975,Low participation AND weak MOM10
2024-08-26,1.0336996324441634,0.9300600230504331,Low participation AND weak MOM10
2024-08-27,1.0401490003801872,0.9358627718402882,Low participation AND weak MOM10
2024-08-28,1.038831507999184,0.9346773723724106,Low participation AND weak MOM10
2024-08-29,1.0315347053825081,0.9281121534278963,Low participation AND weak MOM10
2024-08-30,1.0369864770484183,0.9330173258030406,Low participation AND weak MOM10
2024-09-02,1.0287473687096513,0.9256042775141968,Low participation AND weak MOM10
2024-09-03,1.0273803865470896,0.924420582739878,Low participation AND weak MOM10
2024-09-04,0.9935642032311668,0.924420582739878,Low participation AND weak MOM10
2024-09-05,0.9979344043925926,0.924420582739878,Low participation AND weak MOM10
2024-09-06,0.9935863760079531,0.924420582739878,Low participation AND weak MOM10
2024-09-09,0.9878656912244042,0.924420582739878,Low participation AND weak MOM10
2024-09-10,0.986799664579011,0.924420582739878,Low participation AND weak MOM10
2024-09-11,0.9863659937406898,0.924420582739878,Low participation AND weak MOM10
2024-09-12,1.0003315481460016,0.924420582739878,Low participation AND weak MOM10
2024-09-13,1.0022918791990103,0.924420582739878,Low participation AND weak MOM10
2024-09-18,1.0031078436437018,0.924420582739878,Low participation AND weak MOM10
2024-09-19,1.0142645332785027,0.9237273828553959,Low participation AND weak MOM10
2024-09-20,1.0182838645049532,0.9273879331288407,Low participation AND weak MOM10
2024-09-23,1.0173533471943499,0.9265404773696938,Low participation AND weak MOM10
2024-09-24,1.0481023471806226,0.9545447034377478,Low participation AND weak MOM10
2024-09-25,1.0570866385630686,0.96272702244154,Low participation AND weak MOM10
2024-09-26,1.102123449717354,1.0037436747395627,Low participation AND weak MOM10
2024-09-27,1.1791578273242147,1.073901667730471,Low participation AND weak MOM10
2024-09-30,1.287890400697194,1.1729283537058695,Low participation AND weak MOM10
2024-10-08,1.344906144809151,1.2248546533664229,Low participation AND weak MOM10
2024-10-09,1.2681682737226925,1.1549666995843249,Low participation AND weak MOM10
2024-10-10,1.2759158232594516,1.1620226730728194,Low participation AND weak MOM10
2024-10-11,1.2169857137658977,1.1083528916422234,Low participation AND weak MOM10
2024-10-14,1.2667114572079234,1.1536399241107331,Low participation AND weak MOM10
2024-10-15,1.235366782564109,1.1250931955944612,Low participation AND weak MOM10
2024-10-16,1.2212314543556015,1.1122196411089853,Low participation AND weak MOM10
2024-10-17,1.229366679806428,1.1196286850694794,Low participation AND weak MOM10
2024-10-18,1.333160103584487,1.2141571089257253,Low participation AND weak MOM10
2024-10-21,1.3659685530697878,1.2440369501153201,Low participation AND weak MOM10
2024-10-22,1.3443002028316704,1.2243028000987048,Low participation AND weak MOM10
2024-10-23,1.3272241441671804,1.20875101606003,Low participation AND weak MOM10
2024-10-24,1.320079880764858,1.2022444770669674,Low participation AND weak MOM10
2024-10-25,1.3207058016220903,1.2028145258228446,Low participation AND weak MOM10
2024-10-28,1.3300698098017751,1.2113426666431661,Low participation AND weak MOM10
2024-10-29,1.3290160143445844,1.2103829370185986,Low participation AND weak MOM10
2024-10-30,1.3368580554411522,1.217524967387108,Low participation AND weak MOM10
2024-10-31,1.3132668961217464,1.1960396456178455,Low participation AND weak MOM10
2024-11-01,1.3011585016686757,1.1850120929905619,Low participation AND weak MOM10
2024-11-04,1.304991857793331,1.1885032690145672,Low participation AND weak MOM10
2024-11-05,1.3037423885694568,1.1873653322157744,Low participation AND weak MOM10
2024-11-06,1.3443430772995493,1.2243418474267989,Low participation AND weak MOM10
2024-11-07,1.35695615921116,1.235829037170378,Low participation AND weak MOM10
2024-11-08,1.3298462007024112,1.2111390177514216,Low participation AND weak MOM10
2024-11-11,1.3332582976400817,1.2142465378025225,Low participation AND weak MOM10
2024-11-12,1.3238691104414306,1.2056954655392393,Low participation AND weak MOM10
2024-11-13,1.3285526222817587,1.2099609091122825,Low participation AND weak MOM10
2024-11-14,1.278753219673218,1.1646067925775598,Low participation AND weak MOM10
2024-11-15,1.2417193376883657,1.130878697233177,Low participation AND weak MOM10
2024-11-18,1.231824782715349,1.1218673682653781,Low participation AND weak MOM10
2024-11-19,1.2539559910547777,1.142023059890252,Low participation AND weak MOM10
2024-11-20,1.2628503863843037,1.1501235073083105,Low participation AND weak MOM10
2024-11-21,1.2598232410848917,1.14736657663273,Low participation AND weak MOM10
2024-11-22,1.269704536616106,1.1563658297474624,Low participation AND weak MOM10
2024-11-25,1.2834320593576076,1.1688679810492604,Low participation AND weak MOM10
2024-11-26,1.2879402863307814,1.1729737863560739,Low participation AND weak MOM10
2024-11-27,1.2975827859780247,1.1817555594252172,Low participation AND weak MOM10
2024-11-28,1.296023054169583,1.1803350552726062,Low participation AND weak MOM10
2024-11-29,1.296901257542437,1.1811348668371484,Low participation AND weak MOM10
2024-12-02,1.3013149836090285,1.1851546067515022,Low participation AND weak MOM10
2024-12-03,1.3137038632714486,1.1964376074003433,Low participation AND weak MOM10
2024-12-04,1.3141444158904096,1.1968388345993342,Low participation AND weak MOM10
2024-12-05,1.322971356735901,1.2048778487798548,Low participation AND weak MOM10
2024-12-06,1.3122158123245222,1.1950823856000536,Low participation AND weak MOM10
2024-12-09,1.3214654633020477,1.2035063771815964,Low participation AND weak MOM10
2024-12-10,1.311698391502562,1.1946111517492954,Low participation AND weak MOM10
2024-12-11,1.312958166317397,1.1957584742223917,Low participation AND weak MOM10
2024-12-12,1.3237013131558568,1.2055426464842807,Low participation AND weak MOM10
2024-12-13,1.3206039265770622,1.2027217445358778,Low participation AND weak MOM10
2024-12-16,1.322932532846256,1.2048424904598138,Low participation AND weak MOM10
2024-12-17,1.324384222827748,1.206164597014192,Low participation AND weak MOM10
2024-12-18,1.3226180714125595,1.2045560990622772,Low participation AND weak MOM10
2024-12-19,1.2974018822629585,1.1815908038710357,Low participation AND weak MOM10
2024-12-20,1.2730327079510892,1.159396915717728,Low participation AND weak MOM10
2024-12-23,1.3179473094257994,1.20030226724187,Low participation AND weak MOM10
2024-12-24,1.319489176813267,1.2017065016203825,Low participation AND weak MOM10
2024-12-25,1.342824028560168,1.222958394816144,Low participation AND weak MOM10
2024-12-26,1.3518152895555544,1.2311470612984388,Low participation AND weak MOM10
2024-12-27,1.3385457494005135,1.2190620112972426,Low participation AND weak MOM10
2024-12-30,1.320052169107766,1.2022192390588933,Low participation AND weak MOM10
2024-12-31,1.3156398502553586,1.1982007807453767,Low participation AND weak MOM10
2025-01-02,1.3260576379738338,1.2076886366928032,Low participation AND weak MOM10
2025-01-03,1.3114474897458746,1.1946216305198374,Low participation AND weak MOM10
2025-01-06,1.3150176228768227,1.1946216305198374,Low participation AND weak MOM10
2025-01-07,1.3231371744323028,1.1946216305198374,Low participation AND weak MOM10
2025-01-08,1.347906775382913,1.1946216305198374,Low participation AND weak MOM10
2025-01-09,1.3709672161381536,1.1946216305198374,Low participation AND weak MOM10
2025-01-10,1.3569356158547627,1.1946216305198374,Low participation AND weak MOM10
2025-01-13,1.3356084936345032,1.1946216305198374,Low participation AND weak MOM10
2025-01-14,1.3443338650177767,1.1946216305198374,Low participation AND weak MOM10
2025-01-15,1.3631385164413696,1.1946216305198374,Low participation AND weak MOM10
2025-01-16,1.3894514466053594,1.1946216305198374,Low participation AND weak MOM10
2025-01-17,1.4082945664872768,1.193785529773407,Low participation AND weak MOM10
2025-01-20,1.4093383155220507,1.1946702967277638,Low participation AND weak MOM10
2025-01-21,1.4198528482810289,1.203583273713328,Low participation AND weak MOM10
2025-01-22,1.4452401964373218,1.225103664112829,Low participation AND weak MOM10
2025-01-23,1.436615944018964,1.2177930431765935,Low participation AND weak MOM10
2025-01-24,1.4550043989328185,1.2333805998663883,Low participation AND weak MOM10
2025-01-27,1.3990241114289896,1.1859271346859346,Low participation AND weak MOM10
2025-02-05,1.4103654572381166,1.1955409859619945,Low participation AND weak MOM10
2025-02-06,1.43095673659952,1.2129958366204607,Low participation AND weak MOM10
2025-02-07,1.4458423598175294,1.225614106989595,Low participation AND weak MOM10
2025-02-10,1.4363259839481128,1.217547249331306,Low participation AND weak MOM10
2025-02-11,1.4135002359727025,1.1981982805234044,Low participation AND weak MOM10
2025-02-12,1.437101430950612,1.218204581563297,Low participation AND weak MOM10
2025-02-13,1.4445885394267217,1.224551266391399,Low participation AND weak MOM10
2025-02-14,1.4837316238006062,1.2577321426286756,Low participation AND weak MOM10
2025-02-17,1.514476267498476,1.2837938144109529,Low participation AND weak MOM10
2025-02-18,1.5335098635729232,1.2999282454553773,Low participation AND weak MOM10
2025-02-19,1.5635775399139968,1.3254160643989779,Low participation AND weak MOM10
2025-02-20,1.547365229803337,1.3116731858316197,Low participation AND weak MOM10
2025-02-21,1.6256629787116985,1.3780447545963694,Low participation AND weak MOM10
2025-02-24,1.6170535737489993,1.3707467195765612,Low participation AND weak MOM10
2025-02-25,1.5887256609025964,1.346733666306698,Low participation AND weak MOM10
2025-02-26,1.6547632189516341,1.4027124956627972,Low participation AND weak MOM10
2025-02-27,1.6503463705098658,1.3989684140747118,Low participation AND weak MOM10
2025-02-28,1.5822532598577213,1.341247130397144,Low participation AND weak MOM10
2025-03-03,1.5794625878693378,1.3388815288267384,Low participation AND weak MOM10
2025-03-04,1.5847662010823933,1.343377304682107,Low participation AND weak MOM10
2025-03-05,1.6149545446661961,1.368967411038949,Low participation AND weak MOM10
2025-03-06,1.6547194026350387,1.4026753533731335,Low participation AND weak MOM10
2025-03-07,1.6457856047392392,1.395102336400891,Low participation AND weak MOM10
2025-03-10,1.6159046459565558,1.369772794514282,Low participation AND weak MOM10
2025-03-11,1.628148522627862,1.3801517046843281,Low participation AND weak MOM10
2025-03-12,1.6219057578957432,1.374859827274354,Low participation AND weak MOM10
2025-03-13,1.618337883366053,1.37183540533384,Low participation AND weak MOM10
2025-03-14,1.6445271524424845,1.394035569420796,Low participation AND weak MOM10
2025-03-17,1.6467929977077207,1.3959562849832308,Low participation AND weak MOM10
2025-03-18,1.654026751247545,1.4020882054686796,Low participation AND weak MOM10
2025-03-19,1.650137285280094,1.398791176352057,Low participation AND weak MOM10
2025-03-20,1.6412951828499394,1.3912958879478552,Low participation AND weak MOM10
2025-03-21,1.6243552018782597,1.3769361761092518,Low participation AND weak MOM10
2025-03-24,1.6305039406894732,1.3821483494669125,Low participation AND weak MOM10
2025-03-25,1.6433158084469495,1.3930087352854812,Low participation AND weak MOM10
2025-03-26,1.639574688185187,1.389837456108587,Low participation AND weak MOM10
2025-03-27,1.6345073214212973,1.3855419420444555,Low participation AND weak MOM10
2025-03-28,1.6256448133042758,1.3780293561129557,Low participation AND weak MOM10
2025-03-31,1.6200485909581788,1.3732855408507634,Low participation AND weak MOM10
2025-04-01,1.6397010445245424,1.389944566064918,Low participation AND weak MOM10
2025-04-02,1.6390644636064942,1.3894049480712254,Low participation AND weak MOM10
2025-04-03,1.6478728110414524,1.3968716229837748,Low participation AND weak MOM10
2025-04-07,1.548055878177009,1.3122586358179162,Low participation AND weak MOM10
2025-04-08,1.5827180321227212,1.3419766874064125,Low participation AND weak MOM10
2025-04-09,1.584410962974352,1.3419766874064125,Low participation AND weak MOM10
2025-04-10,1.627137060091119,1.3419766874064125,Low participation AND weak MOM10
2025-04-11,1.652044698976845,1.3419766874064125,Low participation AND weak MOM10
2025-04-14,1.7073491569354018,1.3419766874064125,Low participation AND weak MOM10
2025-04-15,1.6897364588669486,1.3419766874064125,Low participation AND weak MOM10
2025-04-16,1.6547437827285145,1.3419766874064125,Low participation AND weak MOM10
2025-04-17,1.653486968272675,1.3419766874064125,Low participation AND weak MOM10
2025-04-18,1.6470650742293593,1.3419766874064125,Low participation AND weak MOM10
2025-04-21,1.6725053017859681,1.3419766874064125,Low participation AND weak MOM10
2025-04-22,1.7267310247736392,1.3409703726379434,Low participation AND weak MOM10
2025-04-23,1.7262062353572856,1.34056282389462,Low participation AND weak MOM10
2025-04-24,1.7274423569621584,1.3415227895321917,Low participation AND weak MOM10
2025-04-25,1.7275397368453438,1.3415984142452302,Low participation AND weak MOM10
2025-04-28,1.7242106235637633,1.3390130421092659,Low participation AND weak MOM10
2025-04-29,1.7196055025393073,1.3354367289674915,Low participation AND weak MOM10
2025-04-30,1.716043371531545,1.3326703964719655,Low participation AND weak MOM10
2025-05-06,1.731874756318973,1.3449649679212476,Low participation AND weak MOM10
2025-05-07,1.744124136888247,1.3544777734427196,Low participation AND weak MOM10
2025-05-08,1.7545719528274548,1.3625914932011798,Low participation AND weak MOM10
2025-05-09,1.7520865457564785,1.360661338939568,Low participation AND weak MOM10
2025-05-12,1.771388943157634,1.3756514808113895,Low participation AND weak MOM10
2025-05-13,1.7607486979073785,1.3673883214463898,Low participation AND weak MOM10
2025-05-14,1.781316826715929,1.3833614237750995,Low participation AND weak MOM10
2025-05-15,1.768896888084292,1.3737161637455648,Low participation AND weak MOM10
2025-05-16,1.775760048341467,1.379046058463096,Low participation AND weak MOM10
2025-05-19,1.766974965870435,1.372223608906206,Low participation AND weak MOM10
2025-05-20,1.7887843481022256,1.3891606622160586,Low participation AND weak MOM10
2025-05-21,1.7829199823521973,1.3846064261409108,Low participation AND weak MOM10
2025-05-22,1.7753844354789767,1.3787543594590501,Low participation AND weak MOM10
2025-05-23,1.7736900849860409,1.3774385356397674,Low participation AND weak MOM10
2025-05-26,1.7803652987233787,1.3826224720632003,Low participation AND weak MOM10
2025-05-27,1.7752110430544785,1.3786197038000296,Low participation AND weak MOM10
2025-05-28,1.7862568556499947,1.3871978246652872,Low participation AND weak MOM10
2025-05-29,1.7886777110811083,1.389077848457637,Low participation AND weak MOM10
2025-05-30,1.7826981920931468,1.3844341849741864,Low participation AND weak MOM10
2025-06-03,1.7869366261184028,1.3877257308911273,Low participation AND weak MOM10
2025-06-04,1.7897545844127245,1.3899141427108026,Low participation AND weak MOM10
2025-06-05,1.7841785093516374,1.3855837916918863,Low participation AND weak MOM10
2025-06-06,1.7958541966824988,1.394651070015053,Low participation AND weak MOM10
2025-06-09,1.7981910863647674,1.3964658864416335,Low participation AND weak MOM10
2025-06-10,1.845472679725485,1.433184527016328,Low participation AND weak MOM10
2025-06-11,1.8518753776096355,1.4381568290392925,Low participation AND weak MOM10
2025-06-12,1.9192242475949035,1.4904596127300693,Low participation AND weak MOM10
2025-06-13,1.881653481124789,1.461282350034898,Low participation AND weak MOM10
2025-06-16,1.8740930969619227,1.4554109948425087,Low participation AND weak MOM10
2025-06-17,1.8076643039497884,1.4038227381648085,Low participation AND weak MOM10
2025-06-18,1.8078996643453888,1.40400551782931,Low participation AND weak MOM10
2025-06-19,1.754409422224247,1.3624652727763296,Low participation AND weak MOM10
2025-06-20,1.7638917768066877,1.3698292202443882,Low participation AND weak MOM10
2025-06-23,1.814562264750987,1.4091796588046273,Low participation AND weak MOM10
2025-06-24,1.7977433012507937,1.3961181388408017,Low participation AND weak MOM10
2025-06-25,1.819313190129685,1.4128692028529153,Low participation AND weak MOM10
2025-06-26,1.8275641864720844,1.4192768838878649,Low participation AND weak MOM10
2025-06-27,1.7921981938835667,1.391811837172583,Low participation AND weak MOM10
2025-06-30,1.7858253213893207,1.3868626973929792,Low participation AND weak MOM10
2025-07-01,1.801590192215044,1.3991056144440182,Low participation AND weak MOM10
2025-07-02,1.8139598095028657,1.4087117951785153,Low participation AND weak MOM10
2025-07-03,1.8194324396557737,1.412961811417389,Low participation AND weak MOM10
2025-07-04,1.8443861084265347,1.4323407013719478,Low participation AND weak MOM10
2025-07-07,1.8490061473982689,1.4359285997143318,Low participation AND weak MOM10
2025-07-08,1.858313461462582,1.4431566116223917,Low participation AND weak MOM10
2025-07-09,1.862741200741648,1.4465951710191982,Low participation AND weak MOM10
2025-07-10,1.873777356179776,1.455165792186034,Low participation AND weak MOM10
2025-07-11,1.8732456893935487,1.4547529025128785,Low participation AND weak MOM10
2025-07-14,1.8831877126135146,1.462473826264625,Low participation AND weak MOM10
2025-07-15,1.8665200496020526,1.4495298054768977,Low participation AND weak MOM10
2025-07-16,1.8652646674773699,1.4485548822193741,Low participation AND weak MOM10
2025-07-17,1.870868926554859,1.4529071207994888,Low participation AND weak MOM10
2025-07-18,1.8815380822013719,1.461192731828521,Low participation AND weak MOM10
2025-07-21,1.911812746361621,1.4847038792498628,Low participation AND weak MOM10
2025-07-22,1.9264690801828197,1.4960859122033134,Low participation AND weak MOM10
2025-07-23,1.935166912474238,1.5028406037225062,Low participation AND weak MOM10
2025-07-24,1.9544571273014302,1.5178212846704706,Low participation AND weak MOM10
2025-07-25,1.9490249987083073,1.5136027217332046,Low participation AND weak MOM10
2025-07-28,1.9567893638774108,1.5196324875188023,Low participation AND weak MOM10
2025-07-29,1.966099477037004,1.5268626731897625,Low participation AND weak MOM10
2025-07-30,1.9505125976686146,1.5147579833828302,Low participation AND weak MOM10
2025-07-31,1.9256901426063797,1.4954809933148736,Low participation AND weak MOM10
2025-08-01,1.9233338132992264,1.493651080176268,Low participation AND weak MOM10
2025-08-04,1.9352327555229012,1.5028917370931554,Low participation AND weak MOM10
2025-08-05,1.944227017205205,1.5098766341423662,Low participation AND weak MOM10
2025-08-06,1.967689670835398,1.528097609459399,Low participation AND weak MOM10
2025-08-07,1.9609807687998226,1.5228875108779965,Low participation AND weak MOM10
2025-08-08,1.9374774150086869,1.5046349280267255,Low participation AND weak MOM10
2025-08-11,1.9746103764201284,1.5334721935803333,Low participation AND weak MOM10
2025-08-12,1.9919485859613812,1.5469369573309335,Low participation AND weak MOM10
2025-08-13,2.0268080247957463,1.5740086170237315,Low participation AND weak MOM10
2025-08-14,2.008241209216067,1.5595897241855452,Low participation AND weak MOM10
2025-08-15,2.0566309616733656,1.597168955376476,Low participation AND weak MOM10
2025-08-18,2.1083508518038747,1.6373343542406071,Low participation AND weak MOM10
2025-08-19,2.0987718817025702,1.6298953756608838,Low participation AND weak MOM10
2025-08-20,2.1197210039479675,1.6461643555198233,Low participation AND weak MOM10
2025-08-21,2.128110649751957,1.6526797110087024,Low participation AND weak MOM10
2025-08-22,2.172374661654608,1.6870549134484276,Low participation AND weak MOM10
2025-08-25,2.2190279994898616,1.7232856540352222,Low participation AND weak MOM10
2025-08-26,2.204877514435974,1.7122964606151256,Low participation AND weak MOM10
2025-08-27,2.175585760470835,1.68954863616169,Low participation AND weak MOM10
2025-08-28,2.212241656486728,1.7180154151994123,Low participation AND weak MOM10
2025-08-29,2.231452836498323,1.7329347181188344,Low participation AND weak MOM10
2025-09-01,2.234434605004686,1.7352503441009544,Low participation AND weak MOM10
2025-09-02,2.153322500148865,1.6722591034772345,Low participation AND weak MOM10
2025-09-03,2.1473220577935828,1.6675991910150658,Low participation AND weak MOM10
2025-09-04,2.0341196048871155,1.579686752262531,Low participation AND weak MOM10
2025-09-05,2.13446069354337,1.6576111221358953,Low participation AND weak MOM10
2025-09-08,2.117376975848367,1.6443439954353065,Low participation AND weak MOM10
2025-09-09,2.0779331515049995,1.6137121256946647,Low participation AND weak MOM10
2025-09-10,2.1133086280748525,1.6411845376207428,Low participation AND weak MOM10
2025-09-11,2.2423773709730495,1.7414186550234783,Low participation AND weak MOM10
2025-09-12,2.2277578626226227,1.7300652205399425,Low participation AND weak MOM10
2025-09-15,2.226671019704656,1.729221183957641,Low participation AND weak MOM10
2025-09-16,2.2440733694296973,1.742735758642846,Low participation AND weak MOM10
2025-09-17,2.305466310103754,1.7904131984709868,Low participation AND weak MOM10
2025-09-18,2.265378125751036,1.75928092208365,Low participation AND weak MOM10
2025-09-19,2.2682698177885396,1.7615265951464791,Low participation AND weak MOM10
2025-09-22,2.2617493352605957,1.7564628221790461,Low participation AND weak MOM10
2025-09-23,2.244586095019496,1.7431339386809348,Low participation AND weak MOM10
2025-09-24,2.2931435432770355,1.7808434015619858,Low participation AND weak MOM10
2025-09-25,2.305027695196385,1.7900725724051199,Low participation AND weak MOM10
2025-09-26,2.261859872899908,1.7565486651373605,Low participation AND weak MOM10
2025-09-29,2.2850152335526226,1.7745309983192796,Low participation AND weak MOM10
2025-09-30,2.302727280843709,1.788286082530628,Low participation AND weak MOM10
2025-10-09,2.3664026040934645,1.8377360088486305,Low participation AND weak MOM10
2025-10-10,2.2584064078225183,1.7538667220406772,Low participation AND weak MOM10
2025-10-13,2.30934454254428,1.7934250137023895,Low participation AND weak MOM10
2025-10-14,2.1866057038877136,1.698106667156771,Low participation AND weak MOM10
2025-10-15,2.1998394281924183,1.7083839089261394,Low participation AND weak MOM10
2025-10-16,2.1869477359114953,1.698372287455361,Low participation AND weak MOM10
2025-10-17,2.10748953735569,1.6366654619001264,Low participation AND weak MOM10
2025-10-20,2.1192812412739865,1.6458228381043487,Low participation AND weak MOM10
2025-10-21,2.1661036668815052,1.6821848913795296,Low participation AND weak MOM10
2025-10-22,2.163114734831115,1.679863702226212,Low participation AND weak MOM10
2025-10-23,2.1780807632237265,1.6914862423801895,Low participation AND weak MOM10
2025-10-24,2.1651606763640916,1.6814525698266136,Low participation AND weak MOM10
2025-10-27,2.17789397702692,1.691341185186949,Low participation AND weak MOM10
2025-10-28,2.1707646614011837,1.685804595588375,Low participation AND weak MOM10
2025-10-29,2.1733766425012786,1.687833046585586,Low participation AND weak MOM10
2025-10-30,2.1669437578214987,1.6828373016534464,Low participation AND weak MOM10
2025-10-31,2.1635090283199565,1.6801699085079518,Low participation AND weak MOM10
2025-11-03,2.1943386864947874,1.7041120614071987,Low participation AND weak MOM10
2025-11-04,2.1912954894792143,1.7017487303629102,Low participation AND weak MOM10
2025-11-05,2.1594388211765994,1.6770090067163965,Low participation AND weak MOM10
2025-11-06,2.187558494009338,1.6988465990315735,Low participation AND weak MOM10
2025-11-07,2.1549474809652365,1.6735210551649005,Low participation AND weak MOM10
2025-11-10,2.177725937202345,1.6912106863293126,Low participation AND weak MOM10
2025-11-11,2.1606291942357565,1.6779334442702567,Low participation AND weak MOM10
2025-11-12,2.150244315890691,1.6698686015215096,Low participation AND weak MOM10
2025-11-13,2.1642057278967015,1.680710961791666,Low participation AND weak MOM10
2025-11-14,2.1152136620651554,1.6426639771531384,Low participation AND weak MOM10
2025-11-17,2.1290042608409006,1.6533736847531602,Low participation AND weak MOM10
2025-11-18,2.1127503069702587,1.6407509483419624,Low participation AND weak MOM10
2025-11-19,2.1201806769448726,1.6465213351889831,Low participation AND weak MOM10
2025-11-20,2.1106352009906377,1.6391083679904381,Low participation AND weak MOM10
2025-11-21,2.052429316359208,1.5939059793820782,Low participation AND weak MOM10
2025-11-24,2.049024959311161,1.5912621733266963,Low participation AND weak MOM10
2025-11-25,2.063324099962507,1.6023668119140244,Low participation AND weak MOM10
2025-11-26,2.059483646697472,1.5993843357946835,Low participation AND weak MOM10
2025-11-27,2.066330625471202,1.6047016640559606,Low participation AND weak MOM10
2025-11-28,2.0725320995477197,1.609517696711876,Low participation AND weak MOM10
2025-12-01,2.084211274470424,1.6185876834808088,Low participation AND weak MOM10
2025-12-02,2.086771780282285,1.6205761590357226,Low participation AND weak MOM10
2025-12-03,2.0746370503882545,1.611152390634971,Low participation AND weak MOM10
2025-12-04,2.1036403728375963,1.633676220666768,Low participation AND weak MOM10
2025-12-05,2.1231859517526526,1.6488552160430647,Low participation AND weak MOM10
2025-12-08,2.2098811681803787,1.7161822722035665,Low participation AND weak MOM10
2025-12-09,2.257502670391958,1.7531648842317553,Low participation AND weak MOM10
2025-12-10,2.2714646384830193,1.764007676354682,Low participation AND weak MOM10
2025-12-11,2.2086811933790536,1.7152503779864574,Low participation AND weak MOM10
2025-12-12,2.2303572283829336,1.7320838745296008,Low participation AND weak MOM10
2025-12-15,2.192627353155573,1.702783048797435,Low participation AND weak MOM10
2025-12-16,2.131109680663342,1.6550087428851752,Low participation AND weak MOM10
2025-12-17,2.1230756609879355,1.648769564806283,Low participation AND weak MOM10
2025-12-18,2.174674099863053,1.6888406452543645,Low participation AND weak MOM10
2025-12-19,2.19802872967594,1.7069777298342361,Low participation AND weak MOM10
2025-12-22,2.2198566206294186,1.7239291569215118,Low participation AND weak MOM10
2025-12-23,2.151909505410633,1.671161779080164,Low participation AND weak MOM10
2025-12-24,2.2391342586313745,1.7389000707721218,Low participation AND weak MOM10
2025-12-25,2.342059468795702,1.8188312560277933,Low participation AND weak MOM10
2025-12-26,2.3973952933203058,1.8618047708186753,Low participation AND weak MOM10
2025-12-29,2.436812634138064,1.8924160735904638,Low participation AND weak MOM10
2025-12-30,2.419235828690574,1.8787660174945557,Low participation AND weak MOM10
2025-12-31,2.5024681982837396,1.9434038447343356,Low participation AND weak MOM10
2026-01-05,2.559199705915848,1.9874612397995073,Low participation AND weak MOM10
2026-01-06,2.697179494862128,2.094615629420817,Low participation AND weak MOM10
2026-01-07,2.668415151383094,2.072277389219902,Low participation AND weak MOM10
2026-01-08,2.7422865556862637,2.129645539287568,Low participation AND weak MOM10
2026-01-09,2.8405718439970746,2.205973385257819,Low participation AND weak MOM10
2026-01-12,3.002710003799753,2.331889040591533,Low participation AND weak MOM10
2026-01-13,2.8745730497621187,2.2323785455930065,Low participation AND weak MOM10
2026-01-14,2.892184408997833,2.2460554359819263,Low participation AND weak MOM10
2026-01-15,2.755556820308812,2.1399511580785635,Low participation AND weak MOM10
2026-01-16,2.7228418675384525,2.1145448951586907,Low participation AND weak MOM10
2026-01-19,2.7185219390263327,2.1111900610452383,Low participation AND weak MOM10
2026-01-20,2.718558416165156,2.1112183890023655,Low participation AND weak MOM10
2026-01-21,2.76987522393766,2.1510707561944735,Low participation AND weak MOM10
2026-01-22,2.7657585047500395,2.1478737333901883,Low participation AND weak MOM10
2026-01-23,2.828444682707137,2.1965554945958146,Low participation AND weak MOM10
2026-01-26,2.922190736857812,2.2693581948219532,Low participation AND weak MOM10
2026-01-27,2.899803675681092,2.251972519034753,Low participation AND weak MOM10
2026-01-28,3.0335406673697705,2.355831974275475,Low participation AND weak MOM10
2026-01-29,3.073246277072654,2.3866671451707635,Low participation AND weak MOM10
2026-01-30,2.944781360428273,2.286901956110064,Low participation AND weak MOM10
2026-02-02,2.725152584458572,2.1163393859537107,Low participation AND weak MOM10
2026-02-03,2.8105925753665115,2.18269164047524,Low participation AND weak MOM10
2026-02-04,2.828156226544813,2.196331481033811,Low participation AND weak MOM10
2026-02-05,2.7399905153985205,2.127862446289253,Low participation AND weak MOM10
2026-02-06,2.7519698299718263,2.1371655199566866,Low participation AND weak MOM10
2026-02-09,2.7992201396499756,2.1738598657854893,Low participation AND weak MOM10
2026-02-10,2.802863433726545,2.176689229099979,Low participation AND weak MOM10
2026-02-11,2.837386802969125,2.2034998988880017,Low participation AND weak MOM10
2026-02-12,2.8608474800986623,2.2217193392648595,Low participation AND weak MOM10
2026-02-13,2.851236466838551,2.2142554761339306,Low participation AND weak MOM10
2026-02-24,2.8405800205188925,2.205979735102323,Low participation AND weak MOM10
2026-02-25,2.844114937764521,2.2087249335310917,Low participation AND weak MOM10
2026-02-26,2.8321547629313675,2.1994367236867527,Low participation AND weak MOM10
2026-02-27,2.8450427850008966,2.209445494890367,Low participation AND weak MOM10
2026-03-02,2.8359759957220882,2.2024042732852664,Low participation AND weak MOM10
2026-03-03,2.8101927535346567,2.1823811409109433,Low participation AND weak MOM10
2026-03-04,2.754375947536659,2.1390340983983966,Low participation AND weak MOM10
2026-03-05,2.7914232605354594,2.167804849838245,Low participation AND weak MOM10
2026-03-06,2.801229682122955,2.1754204660643754,Low participation AND weak MOM10
2026-03-09,2.837038974179843,2.2032297768513414,Low participation AND weak MOM10
2026-03-10,2.812039123732,2.183815022445494,Low participation AND weak MOM10
2026-03-11,2.864377727448525,2.2244609110767586,Low participation AND weak MOM10
2026-03-12,2.9244034710621403,2.2710765927472556,Low participation AND weak MOM10
2026-03-13,2.872290862683587,2.2306062109252314,Low participation AND weak MOM10
2026-03-16,2.8061077464088715,2.17920874552967,Low participation AND weak MOM10
2026-03-17,2.7875917059355664,2.164829284376175,Low participation AND weak MOM10
2026-03-18,2.7915823834846667,2.1679284238966434,Low participation AND weak MOM10
2026-03-19,2.8118022414349473,2.183631060880205,Low participation AND weak MOM10
2026-03-20,2.819590936752582,2.1896797213331682,Low participation AND weak MOM10
2026-03-23,2.732367066857124,2.1219421156270513,Low participation AND weak MOM10
2026-03-24,2.77953432175265,2.1585719615417345,Low participation AND weak MOM10
2026-03-25,2.7991628150560213,2.1738153478026576,Low participation AND weak MOM10
2026-03-26,2.8039532619394425,2.177535584046867,Low participation AND weak MOM10
2026-03-27,2.7989029597201203,2.173613545494356,Low participation AND weak MOM10
2026-03-30,2.8103415732752897,2.182496713550914,Low participation AND weak MOM10
2026-03-31,2.8243375960176276,2.193365952339684,Low participation AND weak MOM10
2026-04-01,2.8254737990431282,2.194248321725905,Low participation AND weak MOM10
2026-04-02,2.835267301127813,2.201853904733051,Low participation AND weak MOM10
2026-04-03,2.804228620303325,2.178294135637759,Low participation AND weak MOM10
2026-04-07,2.8067686281550466,2.178294135637759,Low participation AND weak MOM10
2026-04-08,2.820182294876587,2.178294135637759,Low participation AND weak MOM10
2026-04-09,2.7720998455600614,2.178294135637759,Low participation AND weak MOM10
2026-04-10,2.772861473800374,2.178294135637759,Low participation AND weak MOM10
2026-04-13,2.7601517623127902,2.178294135637759,Low participation AND weak MOM10
2026-04-14,2.7696565405973557,2.178294135637759,Low participation AND weak MOM10
2026-04-15,2.887921406798777,2.178294135637759,Low participation AND weak MOM10
2026-04-16,2.8975590217608547,2.178294135637759,Low participation AND weak MOM10
2026-04-17,2.8598347049711212,2.178294135637759,Low participation AND weak MOM10
2026-04-20,2.8432914302905736,2.176660687322798,Low participation AND weak MOM10
2026-04-21,2.8293098108273673,2.165957162138411,Low participation AND weak MOM10
2026-04-22,2.9224406062658077,2.2372527525412687,Low participation AND weak MOM10
2026-04-23,2.874090523581061,2.200238704987959,Low participation AND weak MOM10
2026-04-24,2.865763279168816,2.1938638447282033,Low participation AND weak MOM10
2026-04-27,2.9407271067767025,2.2512518475150487,Low participation AND weak MOM10
2026-04-28,2.8890348752323973,2.2116792426656833,Low participation AND weak MOM10
2026-04-29,2.9085734351453456,2.2266368424376735,Low participation AND weak MOM10
2026-04-30,3.011471239672223,2.305409494280327,Low participation AND weak MOM10
2026-05-06,3.126376382009566,2.3933742746163915,Low participation AND weak MOM10
2026-05-07,3.215953365452648,2.461949270577884,Low participation AND weak MOM10
2026-05-08,3.1977222781085306,2.447992596743351,Low participation AND weak MOM10
2026-05-11,3.2319170496728162,2.4741701507510165,Low participation AND weak MOM10
2026-05-12,3.2294106488230447,2.4722513941514466,Low participation AND weak MOM10
2026-05-13,3.2327763094925905,2.474827950739429,Low participation AND weak MOM10
2026-05-14,3.1878594938650586,2.440442215343257,Low participation AND weak MOM10
2026-05-15,3.1659633737291055,2.4236798028106965,Low participation AND weak MOM10
2026-05-18,3.145431957606787,2.4079621293241096,Low participation AND weak MOM10
2026-05-19,3.1638673764708405,2.422075227639752,Low participation AND weak MOM10
2026-05-20,3.158625349361636,2.418062232626673,Low participation AND weak MOM10
2026-05-21,3.113453851854539,2.3834815274046446,Low participation AND weak MOM10
2026-05-22,3.1439196783714753,2.406804415160627,Low participation AND weak MOM10
2026-05-25,3.3034820757922727,2.528956226241537,Low participation AND weak MOM10
2026-05-26,3.224339793662953,2.4683694385557264,Low participation AND weak MOM10
2026-05-27,3.1091156264913526,2.3801604311215847,Low participation AND weak MOM10
2026-05-28,3.15271534559733,2.4135378730346,Low participation AND weak MOM10
2026-05-29,2.971411683759463,2.274742198069329,Low participation AND weak MOM10
2026-06-01,2.816964055547076,2.156505960658451,Low participation AND weak MOM10
2026-06-02,2.8617248877416426,2.190772284093263,Low participation AND weak MOM10
2026-06-03,2.937676236573164,2.2489162764359043,Low participation AND weak MOM10
2026-06-04,3.044248859884138,2.3305021585704524,Low participation AND weak MOM10
2026-06-05,2.9593739440288007,2.2655267956111715,Low participation AND weak MOM10
2026-06-08,2.856911229763156,2.187087223894239,Low participation AND weak MOM10
2026-06-09,2.9684210267006925,2.2724527227170164,Low participation AND weak MOM10
2026-06-10,2.859713165830451,2.1892322252898397,Low participation AND weak MOM10
2026-06-11,2.85870137718239,2.188457657987082,Low participation AND weak MOM10
2026-06-12,2.8973969706311227,2.218080782839913,Low participation AND weak MOM10
2026-06-15,3.0237686661688223,2.314823698018019,Low participation AND weak MOM10
2026-06-16,3.0438381797282834,2.3301877654200394,Low participation AND weak MOM10
2026-06-17,3.0552220918495148,2.338902634996279,Low participation AND weak MOM10
2026-06-18,3.071702521846669,2.351519106070197,Low participation AND weak MOM10
2026-06-22,3.1658534320072866,2.423595637740161,Low participation AND weak MOM10
2026-06-23,3.161741085857523,2.420447461615303,Low participation AND weak MOM10
2026-06-24,3.3350471986858277,2.553120672193492,Low participation AND weak MOM10
2026-06-25,3.433616400670111,2.62857959443209,Low participation AND weak MOM10
2026-06-26,3.540280788570502,2.7102357262681442,Low participation AND weak MOM10
2026-06-29,3.856855892833147,2.9525874516989754,Low participation AND weak MOM10
2026-06-30,3.994569197350782,3.058012851596944,Low participation AND weak MOM10
2026-07-01,4.014382331565448,3.0731806496911775,Low participation AND weak MOM10
2026-07-02,3.616549305143158,2.768622524024983,Low participation AND weak MOM10
2026-07-03,3.5021363243713934,2.681034514328816,Low participation AND weak MOM10
2026-07-06,3.5020032948344344,2.680932674552469,Low participation AND weak MOM10
2026-07-07,3.3499702380666903,2.564544894420467,Low participation AND weak MOM10
2026-07-08,3.310977289066696,2.5346941312285995,Low participation AND weak MOM10
2026-07-09,3.361282710503597,2.5732050738756986,Low participation AND weak MOM10
2026-07-10,3.447487687193209,2.6391986550516813,Low participation AND weak MOM10
2026-07-13,3.374092006743833,2.5830111357029746,Low participation AND weak MOM10
2026-07-14,3.444286246169971,2.6367478155971575,Low participation AND weak MOM10
2026-07-15,3.573303086908643,2.73551570208488,Low participation AND weak MOM10
2026-07-16,3.5367445221769453,2.707528563732235,Low participation AND weak MOM10
2026-07-17,3.2978730290322256,2.5246622620541577,Low participation AND weak MOM10
2026-07-20,3.3920885895885906,2.5967882863555642,Low participation AND weak MOM10
2026-07-21,3.393726607187841,2.5980422585919127,Low participation AND weak MOM10
2026-07-22,3.3234728654775645,2.544260027164985,Low participation AND weak MOM10
2026-07-23,3.3638784032018134,2.575192187188245,Low participation AND weak MOM10
2026-07-24,3.3052637076206035,2.5303201412868597,Low participation AND weak MOM10
2026-07-27,3.364811249281352,2.575906320592588,Low participation AND weak MOM10
2026-07-28,3.370607115406643,2.580343302960807,Low participation AND weak MOM10
2026-07-29,3.4542676797960916,2.644389028153015,Low participation AND weak MOM10
2026-07-30,3.456985717014096,2.646469801406183,Low participation AND weak MOM10
2026-07-31,3.4469288923979087,2.638770873836483,Low participation AND weak MOM10
2026-08-03,3.4271769447614444,2.623649916673834,Low participation AND weak MOM10
2026-08-04,3.3617267949307887,2.5735450394185273,Low participation AND weak MOM10
2026-08-05,3.3417187535232387,2.5582280315669297,Low participation AND weak MOM10
2026-08-06,3.328580980115857,2.54817050647817,Low participation AND weak MOM10
2026-08-07,3.3140861679704408,2.5370741104383767,Low participation AND weak MOM10
2026-08-10,3.336219057910035,2.5540177803397883,Low participation AND weak MOM10
2026-08-11,3.331296932116097,2.550249683408329,Low participation AND weak MOM10
2026-08-12,3.3150723934084554,2.5378291080150914,Low participation AND weak MOM10
2026-08-13,3.313569702130633,2.536678733841423,Low participation AND weak MOM10
2026-08-14,3.310168269820424,2.5340747925389784,Low participation AND weak MOM10
2026-08-17,3.3935293990146516,2.5978912873361257,Low participation AND weak MOM10
2026-08-18,3.3863417069513706,2.5923888029336997,Low participation AND weak MOM10
2026-08-19,3.207587381436369,2.455544753501298,Low participation AND weak MOM10
2026-08-20,3.2453189595556933,2.4844298835614937,Low participation AND weak MOM10
2026-08-21,3.252364445075161,2.489823502797971,Low participation AND weak MOM10
2026-08-24,3.210766664771219,2.4579786303016515,Low participation AND weak MOM10
2026-08-25,3.2410373903228855,2.481152159959256,Low participation AND weak MOM10
2026-08-26,3.239965819125139,2.480331826568541,Low participation AND weak MOM10
2026-08-27,3.3117761560460397,2.535305697925496,Low participation AND weak MOM10
2026-08-28,3.3056731477589394,2.5306335851510497,Low participation AND weak MOM10
2026-08-31,3.3043195544647275,2.5295973518340045,Low participation AND weak MOM10
2026-09-01,3.3031509993342887,2.528702773112211,Low participation AND weak MOM10
2026-09-02,3.269765108775568,2.5031444519650186,Low participation AND weak MOM10
2026-09-03,3.266172423141372,2.5003940980974706,Low participation AND weak MOM10
2026-09-04,3.275220191487845,2.5073205501164106,Low participation AND weak MOM10
2026-09-07,3.2485650363240217,2.486914893579946,Low participation AND weak MOM10
2026-09-08,3.282592870925819,2.5129646502328846,Low participation AND weak MOM10
2026-09-09,3.311689984553216,2.535239729977646,Low participation AND weak MOM10
2026-09-10,3.2943310190952784,2.5219507025911616,Low participation AND weak MOM10
2026-09-11,3.2606875850676467,2.4961952209495912,Low participation AND weak MOM10
2022-01-13,0.9996999999999999,0.99975,Low participation AND negative median60
2022-01-14,0.9796322089973472,0.99975,Low participation AND negative median60
2022-01-17,0.9817285363589482,0.99975,Low participation AND negative median60
2022-01-18,0.9956456553248488,0.99975,Low participation AND negative median60
2022-01-19,1.0008939411627908,0.99975,Low participation AND negative median60
2022-01-20,1.0099871491482644,0.99975,Low participation AND negative median60
2022-01-21,1.006122132984746,0.99975,Low participation AND negative median60
2022-01-24,1.0057434792381181,0.99975,Low participation AND negative median60
2022-01-25,0.9838298039712604,0.99975,Low participation AND negative median60
2022-01-26,0.9841786536360162,0.99975,Low participation AND negative median60
2022-01-27,0.9736190507184653,0.99975,Low participation AND negative median60
2022-01-28,0.9683736945399505,0.99975,Low participation AND negative median60
2022-02-07,0.9898854217879753,0.99975,Low participation AND negative median60
2022-02-08,0.9898236218110854,0.99975,Low participation AND negative median60
2022-02-09,0.993334625696742,0.99975,Low participation AND negative median60
2022-02-10,0.9899013146001399,0.99975,Low participation AND negative median60
2022-02-11,0.9912541981208622,0.99975,Low participation AND negative median60
2022-02-14,0.9723231407589951,0.99975,Low participation AND negative median60
2022-02-15,0.9686389996885398,0.99975,Low participation AND negative median60
2022-02-16,0.9740939628893402,0.99975,Low participation AND negative median60
2022-02-17,0.9747894991286506,0.99975,Low participation AND negative median60
2022-02-18,0.9840682158868963,0.99975,Low participation AND negative median60
2022-02-21,0.9890704336066021,0.99975,Low participation AND negative median60
2022-02-22,0.9931503874584439,0.99975,Low participation AND negative median60
2022-02-23,0.9937114985862834,0.99975,Low participation AND negative median60
2022-02-24,0.9791569020999967,0.99975,Low participation AND negative median60
2022-02-25,0.9836149071887307,0.99975,Low participation AND negative median60
2022-02-28,0.9972214427044419,0.99975,Low participation AND negative median60
2022-03-01,0.9936337482886332,0.99975,Low participation AND negative median60
2022-03-02,1.0006131437314711,0.99975,Low participation AND negative median60
2022-03-03,1.0057780728567647,0.9990502874718751,Low participation AND negative median60
2022-03-04,0.9954381490646855,0.9887795288267069,Low participation AND negative median60
2022-03-07,0.9774351782525033,0.9708969823180399,Low participation AND negative median60
2022-03-08,0.9676855479973879,0.9612125686566333,Low participation AND negative median60
2022-03-09,0.9701973339048993,0.9637075528889296,Low participation AND negative median60
2022-03-10,1.0011217525043854,0.9944251138752854,Low participation AND negative median60
2022-03-11,0.9923167780377935,0.9856790370722334,Low participation AND negative median60
2022-03-14,0.9652862131072358,0.9588292832416517,Low participation AND negative median60
2022-03-15,0.9370184505782799,0.9307506075945222,Low participation AND negative median60
2022-03-16,0.9729400032655517,0.9664318761637625,Low participation AND negative median60
2022-03-17,0.9726635963572899,0.9663989783382702,Low participation AND negative median60
2022-03-18,0.9798687787624073,0.9663989783382702,Low participation AND negative median60
2022-03-21,0.9931787915483301,0.9663989783382702,Low participation AND negative median60
2022-03-22,0.9808129950446965,0.9663989783382702,Low participation AND negative median60
2022-03-23,0.9991849286240169,0.9663989783382702,Low participation AND negative median60
2022-03-24,1.0021182576236578,0.9663989783382702,Low participation AND negative median60
2022-03-25,0.9941037191749418,0.9663989783382702,Low participation AND negative median60
2022-03-28,0.98630577082617,0.9663989783382702,Low participation AND negative median60
2022-03-29,0.999624496136283,0.9663989783382702,Low participation AND negative median60
2022-03-30,1.014770177609866,0.9663989783382702,Low participation AND negative median60
2022-03-31,1.0087644031952991,0.9658192235111779,Low participation AND negative median60
2022-04-01,1.0107485291087828,0.967718881095287,Low participation AND negative median60
2022-04-06,1.017447218337851,0.9741323933180304,Low participation AND negative median60
2022-04-07,0.9950026140500141,0.952643302092537,Low participation AND negative median60
2022-04-08,0.9984939341720975,0.9559859895214932,Low participation AND negative median60
2022-04-11,0.9852982162372105,0.9433520404951637,Low participation AND negative median60
2022-04-12,0.980620526006087,0.9388734891777905,Low participation AND negative median60
2022-04-13,0.9752355580613079,0.9337177704167151,Low participation AND negative median60
2022-04-14,0.9930435459581339,0.9507676355669221,Low participation AND negative median60
2022-04-15,0.9803240913492167,0.938589674355208,Low participation AND negative median60
2022-04-18,0.9811834495432873,0.9396474184971133,Low participation AND negative median60
2022-04-19,0.9821856846014775,0.9396474184971133,Low participation AND negative median60
2022-04-20,0.9653549385883676,0.9396474184971133,Low participation AND negative median60
2022-04-21,0.9534282854922582,0.9396474184971133,Low participation AND negative median60
2022-04-22,0.9676503633855463,0.9396474184971133,Low participation AND negative median60
2022-04-25,0.9303243670819165,0.9396474184971133,Low participation AND negative median60
2022-04-26,0.9169303834296844,0.9396474184971133,Low participation AND negative median60
2022-04-27,0.9232100610991717,0.9396474184971133,Low participation AND negative median60
2022-04-28,0.945127813776018,0.9396474184971133,Low participation AND negative median60
2022-04-29,0.9501433246380624,0.9396474184971133,Low participation AND negative median60
2022-05-05,0.9433922166580927,0.9396474184971133,Low participation AND negative median60
2022-05-06,0.8944505596784718,0.9396474184971133,Low participation AND negative median60
2022-05-09,0.872451413248792,0.9396474184971133,Low participation AND negative median60
2022-05-10,0.8725895569463044,0.9396474184971133,Low participation AND negative median60
2022-05-11,0.8947104290027987,0.9396474184971133,Low participation AND negative median60
2022-05-12,0.8732646713108815,0.9396474184971133,Low participation AND negative median60
2022-05-13,0.9083429063983722,0.9396474184971133,Low participation AND negative median60
2022-05-16,0.9084482781203129,0.9396474184971133,Low participation AND negative median60
2022-05-17,0.9566301709457374,0.9396474184971133,Low participation AND negative median60
2022-05-18,0.9479152274913851,0.9396474184971133,Low participation AND negative median60
2022-05-19,0.9217893901426547,0.9389428003891679,Low participation AND negative median60
2022-05-20,0.9299384223096653,0.9472434764060292,Low participation AND negative median60
2022-05-23,0.9313052438075344,0.9486357328352802,Low participation AND negative median60
2022-05-24,0.9003117992284603,0.9170655369120241,Low participation AND negative median60
2022-05-25,0.910004421278275,0.9269385271936311,Low participation AND negative median60
2022-05-26,0.9194468515629848,0.9365566699373143,Low participation AND negative median60
2022-05-27,0.9165278086452278,0.9335833070835384,Low participation AND negative median60
2022-05-30,0.9231415979277586,0.9403201711617444,Low participation AND negative median60
2022-05-31,0.9380733092240903,0.9555297439438856,Low participation AND negative median60
2022-06-01,0.9364166555232583,0.9538422618771919,Low participation AND negative median60
2022-06-02,0.9561740077677378,0.9739672750776973,Low participation AND negative median60
2022-06-06,0.9782953978576558,0.9965003180717315,Low participation AND negative median60
2022-06-07,0.9757489505823735,0.9939064844246258,Low participation AND negative median60
2022-06-08,0.995195688641142,1.0137151032768226,Low participation AND negative median60
2022-06-09,0.9863119289674446,1.0046660273434198,Low participation AND negative median60
2022-06-10,1.00438775596448,1.0230782241005556,Low participation AND negative median60
2022-06-13,1.0018905026935059,1.0205344998999908,Low participation AND negative median60
2022-06-14,1.0162477189304782,1.035158886949238,Low participation AND negative median60
2022-06-15,1.006654559011815,1.0253872096713983,Low participation AND negative median60
2022-06-16,0.9968262127748932,1.0153759695360987,Low participation AND negative median60
2022-06-17,1.0039466036248113,1.0226288624376458,Low participation AND negative median60
2022-06-20,1.0081965183184758,1.0269578630169074,Low participation AND negative median60
2022-06-21,0.9901467118976021,1.0085721710480784,Low participation AND negative median60
2022-06-22,0.9899489731465894,1.0083707526127972,Low participation AND negative median60
2022-06-23,1.0016776430106464,1.0203176791502067,Low participation AND negative median60
2022-06-24,1.0093110589685126,1.0280931439501486,Low participation AND negative median60
2022-06-27,1.0251974138381228,1.0442751250933027,Low participation AND negative median60
2022-06-28,1.0341140387067822,1.0533576778040723,Low participation AND negative median60
2022-06-29,0.9993246241257029,1.0179208733669947,Low participation AND negative median60
2022-06-30,1.0168725211747602,1.0357953160242623,Low participation AND negative median60
2022-07-01,1.0203743343605944,1.0393622938114964,Low participation AND negative median60
2022-07-04,1.0292426955800682,1.0483956847436555,Low participation AND negative median60
2022-07-05,1.025179972104382,1.0442573587895274,Low participation AND negative median60
2022-07-06,1.002683803713717,1.021342563313862,Low participation AND negative median60
2022-07-07,0.9991821561500697,1.0177757542308477,Low participation AND negative median60
2022-07-08,0.9996489469665958,1.0182512314723433,Low participation AND negative median60
2022-07-11,0.9855904114202825,1.0039310832081252,Low participation AND negative median60
2022-07-12,0.97135570821973,0.9894314890179957,Low participation AND negative median60
2022-07-13,0.9774013636515478,0.9955896469465227,Low participation AND negative median60
2022-07-14,0.9817652778427475,1.000034768419128,Low participation AND negative median60
2022-07-15,0.9706702010817273,0.9887332254029813,Low participation AND negative median60
2022-07-18,0.9775001451465939,0.9956902666483516,Low participation AND negative median60
2022-07-19,0.9656017402685736,0.9835704465291338,Low participation AND negative median60
2022-07-20,0.9666981780686675,0.984687287739807,Low participation AND negative median60
2022-07-21,0.9580955410306428,0.9759245658018113,Low participation AND negative median60
2022-07-22,0.9563240529587842,0.9741201124322738,Low participation AND negative median60
2022-07-25,0.9357452979592583,0.9531584111430159,Low participation AND negative median60
2022-07-26,0.9457101582739821,0.9633087057216353,Low participation AND negative median60
2022-07-27,0.9578001079982189,0.975623635110096,Low participation AND negative median60
2022-07-28,0.9577856046634738,0.9756088618854462,Low participation AND negative median60
2022-07-29,0.9606086691814867,0.978484460294983,Low participation AND negative median60
2022-08-01,0.9669648837511351,0.9849589564995622,Low participation AND negative median60
2022-08-02,0.955565284721254,0.9733472244153236,Low participation AND negative median60
2022-08-03,0.9578699084744997,0.9756947344906796,Low participation AND negative median60
2022-08-04,0.9691168976984251,0.9871510168809823,Low participation AND negative median60
2022-08-05,0.9910282105595729,1.0094700733575008,Low participation AND negative median60
2022-08-08,0.9911888467635167,1.0096336988111974,Low participation AND negative median60
2022-08-09,0.9883415352068763,1.0067334021543235,Low participation AND negative median60
2022-08-10,0.9779147518809919,0.9961125887236745,Low participation AND negative median60
2022-08-11,0.9990928316777554,1.0176847675357579,Low participation AND negative median60
2022-08-12,0.9878612300697068,1.0062441591066624,Low participation AND negative median60
2022-08-15,0.9891885686989371,1.0075961979377899,Low participation AND negative median60
2022-08-16,0.990281505217761,1.0087094727124903,Low participation AND negative median60
2022-08-17,0.9901076989317665,1.0085324320970936,Low participation AND negative median60
2022-08-18,0.9922895478695631,1.0107548826629045,Low participation AND negative median60
2022-08-19,0.977500161125033,0.9956902829241304,Low participation AND negative median60
2022-08-22,0.9725260570642664,0.9906236166702255,Low participation AND negative median60
2022-08-23,0.9616375249655517,0.9795324618682458,Low participation AND negative median60
2022-08-24,0.9383844605801858,0.9558466854586843,Low participation AND negative median60
2022-08-25,0.9387579031629341,0.9562270773661852,Low participation AND negative median60
2022-08-26,0.9340298618735934,0.9514110528208362,Low participation AND negative median60
2022-08-29,0.9372963045445576,0.9547382801263179,Low participation AND negative median60
2022-08-30,0.9250937344919812,0.9423086346784156,Low participation AND negative median60
2022-08-31,0.9095420274382353,0.9264675287511536,Low participation AND negative median60
2022-09-01,0.9143077633553098,0.9313219493766728,Low participation AND negative median60
2022-09-02,0.9156725157107759,0.9327120981592278,Low participation AND negative median60
2022-09-05,0.9302478950054237,0.9475587080226077,Low participation AND negative median60
2022-09-06,0.9424959684276689,0.9600347036040663,Low participation AND negative median60
2022-09-07,0.9404816864243345,0.9579829381951678,Low participation AND negative median60
2022-09-08,0.929501381123524,0.9467983024003519,Low participation AND negative median60
2022-09-09,0.9347506461795552,0.9523357648518451,Low participation AND negative median60
2022-09-13,0.9284214253362983,0.9523357648518451,Low participation AND negative median60
2022-09-14,0.920767386987137,0.9523357648518451,Low participation AND negative median60
2022-09-15,0.9220622554157885,0.9523357648518451,Low participation AND negative median60
2022-09-16,0.8923657097407791,0.9523357648518451,Low participation AND negative median60
2022-09-19,0.8886354389234069,0.9523357648518451,Low participation AND negative median60
2022-09-20,0.8847085328448936,0.9523357648518451,Low participation AND negative median60
2022-09-21,0.8914100276678499,0.9523357648518451,Low participation AND negative median60
2022-09-22,0.8863569065377104,0.9523357648518451,Low participation AND negative median60
2022-09-23,0.8801183553103253,0.9523357648518451,Low participation AND negative median60
2022-09-26,0.8625700555060657,0.9523357648518451,Low participation AND negative median60
2022-09-27,0.8712820670719164,0.9523357648518451,Low participation AND negative median60
2022-09-28,0.8654439297303209,0.9523357648518451,Low participation AND negative median60
2022-09-29,0.8582164499893514,0.9523357648518451,Low participation AND negative median60
2022-09-30,0.8580143440475408,0.9523357648518451,Low participation AND negative median60
2022-10-10,0.8405037220831898,0.9523357648518451,Low participation AND negative median60
2022-10-11,0.8398792533907422,0.9523357648518451,Low participation AND negative median60
2022-10-12,0.8421012389425089,0.9523357648518451,Low participation AND negative median60
2022-10-13,0.8321636772022148,0.9523357648518451,Low participation AND negative median60
2022-10-14,0.8441790706540375,0.9523357648518451,Low participation AND negative median60
2022-10-17,0.8433361611339414,0.9523357648518451,Low participation AND negative median60
2022-10-18,0.8562823867608258,0.9523357648518451,Low participation AND negative median60
2022-10-19,0.8392449497241892,0.9523357648518451,Low participation AND negative median60
2022-10-20,0.8422273256027935,0.9523357648518451,Low participation AND negative median60
2022-10-21,0.8430581911881931,0.9523357648518451,Low participation AND negative median60
2022-10-24,0.8181802883123722,0.9523357648518451,Low participation AND negative median60
2022-10-25,0.8011510143683639,0.9523357648518451,Low participation AND negative median60
2022-10-26,0.8359960723214089,0.9523357648518451,Low participation AND negative median60
2022-10-27,0.83248467109144,0.9523357648518451,Low participation AND negative median60
2022-10-28,0.8127171694826901,0.9523357648518451,Low participation AND negative median60
2022-10-31,0.8136664915317904,0.9523357648518451,Low participation AND negative median60
2022-11-01,0.8168772061629362,0.9523357648518451,Low participation AND negative median60
2022-11-02,0.8207096755828613,0.9523357648518451,Low participation AND negative median60
2022-11-03,0.8258864158843072,0.9523357648518451,Low participation AND negative median60
2022-11-04,0.8374270555432559,0.9523357648518451,Low participation AND negative median60
2022-11-07,0.8280369257470918,0.9523357648518451,Low participation AND negative median60
2022-11-08,0.8248514611078304,0.9523357648518451,Low participation AND negative median60
2022-11-09,0.819211476890285,0.9523357648518451,Low participation AND negative median60
2022-11-10,0.806536811354176,0.9523357648518451,Low participation AND negative median60
2022-11-11,0.8127258294862344,0.9523357648518451,Low participation AND negative median60
2022-11-14,0.8115326718008788,0.9516216320701768,Low participation AND negative median60
2022-11-15,0.8239291477760591,0.966158021188364,Low participation AND negative median60
2022-11-16,0.8230290133612914,0.9651025031413052,Low participation AND negative median60
2022-11-17,0.8354739488395885,0.9796957169728377,Low participation AND negative median60
2022-11-18,0.8324224079557105,0.9761174108649633,Low participation AND negative median60
2022-11-21,0.8235791748243902,0.9657476349611424,Low participation AND negative median60
2022-11-22,0.816620898189537,0.9575882018320231,Low participation AND negative median60
2022-11-23,0.8158395221162122,0.9566719425118557,Low participation AND negative median60
2022-11-24,0.8141012820980985,0.9546336428100133,Low participation AND negative median60
2022-11-25,0.8151776159606593,0.9558957763291351,Low participation AND negative median60
2022-11-28,0.8084102803543944,0.9481973535998952,Low participation AND negative median60
2022-11-29,0.8270018621319031,0.9481973535998952,Low participation AND negative median60
2022-11-30,0.8264184217488618,0.9481973535998952,Low participation AND negative median60
2022-12-01,0.8281150611617142,0.9481973535998952,Low participation AND negative median60
2022-12-02,0.8210113197900561,0.9481973535998952,Low participation AND negative median60
2022-12-05,0.8401057167023186,0.9481973535998952,Low participation AND negative median60
2022-12-06,0.8366614709338235,0.9481973535998952,Low participation AND negative median60
2022-12-07,0.8289029261554139,0.9481973535998952,Low participation AND negative median60
2022-12-08,0.8281917459014767,0.9481973535998952,Low participation AND negative median60
2022-12-09,0.8323033365979984,0.9481973535998952,Low participation AND negative median60
2022-12-12,0.8204060941700727,0.9474863241093645,Low participation AND negative median60
2022-12-13,0.8278337976417842,0.9560645727462247,Low participation AND negative median60
2022-12-14,0.8441137105968851,0.9748662308424546,Low participation AND negative median60
2022-12-15,0.8343751377833816,0.9636191611013746,Low participation AND negative median60
2022-12-16,0.8366128021743016,0.9662034378679776,Low participation AND negative median60
2022-12-19,0.8271975793893892,0.9553298048092521,Low participation AND negative median60
2022-12-20,0.8003630108894798,0.9243385836960542,Low participation AND negative median60
2022-12-21,0.8083083966499105,0.9335147031828271,Low participation AND negative median60
2022-12-22,0.8253457801441368,0.9531911633823531,Low participation AND negative median60
2022-12-23,0.829052407670667,0.9574719444673685,Low participation AND negative median60
2022-12-26,0.8201643972989309,0.9471598187580653,Low participation AND negative median60
2022-12-27,0.8274246374547681,0.9471598187580653,Low participation AND negative median60
2022-12-28,0.8224183547808275,0.9471598187580653,Low participation AND negative median60
2022-12-29,0.8109957736524229,0.9471598187580653,Low participation AND negative median60
2022-12-30,0.8170883636232669,0.9471598187580653,Low participation AND negative median60
2023-01-03,0.8072498127360616,0.9471598187580653,Low participation AND negative median60
2023-01-04,0.8133558714573587,0.9471598187580653,Low participation AND negative median60
2023-01-05,0.8356417594146419,0.9471598187580653,Low participation AND negative median60
2023-01-06,0.8321155114045533,0.9471598187580653,Low participation AND negative median60
2023-01-09,0.8482029739171881,0.9471598187580653,Low participation AND negative median60
2023-01-10,0.850309554229125,0.9464495672889742,Low participation AND negative median60
2023-01-11,0.8500321012491092,0.9461407441650038,Low participation AND negative median60
2023-01-12,0.8478416879910577,0.9437026724416461,Low participation AND negative median60
2023-01-13,0.8551357696947905,0.9518214574628575,Low participation AND negative median60
2023-01-16,0.8632007767920351,0.960798332342606,Low participation AND negative median60
2023-01-17,0.8628524256739017,0.9604105950022666,Low participation AND negative median60
2023-01-18,0.8643149732892492,0.962038505156634,Low participation AND negative median60
2023-01-19,0.8698654063129162,0.9682164963451235,Low participation AND negative median60
2023-01-20,0.8775605035776896,0.9767816376401594,Low participation AND negative median60
2023-01-30,0.8822749348882549,0.9820291048145617,Low participation AND negative median60
2023-01-31,0.878040276045097,0.9773156554480464,Low participation AND negative median60
2023-02-01,0.8881458788702262,0.9885638454436401,Low participation AND negative median60
2023-02-02,0.8876964662874788,0.9880636201523212,Low participation AND negative median60
2023-02-03,0.884742877429867,0.9847760845926737,Low participation AND negative median60
2023-02-06,0.8754283254050577,0.9744083853359441,Low participation AND negative median60
2023-02-07,0.8730680314464805,0.9717812253979432,Low participation AND negative median60
2023-02-08,0.868600772526248,0.9668088770913845,Low participation AND negative median60
2023-02-09,0.8830898963621725,0.9829362096806783,Low participation AND negative median60
2023-02-10,0.8769964797963862,0.9761538426670223,Low participation AND negative median60
2023-02-13,0.8832180284946541,0.9830788290370525,Low participation AND negative median60
2023-02-14,0.8820408635717093,0.9817685682897661,Low participation AND negative median60
2023-02-15,0.8908354321795883,0.9915574923492707,Low participation AND negative median60
2023-02-16,0.8782448053602113,0.977543309813242,Low participation AND negative median60
2023-02-17,0.8636571911714799,0.9613063510868167,Low participation AND negative median60
2023-02-20,0.8841043803761988,0.9840653960473621,Low participation AND negative median60
2023-02-21,0.8812317944368846,0.9808680219784219,Low participation AND negative median60
2023-02-22,0.8797884156193843,0.9792614479366946,Low participation AND negative median60
2023-02-23,0.8717082518168612,0.9702677026630042,Low participation AND negative median60
2023-02-24,0.8712680370062899,0.9697777150874122,Low participation AND negative median60
2023-02-27,0.8635704412353163,0.9612097927932682,Low participation AND negative median60
2023-02-28,0.8702742124167631,0.9686715239973079,Low participation AND negative median60
2023-03-01,0.874744593265011,0.973647347211804,Low participation AND negative median60
2023-03-02,0.8763297890021776,0.9754117726637441,Low participation AND negative median60
2023-03-03,0.8790096571113154,0.9783946393146833,Low participation AND negative median60
2023-03-06,0.8763485806005971,0.9754326889290081,Low participation AND negative median60
2023-03-07,0.8689668022828042,0.967216291900479,Low participation AND negative median60
2023-03-08,0.8677458085133568,0.9658572468103603,Low participation AND negative median60
2023-03-09,0.8669191298133097,0.9649370999132036,Low participation AND negative median60
2023-03-10,0.8520783380978594,0.9484183382134747,Low participation AND negative median60
2023-03-13,0.8640576199645003,0.9617520542498579,Low participation AND negative median60
2023-03-14,0.8551894866933593,0.9521193373155851,Low participation AND negative median60
2023-03-15,0.8650326329714048,0.9521193373155851,Low participation AND negative median60
2023-03-16,0.8541680253172028,0.9521193373155851,Low participation AND negative median60
2023-03-17,0.8797844085168316,0.9521193373155851,Low participation AND negative median60
2023-03-20,0.8687264586754753,0.9521193373155851,Low participation AND negative median60
2023-03-21,0.8677847147818849,0.9521193373155851,Low participation AND negative median60
2023-03-22,0.8727702761809707,0.9521193373155851,Low participation AND negative median60
2023-03-23,0.8926403744687086,0.9521193373155851,Low participation AND negative median60
2023-03-24,0.8873891379215022,0.9521193373155851,Low participation AND negative median60
2023-03-27,0.8805087080362073,0.9521193373155851,Low participation AND negative median60
2023-03-28,0.8759090559144642,0.9514053668275154,Low participation AND negative median60
2023-03-29,0.8801087081194674,0.9559669952519158,Low participation AND negative median60
2023-03-30,0.8767935824671532,0.9523661324499819,Low participation AND negative median60
2023-03-31,0.9067247445559792,0.9848771198115217,Low participation AND negative median60
2023-04-03,0.9500292782721242,1.0319141557997955,Low participation AND negative median60
2023-04-04,0.9552520621641492,1.0375871016280185,Low participation AND negative median60
2023-04-06,0.9573872609958337,1.0399063374139617,Low participation AND negative median60
2023-04-07,0.9789278472937245,1.0633035488824842,Low participation AND negative median60
2023-04-10,0.9347296545283358,1.0152958276274886,Low participation AND negative median60
2023-04-11,0.9495373546198929,1.0313798322879626,Low participation AND negative median60
2023-04-12,0.9867436659631154,1.0717930282159815,Low participation AND negative median60
2023-04-13,0.9831735165598987,1.0679151606683626,Low participation AND negative median60
2023-04-14,0.9883257349630877,1.0735114588305545,Low participation AND negative median60
2023-04-17,1.0002969674262918,1.0865145151822684,Low participation AND negative median60
2023-04-18,1.0006793214975214,1.0869298250970818,Low participation AND negative median60
2023-04-19,0.9958481138820581,1.0816822062688796,Low participation AND negative median60
2023-04-20,0.9950721683238434,1.0808393804487024,Low participation AND negative median60
2023-04-21,0.9796718365910048,1.064111664069232,Low participation AND negative median60
2023-04-24,0.9735250190415857,1.0574350403193828,Low participation AND negative median60
2023-04-25,0.969468306718098,1.0530286720438407,Low participation AND negative median60
2023-04-26,0.9705810879482321,1.0544483084571434,Low participation AND negative median60
2023-04-27,0.9705790979201236,1.0544483084571434,Low participation AND negative median60
2023-04-28,0.9823397404280294,1.0544483084571434,Low participation AND negative median60
2023-05-04,1.0053220054984549,1.0544483084571434,Low participation AND negative median60
2023-05-05,1.011599301555642,1.0544483084571434,Low participation AND negative median60
2023-05-08,1.0468964542250885,1.0544483084571434,Low participation AND negative median60
2023-05-09,1.034250146251489,1.0544483084571434,Low participation AND negative median60
2023-05-10,1.0094779796353017,1.0544483084571434,Low participation AND negative median60
2023-05-11,1.0082960904172515,1.0544483084571434,Low participation AND negative median60
2023-05-12,0.9981899298788216,1.0544483084571434,Low participation AND negative median60
2023-05-15,1.0044981219089848,1.053657604031839,Low participation AND negative median60
2023-05-16,1.003802213923581,1.0529276387640756,Low participation AND negative median60
2023-05-17,1.0081603395925343,1.0574990482572981,Low participation AND negative median60
2023-05-18,1.0144386749587024,1.0640846412563705,Low participation AND negative median60
2023-05-19,1.0199913731670638,1.069909084888993,Low participation AND negative median60
2023-05-22,1.02602902139589,1.0762422116793966,Low participation AND negative median60
2023-05-23,1.0202120442673825,1.0701405554888572,Low participation AND negative median60
2023-05-24,1.0061178268543574,1.055356576279529,Low participation AND negative median60
2023-05-25,1.0165080114129874,1.0662552496853979,Low participation AND negative median60
2023-05-26,1.0196412264332086,1.069541802202638,Low participation AND negative median60
2023-05-29,1.0446047241788383,1.0957269972261259,Low participation AND negative median60
2023-05-30,1.0501565422210337,1.0957269972261259,Low participation AND negative median60
2023-05-31,1.0504293481379339,1.0957269972261259,Low participation AND negative median60
2023-06-01,1.050337679696738,1.0957269972261259,Low participation AND negative median60
2023-06-02,1.0554654914349968,1.0957269972261259,Low participation AND negative median60
2023-06-05,1.059344173148109,1.0957269972261259,Low participation AND negative median60
2023-06-06,1.0440704772550498,1.0957269972261259,Low participation AND negative median60
2023-06-07,1.0480770903975967,1.0957269972261259,Low participation AND negative median60
2023-06-08,1.0279438464087705,1.0957269972261259,Low participation AND negative median60
2023-06-09,1.0428001966553557,1.0957269972261259,Low participation AND negative median60
2023-06-12,1.0505645794898009,1.094905338944081,Low participation AND negative median60
2023-06-13,1.0622551068406463,1.1070892837118824,Low participation AND negative median60
2023-06-14,1.0652007811524102,1.1101592849223814,Low participation AND negative median60
2023-06-15,1.0607594431790814,1.1055304931717451,Low participation AND negative median60
2023-06-16,1.078087503290875,1.1235899117932646,Low participation AND negative median60
2023-06-19,1.0827892391106355,1.1284900918981948,Low participation AND negative median60
2023-06-20,1.088509064043975,1.1344513311971445,Low participation AND negative median60
2023-06-21,1.0468462260727185,1.0910300464699887,Low participation AND negative median60
2023-06-26,1.012991781555473,1.0557467209395204,Low participation AND negative median60
2023-06-27,1.0248110112870423,1.0680648001780064,Low participation AND negative median60
2023-06-28,1.0208907004592824,1.0639790263574964,Low participation AND negative median60
2023-06-29,1.0253086000229836,1.0685833904429143,Low participation AND negative median60
2023-06-30,1.032830738348327,1.0764230126550909,Low participation AND negative median60
2023-07-03,1.0348991664540794,1.078578742079464,Low participation AND negative median60
2023-07-04,1.0371869882623612,1.0809631250687106,Low participation AND negative median60
2023-07-05,1.0278983291219206,1.0712824232032057,Low participation AND negative median60
2023-07-06,1.0257614703084785,1.0690553748436051,Low participation AND negative median60
2023-07-07,1.013709360602298,1.0564945865584665,Low participation AND negative median60
2023-07-10,1.016005972378794,1.0588881305106037,Low participation AND negative median60
2023-07-11,1.0243496399355734,1.0675839559102465,Low participation AND negative median60
2023-07-12,1.0246273356639304,1.067873372231257,Low participation AND negative median60
2023-07-13,1.0407175332892693,1.0846426823989432,Low participation AND negative median60
2023-07-14,1.0390051817797004,1.0828580583533784,Low participation AND negative median60
2023-07-17,1.0346435512357208,1.078312338211715,Low participation AND negative median60
2023-07-18,1.0366704505557596,1.0804247860615088,Low participation AND negative median60
2023-07-19,1.0408828228242881,1.0848149482433251,Low participation AND negative median60
2023-07-20,1.0329847233518659,1.07658349684215,Low participation AND negative median60
2023-07-21,1.034321621997069,1.0779768214343144,Low participation AND negative median60
2023-07-24,1.0330786630753737,1.076681401442034,Low participation AND negative median60
2023-07-25,1.0724361503588526,1.117700034466034,Low participation AND negative median60
2023-07-26,1.0709396532136872,1.1161403752637866,Low participation AND negative median60
2023-07-27,1.0777609023451764,1.1232495261319442,Low participation AND negative median60
2023-07-28,1.0995413627526478,1.145949265729468,Low participation AND negative median60
2023-07-31,1.1072799147480208,1.1540144356969773,Low participation AND negative median60
2023-08-01,1.1041321610456003,1.1507338260117213,Low participation AND negative median60
2023-08-02,1.0885850749985342,1.1345305503156924,Low participation AND negative median60
2023-08-03,1.0965663381552746,1.142848675457582,Low participation AND negative median60
2023-08-04,1.0994971738447292,1.1459032117579686,Low participation AND negative median60
2023-08-07,1.0897542232622643,1.1357490443530578,Low participation AND negative median60
2023-08-08,1.0877546863380767,1.1336651137728244,Low participation AND negative median60
2023-08-09,1.0881826659287086,1.134111156927039,Low participation AND negative median60
2023-08-10,1.1058753562909067,1.152550595602254,Low participation AND negative median60
2023-08-11,1.065527927143677,1.1105002386337905,Low participation AND negative median60
2023-08-14,1.0548212316651726,1.0993416499370767,Low participation AND negative median60
2023-08-15,1.0676675593184972,1.112730177408925,Low participation AND negative median60
2023-08-16,1.067108915400883,1.1121479550306856,Low participation AND negative median60
2023-08-17,1.0667113003645556,1.111733558015387,Low participation AND negative median60
2023-08-18,1.0524602329703,1.0968810015136248,Low participation AND negative median60
2023-08-21,1.020193261632321,1.0632521510086264,Low participation AND negative median60
2023-08-22,1.0318005107526533,1.0753493026549135,Low participation AND negative median60
2023-08-23,1.0082391340598151,1.05105631013491,Low participation AND negative median60
2023-08-24,1.0092670241652908,1.05105631013491,Low participation AND negative median60
2023-08-25,0.9988667582837875,1.05105631013491,Low participation AND negative median60
2023-08-28,1.0107917207647856,1.05105631013491,Low participation AND negative median60
2023-08-29,1.0277021252020897,1.05105631013491,Low participation AND negative median60
2023-08-30,1.0304530086309258,1.05105631013491,Low participation AND negative median60
2023-08-31,1.023580751296676,1.05105631013491,Low participation AND negative median60
2023-09-01,1.0220912190163396,1.05105631013491,Low participation AND negative median60
2023-09-04,1.0337222719923331,1.05105631013491,Low participation AND negative median60
2023-09-05,1.0290175938882018,1.05105631013491,Low participation AND negative median60
2023-09-06,1.036767704834806,1.0502681492843478,Low participation AND negative median60
2023-09-07,1.0302344929436473,1.0436498640794634,Low participation AND negative median60
2023-09-08,1.0225592541326671,1.0358746808597974,Low participation AND negative median60
2023-09-11,1.026107780534468,1.0394694149929364,Low participation AND negative median60
2023-09-12,1.0266036869246744,1.0399717789113259,Low participation AND negative median60
2023-09-13,1.0252055617246856,1.0385554477896943,Low participation AND negative median60
2023-09-14,1.033678095014725,1.04713830759212,Low participation AND negative median60
2023-09-15,1.032615949696942,1.0460623313710466,Low participation AND negative median60
2023-09-18,1.0322343682625768,1.0456757811100736,Low participation AND negative median60
2023-09-19,1.0336491154536736,1.0471089506688567,Low participation AND negative median60
2023-09-20,1.0304974911293632,1.0440729370432202,Low participation AND negative median60
2023-09-21,1.0216690278339977,1.0440729370432202,Low participation AND negative median60
2023-09-22,1.026787162665602,1.0440729370432202,Low participation AND negative median60
2023-09-25,1.0282132471431855,1.0440729370432202,Low participation AND negative median60
2023-09-26,1.021929250071079,1.0440729370432202,Low participation AND negative median60
2023-09-27,1.023141171487212,1.0440729370432202,Low participation AND negative median60
2023-09-28,1.0232522335629395,1.0440729370432202,Low participation AND negative median60
2023-10-09,1.0264721200909765,1.0440729370432202,Low participation AND negative median60
2023-10-10,1.0120694202911906,1.0440729370432202,Low participation AND negative median60
2023-10-11,1.0119815767463558,1.0440729370432202,Low participation AND negative median60
2023-10-12,1.0181359142203532,1.0432900128495548,Low participation AND negative median60
2023-10-13,1.0083507966617102,1.0332631438619222,Low participation AND negative median60
2023-10-16,0.9911201412496906,1.0156067873233379,Low participation AND negative median60
2023-10-17,0.9938519189867078,1.018406056448951,Low participation AND negative median60
2023-10-18,0.9769535006202312,1.0010901452150378,Low participation AND negative median60
2023-10-19,0.9665878086551251,0.9904683581309908,Low participation AND negative median60
2023-10-20,0.9435919355906978,0.9669043482873299,Low participation AND negative median60
2023-10-23,0.9281254865155006,0.9510557846240436,Low participation AND negative median60
2023-10-24,0.9339931609366454,0.9570684259980796,Low participation AND negative median60
2023-10-25,0.9390869110640594,0.9622880224799026,Low participation AND negative median60
2023-10-26,0.9442329434497112,0.9678032042109949,Low participation AND negative median60
2023-10-27,0.9485830239902104,0.9678032042109949,Low participation AND negative median60
2023-10-30,0.943804256789008,0.9678032042109949,Low participation AND negative median60
2023-10-31,0.9458324075243019,0.9678032042109949,Low participation AND negative median60
2023-11-01,0.9444411755392106,0.9678032042109949,Low participation AND negative median60
2023-11-02,0.9374207167593291,0.9678032042109949,Low participation AND negative median60
2023-11-03,0.9468307070581674,0.9678032042109949,Low participation AND negative median60
2023-11-06,0.9844896031804311,0.9678032042109949,Low participation AND negative median60
2023-11-07,0.988821303861829,0.9678032042109949,Low participation AND negative median60
2023-11-08,0.9791915116995178,0.9678032042109949,Low participation AND negative median60
2023-11-09,0.9745591560762277,0.9670774727832371,Low participation AND negative median60
2023-11-10,0.9687849518575262,0.9613475970867851,Low participation AND negative median60
2023-11-13,0.9733757807577539,0.9659031822281609,Low participation AND negative median60
2023-11-14,0.9801608600589008,0.9726361725266726,Low participation AND negative median60
2023-11-15,0.9783590947682027,0.9708482393745256,Low participation AND negative median60
2023-11-16,0.9692446623595938,0.9618037783947945,Low participation AND negative median60
2023-11-17,0.977622319231637,0.9701171200581987,Low participation AND negative median60
2023-11-20,0.9849235538060717,0.9773623031098572,Low participation AND negative median60
2023-11-21,0.9819156613497406,0.9743775022212336,Low participation AND negative median60
2023-11-22,0.971666424095152,0.9642069482837691,Low participation AND negative median60
2023-11-23,0.9736136655886809,0.9663808964570583,Low participation AND negative median60
2023-11-24,0.9774190572656422,0.9663808964570583,Low participation AND negative median60
2023-11-27,0.9753025698914336,0.9663808964570583,Low participation AND negative median60
2023-11-28,0.9763728460515981,0.9663808964570583,Low participation AND negative median60
2023-11-29,0.9757071619458153,0.9663808964570583,Low participation AND negative median60
2023-11-30,0.9788090032993099,0.9663808964570583,Low participation AND negative median60
2023-12-01,0.9773816957766601,0.9663808964570583,Low participation AND negative median60
2023-12-04,0.9799551642119247,0.9663808964570583,Low participation AND negative median60
2023-12-05,0.9671768002376394,0.9663808964570583,Low participation AND negative median60
2023-12-06,0.97817173617805,0.9663808964570583,Low participation AND negative median60
2023-12-07,0.9716249242466153,0.9663808964570583,Low participation AND negative median60
2023-12-08,0.9724794745477053,0.9663808964570583,Low participation AND negative median60
2023-12-11,0.9805504281648011,0.9663808964570583,Low participation AND negative median60
2023-12-12,0.9843544070574981,0.9663808964570583,Low participation AND negative median60
2023-12-13,0.9873345124613225,0.9663808964570583,Low participation AND negative median60
2023-12-14,0.9977121235418789,0.9663808964570583,Low participation AND negative median60
2023-12-15,0.9965695876761174,0.9663808964570583,Low participation AND negative median60
2023-12-18,0.9951268754589865,0.9663808964570583,Low participation AND negative median60
2023-12-19,0.996806540675801,0.9663808964570583,Low participation AND negative median60
2023-12-20,1.0038470688066563,0.9663808964570583,Low participation AND negative median60
2023-12-21,0.9903336509901076,0.9663808964570583,Low participation AND negative median60
2023-12-22,0.9949453958811142,0.9663808964570583,Low participation AND negative median60
2023-12-25,0.9962094985801712,0.9663808964570583,Low participation AND negative median60
2023-12-26,1.0021182364475596,0.9663808964570583,Low participation AND negative median60
2023-12-27,1.0057049401269331,0.9663808964570583,Low participation AND negative median60
2023-12-28,1.003000758577206,0.9663808964570583,Low participation AND negative median60
2023-12-29,1.0003310416328084,0.9663808964570583,Low participation AND negative median60
2024-01-02,0.9982395066359325,0.9663808964570583,Low participation AND negative median60
2024-01-03,0.985509563008162,0.9663808964570583,Low participation AND negative median60
2024-01-04,0.979414308361553,0.9663808964570583,Low participation AND negative median60
2024-01-05,0.9724605222820845,0.9656562315823276,Low participation AND negative median60
2024-01-08,0.9622104800712961,0.9554779087527262,Low participation AND negative median60
2024-01-09,0.9657046386832112,0.9589476187927953,Low participation AND negative median60
2024-01-10,0.9595109003585974,0.9527972179560418,Low participation AND negative median60
2024-01-11,0.9531142084807632,0.9464452836288292,Low participation AND negative median60
2024-01-12,0.9593776559398772,0.9526649058463855,Low participation AND negative median60
2024-01-15,0.9625939440250554,0.9558586896153429,Low participation AND negative median60
2024-01-16,0.9627219113195205,0.9559857615246979,Low participation AND negative median60
2024-01-17,0.9457399397315195,0.9391226125199197,Low participation AND negative median60
2024-01-18,0.9428990171172206,0.9363015677956538,Low participation AND negative median60
2024-01-19,0.936793593575227,0.9304715398583789,Low participation AND negative median60
2024-01-22,0.9550649438582257,0.9304715398583789,Low participation AND negative median60
2024-01-23,0.9558577522496944,0.9304715398583789,Low participation AND negative median60
2024-01-24,0.9637761608785137,0.9304715398583789,Low participation AND negative median60
2024-01-25,0.9554986917376005,0.9304715398583789,Low participation AND negative median60
2024-01-26,0.9566739929616668,0.9304715398583789,Low participation AND negative median60
2024-01-29,0.9660712791169382,0.9304715398583789,Low participation AND negative median60
2024-01-30,0.9733959218218406,0.9304715398583789,Low participation AND negative median60
2024-01-31,0.9591615498539885,0.9304715398583789,Low participation AND negative median60
2024-02-01,0.9516524424672795,0.9304715398583789,Low participation AND negative median60
2024-02-02,0.9636046869753525,0.9304715398583789,Low participation AND negative median60
2024-02-05,0.9725762828279141,0.9304715398583789,Low participation AND negative median60
2024-02-06,0.9811117201048373,0.9304715398583789,Low participation AND negative median60
2024-02-07,0.9779413858882107,0.9304715398583789,Low participation AND negative median60
2024-02-08,0.9761784964562883,0.9304715398583789,Low participation AND negative median60
2024-02-19,0.9941446083772063,0.9304715398583789,Low participation AND negative median60
2024-02-20,0.9991008256821724,0.9304715398583789,Low participation AND negative median60
2024-02-21,1.0185384466142473,0.9304715398583789,Low participation AND negative median60
2024-02-22,1.0244937830735403,0.9304715398583789,Low participation AND negative median60
2024-02-23,1.0280317836260318,0.9304715398583789,Low participation AND negative median60
2024-02-26,1.0057437544719672,0.9297738025124276,Low participation AND negative median60
2024-02-27,1.0109230902815696,0.9345619115399713,Low participation AND negative median60
2024-02-28,1.0059213903017334,0.9299380204259565,Low participation AND negative median60
2024-02-29,1.0141049412552925,0.9375034179283646,Low participation AND negative median60
2024-03-01,1.0150513380864699,0.9383783276421928,Low participation AND negative median60
2024-03-04,1.0188274858468374,0.9418692399609562,Low participation AND negative median60
2024-03-05,1.025721929167354,0.9482429039820556,Low participation AND negative median60
2024-03-06,1.0247919551046496,0.9473831765249633,Low participation AND negative median60
2024-03-07,1.026312433406824,0.9487888038394403,Low participation AND negative median60
2024-03-08,1.0311535290438658,0.9532642220349444,Low participation AND negative median60
2024-03-11,1.0293980857484413,0.951641378064376,Low participation AND negative median60
2024-03-12,1.0152982710728287,0.9386066082759744,Low participation AND negative median60
2024-03-13,1.0172152223400737,0.9403787605374746,Low participation AND negative median60
2024-03-14,1.022292881004377,0.9450728727138393,Low participation AND negative median60
2024-03-15,1.0249476846079641,0.9475271428303133,Low participation AND negative median60
2024-03-18,1.0330100660610677,0.9549805235027027,Low participation AND negative median60
2024-03-19,1.0278494025116365,0.9502096763057832,Low participation AND negative median60
2024-03-20,1.02999583240707,0.9521939732768853,Low participation AND negative median60
2024-03-21,1.0335132114901926,0.9554456632928074,Low participation AND negative median60
2024-03-22,1.0260932127301199,0.9485861422357641,Low participation AND negative median60
2024-03-25,1.023021199782513,0.9457461771383286,Low participation AND negative median60
2024-03-26,1.0107867691020958,0.9344358875295423,Low participation AND negative median60
2024-03-27,0.9763592310299368,0.902608871112922,Low participation AND negative median60
2024-03-28,1.0035851704490657,0.9277782694891384,Low participation AND negative median60
2024-03-29,1.0069425682315505,0.9308820625665378,Low participation AND negative median60
2024-04-01,1.0321574831460563,0.9541923413685134,Low participation AND negative median60
2024-04-02,1.0225295471664049,0.9452916620390688,Low participation AND negative median60
2024-04-03,1.007980291861263,0.9318414006095179,Low participation AND negative median60
2024-04-08,0.9889415297092586,0.9142407521317231,Low participation AND negative median60
2024-04-09,1.0008884472587918,0.9252852462277006,Low participation AND negative median60
2024-04-10,0.97776464274001,0.9039081235158924,Low participation AND negative median60
2024-04-11,0.9815929553556468,0.9074472603606605,Low participation AND negative median60
2024-04-12,0.9839516630076268,0.9096278004563312,Low participation AND negative median60
2024-04-15,0.9931738823127695,0.9181534093629933,Low participation AND negative median60
2024-04-16,0.971584443716636,0.8981947525695694,Low participation AND negative median60
2024-04-17,0.9874330582951301,0.9128462247519015,Low participation AND negative median60
2024-04-18,0.9905822979218489,0.9157575831269725,Low participation AND negative median60
2024-04-19,0.9917531943790507,0.9168400346425998,Low participation AND negative median60
2024-04-22,0.9746514085047047,0.9010300508257058,Low participation AND negative median60
2024-04-23,0.9519734052682431,0.8800650553099005,Low participation AND negative median60
2024-04-24,0.9628284688252513,0.8901001697961073,Low participation AND negative median60
2024-04-25,0.973956613584311,0.9003877379977827,Low participation AND negative median60
2024-04-26,0.9698756209923232,0.8966150076344014,Low participation AND negative median60
2024-04-29,0.9795835051176255,0.9055895961390761,Low participation AND negative median60
2024-04-30,0.9870560136866123,0.9124976606193185,Low participation AND negative median60
2024-05-06,0.9971661540843407,0.9218441205299402,Low participation AND negative median60
2024-05-07,0.9965035728984769,0.9212315881369579,Low participation AND negative median60
2024-05-08,0.9951580078201117,0.9199876617850649,Low participation AND negative median60
2024-05-09,1.0019749122675465,0.9262896439164706,Low participation AND negative median60
2024-05-10,1.011133562119505,0.934756485157962,Low participation AND negative median60
2024-05-13,1.0172775350369643,0.9404363663768102,Low participation AND negative median60
2024-05-14,1.0123821552370496,0.9359107644319102,Low participation AND negative median60
2024-05-15,1.0069540796724084,0.930892704478149,Low participation AND negative median60
2024-05-16,1.0180121211100208,0.9411154646892597,Low participation AND negative median60
2024-05-17,1.027162018217349,0.9495742143342372,Low participation AND negative median60
2024-05-20,1.039920893636213,0.9613693341758786,Low participation AND negative median60
2024-05-21,1.0270416005052323,0.9494628925054044,Low participation AND negative median60
2024-05-22,1.0267493288468186,0.9491926979056353,Low participation AND negative median60
2024-05-23,1.0151727599002063,0.9384905777267334,Low participation AND negative median60
2024-05-24,1.0031313024149966,0.9273586848722826,Low participation AND negative median60
2024-05-27,1.018579311894954,0.9416398120993354,Low participation AND negative median60
2024-05-28,1.02226243235565,0.9450447240370193,Low participation AND negative median60
2024-05-29,1.0183170223136924,0.9413973348478042,Low participation AND negative median60
2024-05-30,1.0064378742078461,0.930415491156635,Low participation AND negative median60
2024-05-31,1.0017399839856809,0.9260724611987291,Low participation AND negative median60
2024-06-03,1.0091922280175434,0.9329617918457713,Low participation AND negative median60
2024-06-04,1.00574369417348,0.9297737467686527,Low participation AND negative median60
2024-06-05,1.0129286573901886,0.9364159859485701,Low participation AND negative median60
2024-06-06,1.0318260497415952,0.9538859431479177,Low participation AND negative median60
2024-06-07,1.033992295979189,0.9558885596121515,Low participation AND negative median60
2024-06-11,1.0340766950146885,0.9559665834744084,Low participation AND negative median60
2024-06-12,1.0339991149366405,0.9558948634922112,Low participation AND negative median60
2024-06-13,1.0415977966209717,0.9629195704638506,Low participation AND negative median60
2024-06-14,1.0384856834642275,0.9600425341703326,Low participation AND negative median60
2024-06-17,1.062097071577449,0.981870410317724,Low participation AND negative median60
2024-06-18,1.0619157769511098,0.9817028099788138,Low participation AND negative median60
2024-06-19,1.0583781396686185,0.9784323919887178,Low participation AND negative median60
2024-06-20,1.064756096780971,0.9843285831509752,Low participation AND negative median60
2024-06-21,1.0641330101531143,0.9837525620514644,Low participation AND negative median60
2024-06-24,1.0382432722803119,0.9598184337797127,Low participation AND negative median60
2024-06-25,0.9981849232608799,0.9230167477549622,Low participation AND negative median60
2024-06-26,1.0116986960098147,0.9230167477549622,Low participation AND negative median60
2024-06-27,1.013228490096812,0.9230167477549622,Low participation AND negative median60
2024-06-28,1.0253747629399363,0.9230167477549622,Low participation AND negative median60
2024-07-01,1.0221171260413324,0.9230167477549622,Low participation AND negative median60
2024-07-02,1.0244840455726982,0.9230167477549622,Low participation AND negative median60
2024-07-03,1.0423775631720147,0.9230167477549622,Low participation AND negative median60
2024-07-04,1.045646448693634,0.9230167477549622,Low participation AND negative median60
2024-07-05,1.0532865502022954,0.9230167477549622,Low participation AND negative median60
2024-07-08,1.063137882052923,0.9230167477549622,Low participation AND negative median60
2024-07-09,1.0711819298560044,0.9230167477549622,Low participation AND negative median60
2024-07-10,1.0667505091091325,0.9230167477549622,Low participation AND negative median60
2024-07-11,1.0699672395246398,0.9230167477549622,Low participation AND negative median60
2024-07-12,1.030592483612164,0.9230167477549622,Low participation AND negative median60
2024-07-15,1.0565984363165515,0.9230167477549622,Low participation AND negative median60
2024-07-16,1.059962867433434,0.9230167477549622,Low participation AND negative median60
2024-07-17,1.0525792726445553,0.9230167477549622,Low participation AND negative median60
2024-07-18,1.0387139722099472,0.9230167477549622,Low participation AND negative median60
2024-07-19,1.0202115758817873,0.9230167477549622,Low participation AND negative median60
2024-07-22,1.0083263647151546,0.9230167477549622,Low participation AND negative median60
2024-07-23,1.0180112727145545,0.9223246005712394,Low participation AND negative median60
2024-07-24,1.0061659190524799,0.9115926358299596,Low participation AND negative median60
2024-07-25,1.0175285748776772,0.9218872733023507,Low participation AND negative median60
2024-07-26,1.0345670977342658,0.937324281918299,Low participation AND negative median60
2024-07-29,1.026627708958823,0.9301311458722077,Low participation AND negative median60
2024-07-30,1.0305421752586927,0.9336776769011321,Low participation AND negative median60
2024-07-31,1.0827793290105547,0.9810048659613204,Low participation AND negative median60
2024-08-01,1.076064154149348,0.9749208754028337,Low participation AND negative median60
2024-08-02,1.0550297026457152,0.9558635303602869,Low participation AND negative median60
2024-08-05,1.0506917759498315,0.9519333415555801,Low participation AND negative median60
2024-08-06,1.0504331915861775,0.9516990885225244,Low participation AND negative median60
2024-08-07,1.0444709737238007,0.9516990885225244,Low participation AND negative median60
2024-08-08,1.0470500984479145,0.9516990885225244,Low participation AND negative median60
2024-08-09,1.037552319171293,0.9516990885225244,Low participation AND negative median60
2024-08-12,1.0297961386497014,0.9516990885225244,Low participation AND negative median60
2024-08-13,1.0386027956442607,0.9516990885225244,Low participation AND negative median60
2024-08-14,1.030619752845783,0.9516990885225244,Low participation AND negative median60
2024-08-15,1.0428306705898018,0.9516990885225244,Low participation AND negative median60
2024-08-16,1.036697338161355,0.9516990885225244,Low participation AND negative median60
2024-08-19,1.0372188695594027,0.9516990885225244,Low participation AND negative median60
2024-08-20,1.025172351808936,0.9509854331685187,Low participation AND negative median60
2024-08-21,1.0217848058792371,0.947843028062052,Low participation AND negative median60
2024-08-22,1.0265756160965096,0.9522871497959847,Low participation AND negative median60
2024-08-23,1.0295943807166195,0.9550874605679476,Low participation AND negative median60
2024-08-26,1.0336996324441634,0.9588956344671903,Low participation AND negative median60
2024-08-27,1.0401490003801872,0.9648782918705825,Low participation AND negative median60
2024-08-28,1.038831507999184,0.9636561402387777,Low participation AND negative median60
2024-08-29,1.0315347053825081,0.9568873730310782,Low participation AND negative median60
2024-08-30,1.0369864770484183,0.9619446255311997,Low participation AND negative median60
2024-09-02,1.0287473687096513,0.9543017428504103,Low participation AND negative median60
2024-09-03,1.0273803865470896,0.9530813487645391,Low participation AND negative median60
2024-09-04,0.9935642032311668,0.9530813487645391,Low participation AND negative median60
2024-09-05,0.9979344043925926,0.9530813487645391,Low participation AND negative median60
2024-09-06,0.9935863760079531,0.9530813487645391,Low participation AND negative median60
2024-09-09,0.9878656912244042,0.9530813487645391,Low participation AND negative median60
2024-09-10,0.986799664579011,0.9530813487645391,Low participation AND negative median60
2024-09-11,0.9863659937406898,0.9530813487645391,Low participation AND negative median60
2024-09-12,1.0003315481460016,0.9530813487645391,Low participation AND negative median60
2024-09-13,1.0022918791990103,0.9530813487645391,Low participation AND negative median60
2024-09-18,1.0031078436437018,0.9530813487645391,Low participation AND negative median60
2024-09-19,1.0142645332785027,0.9530813487645391,Low participation AND negative median60
2024-09-20,1.0182838645049532,0.9530813487645391,Low participation AND negative median60
2024-09-23,1.0173533471943499,0.9530813487645391,Low participation AND negative median60
2024-09-24,1.0481023471806226,0.9530813487645391,Low participation AND negative median60
2024-09-25,1.0570866385630686,0.9530813487645391,Low participation AND negative median60
2024-09-26,1.102123449717354,0.9530813487645391,Low participation AND negative median60
2024-09-27,1.1791578273242147,0.9530813487645391,Low participation AND negative median60
2024-09-30,1.287890400697194,0.9530813487645391,Low participation AND negative median60
2024-10-08,1.344906144809151,0.9530813487645391,Low participation AND negative median60
2024-10-09,1.2681682737226925,0.9530813487645391,Low participation AND negative median60
2024-10-10,1.2759158232594516,0.9523666568881345,Low participation AND negative median60
2024-10-11,1.2169857137658977,0.908380156881374,Low participation AND negative median60
2024-10-14,1.2667114572079234,0.9454963515235727,Low participation AND negative median60
2024-10-15,1.235366782564109,0.9221001192192215,Low participation AND negative median60
2024-10-16,1.2212314543556015,0.9115492544799138,Low participation AND negative median60
2024-10-17,1.229366679806428,0.917621533955093,Low participation AND negative median60
2024-10-18,1.333160103584487,0.9950948235001379,Low participation AND negative median60
2024-10-21,1.3659685530697878,1.019583643831701,Low participation AND negative median60
2024-10-22,1.3443002028316704,1.0034099951470723,Low participation AND negative median60
2024-10-23,1.3272241441671804,0.9906641159858739,Low participation AND negative median60
2024-10-24,1.320079880764858,0.9853315085141546,Low participation AND negative median60
2024-10-25,1.3207058016220903,0.9857987071673981,Low participation AND negative median60
2024-10-28,1.3300698098017751,0.9927881723049788,Low participation AND negative median60
2024-10-29,1.3290160143445844,0.992001600308368,Low participation AND negative median60
2024-10-30,1.3368580554411522,0.9978550416766541,Low participation AND negative median60
2024-10-31,1.3132668961217464,0.9802461735024647,Low participation AND negative median60
2024-11-01,1.3011585016686757,0.9712082487935327,Low participation AND negative median60
2024-11-04,1.304991857793331,0.9740695351656805,Low participation AND negative median60
2024-11-05,1.3037423885694568,0.9731369087290977,Low participation AND negative median60
2024-11-06,1.3443430772995493,1.0034419974256672,Low participation AND negative median60
2024-11-07,1.35695615921116,1.0128566299854629,Low participation AND negative median60
2024-11-08,1.3298462007024112,0.992621266427233,Low participation AND negative median60
2024-11-11,1.3332582976400817,0.9951681173199557,Low participation AND negative median60
2024-11-12,1.3238691104414306,0.9881598581070294,Low participation AND negative median60
2024-11-13,1.3285526222817587,0.9916557160880636,Low participation AND negative median60
2024-11-14,1.278753219673218,0.9544845409111901,Low participation AND negative median60
2024-11-15,1.2417193376883657,0.9268417813070312,Low participation AND negative median60
2024-11-18,1.231824782715349,0.9194563064431993,Low participation AND negative median60
2024-11-19,1.2539559910547777,0.9359754407895964,Low participation AND negative median60
2024-11-20,1.2628503863843037,0.9426143783986486,Low participation AND negative median60
2024-11-21,1.2598232410848917,0.9403548623740328,Low participation AND negative median60
2024-11-22,1.269704536616106,0.9477304401505868,Low participation AND negative median60
2024-11-25,1.2834320593576076,0.9579769115104937,Low participation AND negative median60
2024-11-26,1.2879402863307814,0.9613419336950811,Low participation AND negative median60
2024-11-27,1.2975827859780247,0.9685392699030692,Low participation AND negative median60
2024-11-28,1.296023054169583,0.9673750578594777,Low participation AND negative median60
2024-11-29,1.296901257542437,0.9680305647471783,Low participation AND negative median60
2024-12-02,1.3013149836090285,0.9713250497451945,Low participation AND negative median60
2024-12-03,1.3137038632714486,0.9805723336894812,Low participation AND negative median60
2024-12-04,1.3141444158904096,0.980901170135628,Low participation AND negative median60
2024-12-05,1.322971356735901,0.9874897584972762,Low participation AND negative median60
2024-12-06,1.3122158123245222,0.9794616255379175,Low participation AND negative median60
2024-12-09,1.3214654633020477,0.9863657323906284,Low participation AND negative median60
2024-12-10,1.311698391502562,0.9790754132741994,Low participation AND negative median60
2024-12-11,1.312958166317397,0.9800157319903445,Low participation AND negative median60
2024-12-12,1.3237013131558568,0.9880346111769548,Low participation AND negative median60
2024-12-13,1.3206039265770622,0.9857226657904629,Low participation AND negative median60
2024-12-16,1.322932532846256,0.9874607796435662,Low participation AND negative median60
2024-12-17,1.324384222827748,0.9885443473126146,Low participation AND negative median60
2024-12-18,1.3226180714125595,0.9872260599395933,Low participation AND negative median60
2024-12-19,1.2974018822629585,0.9684042400968739,Low participation AND negative median60
2024-12-20,1.2730327079510892,0.9502146474549149,Low participation AND negative median60
2024-12-23,1.3179473094257994,0.9837397186799578,Low participation AND negative median60
2024-12-24,1.319489176813267,0.9848905963964958,Low participation AND negative median60
2024-12-25,1.342824028560168,1.0023081519609411,Low participation AND negative median60
2024-12-26,1.3518152895555544,1.009019391855678,Low participation AND negative median60
2024-12-27,1.3385457494005135,0.9991147669850375,Low participation AND negative median60
2024-12-30,1.320052169107766,0.9853108240318865,Low participation AND negative median60
2024-12-31,1.3156398502553586,0.9820173894039995,Low participation AND negative median60
2025-01-02,1.3260576379738338,0.9897934146564091,Low participation AND negative median60
2025-01-03,1.3114474897458746,0.9790840014299219,Low participation AND negative median60
2025-01-06,1.3150176228768227,0.9790840014299219,Low participation AND negative median60
2025-01-07,1.3231371744323028,0.9790840014299219,Low participation AND negative median60
2025-01-08,1.347906775382913,0.9790840014299219,Low participation AND negative median60
2025-01-09,1.3709672161381536,0.9790840014299219,Low participation AND negative median60
2025-01-10,1.3569356158547627,0.9790840014299219,Low participation AND negative median60
2025-01-13,1.3356084936345032,0.9790840014299219,Low participation AND negative median60
2025-01-14,1.3443338650177767,0.9790840014299219,Low participation AND negative median60
2025-01-15,1.3631385164413696,0.9790840014299219,Low participation AND negative median60
2025-01-16,1.3894514466053594,0.9790840014299219,Low participation AND negative median60
2025-01-17,1.4082945664872768,0.9783987527758712,Low participation AND negative median60
2025-01-20,1.4093383155220507,0.9791238871178867,Low participation AND negative median60
2025-01-21,1.4198528482810289,0.9864287549929827,Low participation AND negative median60
2025-01-22,1.4452401964373218,1.0040663645978822,Low participation AND negative median60
2025-01-23,1.436615944018964,0.9980747503358232,Low participation AND negative median60
2025-01-24,1.4550043989328185,1.0108499479268118,Low participation AND negative median60
2025-01-27,1.3990241114289896,0.9719581956065592,Low participation AND negative median60
2025-02-05,1.4103654572381166,0.9798374836891137,Low participation AND negative median60
2025-02-06,1.43095673659952,0.9941430718271892,Low participation AND negative median60
2025-02-07,1.4458423598175294,1.0044847116640305,Low participation AND negative median60
2025-02-10,1.4363259839481128,0.9978733034379748,Low participation AND negative median60
2025-02-11,1.4135002359727025,0.9820153402804355,Low participation AND negative median60
2025-02-12,1.437101430950612,0.9984120375907178,Low participation AND negative median60
2025-02-13,1.4445885394267217,1.0036136323204305,Low participation AND negative median60
2025-02-14,1.4837316238006062,1.030807903918549,Low participation AND negative median60
2025-02-17,1.514476267498476,1.0521674417342521,Low participation AND negative median60
2025-02-18,1.5335098635729232,1.0653908447801992,Low participation AND negative median60
2025-02-19,1.5635775399139968,1.0862800662051977,Low participation AND negative median60
2025-02-20,1.547365229803337,1.0750167237416604,Low participation AND negative median60
2025-02-21,1.6256629787116985,1.1294133121401937,Low participation AND negative median60
2025-02-24,1.6170535737489993,1.1234320130014361,Low participation AND negative median60
2025-02-25,1.5887256609025964,1.1037514750960769,Low participation AND negative median60
2025-02-26,1.6547632189516341,1.1496304168807512,Low participation AND negative median60
2025-02-27,1.6503463705098658,1.1465618550120469,Low participation AND negative median60
2025-02-28,1.5822532598577213,1.099254838340908,Low participation AND negative median60
2025-03-03,1.5794625878693378,1.0973160465158063,Low participation AND negative median60
2025-03-04,1.5847662010823933,1.101000679458616,Low participation AND negative median60
2025-03-05,1.6149545446661961,1.1219737332597357,Low participation AND negative median60
2025-03-06,1.6547194026350387,1.1495999759271833,Low participation AND negative median60
2025-03-07,1.6457856047392392,1.1433933079993193,Low participation AND negative median60
2025-03-10,1.6159046459565558,1.1226338067554515,Low participation AND negative median60
2025-03-11,1.628148522627862,1.1311401192481767,Low participation AND negative median60
2025-03-12,1.6219057578957432,1.1268030200552048,Low participation AND negative median60
2025-03-13,1.618337883366053,1.1243242744340978,Low participation AND negative median60
2025-03-14,1.6445271524424845,1.1425190106847711,Low participation AND negative median60
2025-03-17,1.6467929977077207,1.144093184323046,Low participation AND negative median60
2025-03-18,1.654026751247545,1.1491187632109243,Low participation AND negative median60
2025-03-19,1.650137285280094,1.1464165951119516,Low participation AND negative median60
2025-03-20,1.6412951828499394,1.1402736317039779,Low participation AND negative median60
2025-03-21,1.6243552018782597,1.1285047470905272,Low participation AND negative median60
2025-03-24,1.6305039406894732,1.1327765227028135,Low participation AND negative median60
2025-03-25,1.6433158084469495,1.1416774413976223,Low participation AND negative median60
2025-03-26,1.639574688185187,1.139078335013776,Low participation AND negative median60
2025-03-27,1.6345073214212973,1.1355578319602038,Low participation AND negative median60
2025-03-28,1.6256448133042758,1.129400691902646,Low participation AND negative median60
2025-03-31,1.6200485909581788,1.1255127716521727,Low participation AND negative median60
2025-04-01,1.6397010445245424,1.1391661198336374,Low participation AND negative median60
2025-04-02,1.6390644636064942,1.1387238615227124,Low participation AND negative median60
2025-04-03,1.6478728110414524,1.1448433739808739,Low participation AND negative median60
2025-04-07,1.548055878177009,1.075496544883833,Low participation AND negative median60
2025-04-08,1.5827180321227212,1.099852766235111,Low participation AND negative median60
2025-04-09,1.584410962974352,1.099852766235111,Low participation AND negative median60
2025-04-10,1.627137060091119,1.099852766235111,Low participation AND negative median60
2025-04-11,1.652044698976845,1.099852766235111,Low participation AND negative median60
2025-04-14,1.7073491569354018,1.099852766235111,Low participation AND negative median60
2025-04-15,1.6897364588669486,1.099852766235111,Low participation AND negative median60
2025-04-16,1.6547437827285145,1.099852766235111,Low participation AND negative median60
2025-04-17,1.653486968272675,1.099852766235111,Low participation AND negative median60
2025-04-18,1.6470650742293593,1.099852766235111,Low participation AND negative median60
2025-04-21,1.6725053017859681,1.099852766235111,Low participation AND negative median60
2025-04-22,1.7267310247736392,1.09902801414203,Low participation AND negative median60
2025-04-23,1.7262062353572856,1.0986939967057168,Low participation AND negative median60
2025-04-24,1.7274423569621584,1.0994807621330764,Low participation AND negative median60
2025-04-25,1.7275397368453438,1.0995427423825186,Low participation AND negative median60
2025-04-28,1.7242106235637633,1.0974238317321532,Low participation AND negative median60
2025-04-29,1.7196055025393073,1.0944927689657011,Low participation AND negative median60
2025-04-30,1.716043371531545,1.0922255474289317,Low participation AND negative median60
2025-05-06,1.731874756318973,1.1023018911874076,Low participation AND negative median60
2025-05-07,1.744124136888247,1.1100983645282885,Low participation AND negative median60
2025-05-08,1.7545719528274548,1.116748179837708,Low participation AND negative median60
2025-05-09,1.7520865457564785,1.1151662704619223,Low participation AND negative median60
2025-05-12,1.771388943157634,1.127451840814,Low participation AND negative median60
2025-05-13,1.7607486979073785,1.120679548291541,Low participation AND negative median60
2025-05-14,1.781316826715929,1.133770730088105,Low participation AND negative median60
2025-05-15,1.768896888084292,1.1258657001244003,Low participation AND negative median60
2025-05-16,1.775760048341467,1.1302339574151792,Low participation AND negative median60
2025-05-19,1.766974965870435,1.1246424370198833,Low participation AND negative median60
2025-05-20,1.7887843481022256,1.1385236505383647,Low participation AND negative median60
2025-05-21,1.7829199823521973,1.1347911049641046,Low participation AND negative median60
2025-05-22,1.7753844354789767,1.1299948877208108,Low participation AND negative median60
2025-05-23,1.7736900849860409,1.128916469234784,Low participation AND negative median60
2025-05-26,1.7803652987233787,1.1331651025149336,Low participation AND negative median60
2025-05-27,1.7752110430544785,1.1298845270860454,Low participation AND negative median60
2025-05-28,1.7862568556499947,1.1369149547017339,Low participation AND negative median60
2025-05-29,1.7886777110811083,1.1384557783151457,Low participation AND negative median60
2025-05-30,1.7826981920931468,1.1346499401246113,Low participation AND negative median60
2025-06-03,1.7869366261184028,1.1373476143211236,Low participation AND negative median60
2025-06-04,1.7897545844127245,1.1391411855627995,Low participation AND negative median60
2025-06-05,1.7841785093516374,1.1355921309543109,Low participation AND negative median60
2025-06-06,1.7958541966824988,1.1430234606037342,Low participation AND negative median60
2025-06-09,1.7981910863647674,1.1445108417823457,Low participation AND negative median60
2025-06-10,1.845472679725485,1.1746045824467393,Low participation AND negative median60
2025-06-11,1.8518753776096355,1.1786797651126046,Low participation AND negative median60
2025-06-12,1.9192242475949035,1.2215459056826579,Low participation AND negative median60
2025-06-13,1.881653481124789,1.1976329022843102,Low participation AND negative median60
2025-06-16,1.8740930969619227,1.1928208766280533,Low participation AND negative median60
2025-06-17,1.8076643039497884,1.1505403457181804,Low participation AND negative median60
2025-06-18,1.8078996643453888,1.150690147664444,Low participation AND negative median60
2025-06-19,1.754409422224247,1.1166447325239583,Low participation AND negative median60
2025-06-20,1.7638917768066877,1.1226800519666587,Low participation AND negative median60
2025-06-23,1.814562264750987,1.1552196299507493,Low participation AND negative median60
2025-06-24,1.7977433012507937,1.1552196299507493,Low participation AND negative median60
2025-06-25,1.819313190129685,1.1552196299507493,Low participation AND negative median60
2025-06-26,1.8275641864720844,1.1552196299507493,Low participation AND negative median60
2025-06-27,1.7921981938835667,1.1552196299507493,Low participation AND negative median60
2025-06-30,1.7858253213893207,1.1552196299507493,Low participation AND negative median60
2025-07-01,1.801590192215044,1.1552196299507493,Low participation AND negative median60
2025-07-02,1.8139598095028657,1.1552196299507493,Low participation AND negative median60
2025-07-03,1.8194324396557737,1.1552196299507493,Low participation AND negative median60
2025-07-04,1.8443861084265347,1.1552196299507493,Low participation AND negative median60
2025-07-07,1.8490061473982689,1.1543533596307403,Low participation AND negative median60
2025-07-08,1.858313461462582,1.160164010544149,Low participation AND negative median60
2025-07-09,1.862741200741648,1.1629282932478873,Low participation AND negative median60
2025-07-10,1.873777356179776,1.1698182774295711,Low participation AND negative median60
2025-07-11,1.8732456893935487,1.16948635244287,Low participation AND negative median60
2025-07-14,1.8831877126135146,1.175693258743124,Low participation AND negative median60
2025-07-15,1.8665200496020526,1.1652874670579272,Low participation AND negative median60
2025-07-16,1.8652646674773699,1.164503719218426,Low participation AND negative median60
2025-07-17,1.870868926554859,1.168002515208609,Low participation AND negative median60
2025-07-18,1.8815380822013719,1.1746633776845425,Low participation AND negative median60
2025-07-21,1.911812746361621,1.1935641586983052,Low participation AND negative median60
2025-07-22,1.9264690801828197,1.202714257095856,Low participation AND negative median60
2025-07-23,1.935166912474238,1.2081444023342756,Low participation AND negative median60
2025-07-24,1.9544571273014302,1.2201874798140886,Low participation AND negative median60
2025-07-25,1.9490249987083073,1.2167961466374841,Low participation AND negative median60
2025-07-28,1.9567893638774108,1.2216435188492887,Low participation AND negative median60
2025-07-29,1.966099477037004,1.2274559172663742,Low participation AND negative median60
2025-07-30,1.9505125976686146,1.2177248698112986,Low participation AND negative median60
2025-07-31,1.9256901426063797,1.2022279584377518,Low participation AND negative median60
2025-08-01,1.9233338132992264,1.2007568780652305,Low participation AND negative median60
2025-08-04,1.9352327555229012,1.2081855088198001,Low participation AND negative median60
2025-08-05,1.944227017205205,1.213800717944429,Low participation AND negative median60
2025-08-06,1.967689670835398,1.2284486914419621,Low participation AND negative median60
2025-08-07,1.9609807687998226,1.2242602556084214,Low participation AND negative median60
2025-08-08,1.9374774150086869,1.2095868725861076,Low participation AND negative median60
2025-08-11,1.9746103764201284,1.2327693583872774,Low participation AND negative median60
2025-08-12,1.9919485859613812,1.2435937790967972,Low participation AND negative median60
2025-08-13,2.0268080247957463,1.2653568816099574,Low participation AND negative median60
2025-08-14,2.008241209216067,1.2537654296441514,Low participation AND negative median60
2025-08-15,2.0566309616733656,1.2839756446828527,Low participation AND negative median60
2025-08-18,2.1083508518038747,1.3162648985698093,Low participation AND negative median60
2025-08-19,2.0987718817025702,1.3102846500272056,Low participation AND negative median60
2025-08-20,2.1197210039479675,1.3233634002949193,Low participation AND negative median60
2025-08-21,2.128110649751957,1.3286011415720778,Low participation AND negative median60
2025-08-22,2.172374661654608,1.3562356147848669,Low participation AND negative median60
2025-08-25,2.2190279994898616,1.385361768499332,Low participation AND negative median60
2025-08-26,2.204877514435974,1.3765274766364606,Low participation AND negative median60
2025-08-27,2.175585760470835,1.3582403364629605,Low participation AND negative median60
2025-08-28,2.212241656486728,1.381124985481441,Low participation AND negative median60
2025-08-29,2.231452836498323,1.3931187207213478,Low participation AND negative median60
2025-09-01,2.234434605004686,1.3949802691525444,Low participation AND negative median60
2025-09-02,2.153322500148865,1.3443411564168795,Low participation AND negative median60
2025-09-03,2.1473220577935828,1.3405950191734541,Low participation AND negative median60
2025-09-04,2.0341196048871155,1.2699215754886433,Low participation AND negative median60
2025-09-05,2.13446069354337,1.3325655385508193,Low participation AND negative median60
2025-09-08,2.117376975848367,1.3218999996914926,Low participation AND negative median60
2025-09-09,2.0779331515049995,1.2972748186386773,Low participation AND negative median60
2025-09-10,2.1133086280748525,1.3193600887630672,Low participation AND negative median60
2025-09-11,2.2423773709730495,1.3999390187993437,Low participation AND negative median60
2025-09-12,2.2277578626226227,1.3908119109180574,Low participation AND negative median60
2025-09-15,2.226671019704656,1.3901333838209406,Low participation AND negative median60
2025-09-16,2.2440733694296973,1.400997847900109,Low participation AND negative median60
2025-09-17,2.305466310103754,1.4393260857074457,Low participation AND negative median60
2025-09-18,2.265378125751036,1.414298624141582,Low participation AND negative median60
2025-09-19,2.2682698177885396,1.4161039369163428,Low participation AND negative median60
2025-09-22,2.2617493352605957,1.4120331332994176,Low participation AND negative median60
2025-09-23,2.244586095019496,1.4013179477050697,Low participation AND negative median60
2025-09-24,2.2931435432770355,1.4316328569389074,Low participation AND negative median60
2025-09-25,2.305027695196385,1.43905225395593,Low participation AND negative median60
2025-09-26,2.261859872899908,1.4121021430728495,Low participation AND negative median60
2025-09-29,2.2850152335526226,1.4265582704364785,Low participation AND negative median60
2025-09-30,2.302727280843709,1.4376160818586707,Low participation AND negative median60
2025-10-09,2.3664026040934645,1.4773692343413467,Low participation AND negative median60
2025-10-10,2.2584064078225183,1.4099461096707637,Low participation AND negative median60
2025-10-13,2.30934454254428,1.4417473056982228,Low participation AND negative median60
2025-10-14,2.1866057038877136,1.3651201993147495,Low participation AND negative median60
2025-10-15,2.1998394281924183,1.3733821481098134,Low participation AND negative median60
2025-10-16,2.1869477359114953,1.365333733388884,Low participation AND negative median60
2025-10-17,2.10748953735569,1.315727171192126,Low participation AND negative median60
2025-10-20,2.1192812412739865,1.3230888519810242,Low participation AND negative median60
2025-10-21,2.1661036668815052,1.3523205689129296,Low participation AND negative median60
2025-10-22,2.163114734831115,1.3504545482082764,Low participation AND negative median60
2025-10-23,2.1780807632237265,1.3597979920792713,Low participation AND negative median60
2025-10-24,2.1651606763640916,1.3517318503338118,Low participation AND negative median60
2025-10-27,2.17789397702692,1.35968137955523,Low participation AND negative median60
2025-10-28,2.1707646614011837,1.3552304752377855,Low participation AND negative median60
2025-10-29,2.1733766425012786,1.3568611616270272,Low participation AND negative median60
2025-10-30,2.1669437578214987,1.352845046238406,Low participation AND negative median60
2025-10-31,2.1635090283199565,1.3507007096470394,Low participation AND negative median60
2025-11-03,2.1943386864947874,1.3699479790736229,Low participation AND negative median60
2025-11-04,2.1912954894792143,1.36804808019882,Low participation AND negative median60
2025-11-05,2.1594388211765994,1.3481596378950937,Low participation AND negative median60
2025-11-06,2.187558494009338,1.3657150358865302,Low participation AND negative median60
2025-11-07,2.1549474809652365,1.3453556484819018,Low participation AND negative median60
2025-11-10,2.177725937202345,1.3595764705822,Low participation AND negative median60
2025-11-11,2.1606291942357565,1.3489027999132328,Low participation AND negative median60
2025-11-12,2.150244315890691,1.342419414650371,Low participation AND negative median60
2025-11-13,2.1642057278967015,1.3511356662847989,Low participation AND negative median60
2025-11-14,2.1152136620651554,1.3205494208753539,Low participation AND negative median60
2025-11-17,2.1290042608409006,1.3291590320713473,Low participation AND negative median60
2025-11-18,2.1127503069702587,1.3190115232140835,Low participation AND negative median60
2025-11-19,2.1201806769448726,1.3236503788260914,Low participation AND negative median60
2025-11-20,2.1106352009906377,1.3176910410204545,Low participation AND negative median60
2025-11-21,2.052429316359208,1.2813525147429117,Low participation AND negative median60
2025-11-24,2.049024959311161,1.2792271399834358,Low participation AND negative median60
2025-11-25,2.063324099962507,1.2881542390490286,Low participation AND negative median60
2025-11-26,2.059483646697472,1.2857566049820808,Low participation AND negative median60
2025-11-27,2.066330625471202,1.2900312435287926,Low participation AND negative median60
2025-11-28,2.0725320995477197,1.2939028869221711,Low participation AND negative median60
2025-12-01,2.084211274470424,1.301194314713641,Low participation AND negative median60
2025-12-02,2.086771780282285,1.3027928645564502,Low participation AND negative median60
2025-12-03,2.0746370503882545,1.2952170291590956,Low participation AND negative median60
2025-12-04,2.1036403728375963,1.3133240986012178,Low participation AND negative median60
2025-12-05,2.1231859517526526,1.3255266024805425,Low participation AND negative median60
2025-12-08,2.2098811681803787,1.3796513086033848,Low participation AND negative median60
2025-12-09,2.257502670391958,1.4093818971933418,Low participation AND negative median60
2025-12-10,2.2714646384830193,1.418098495997327,Low participation AND negative median60
2025-12-11,2.2086811933790536,1.37890215211987,Low participation AND negative median60
2025-12-12,2.2303572283829336,1.3924347214222546,Low participation AND negative median60
2025-12-15,2.192627353155573,1.36887957624957,Low participation AND negative median60
2025-12-16,2.131109680663342,1.33047346709845,Low participation AND negative median60
2025-12-17,2.1230756609879355,1.3254577468334336,Low participation AND negative median60
2025-12-18,2.174674099863053,1.3576711774653458,Low participation AND negative median60
2025-12-19,2.19802872967594,1.3722517105941148,Low participation AND negative median60
2025-12-22,2.2198566206294186,1.3858790851116396,Low participation AND negative median60
2025-12-23,2.151909505410633,1.343459009418334,Low participation AND negative median60
2025-12-24,2.2391342586313745,1.3979143107514327,Low participation AND negative median60
2025-12-25,2.342059468795702,1.4621715671759568,Low participation AND negative median60
2025-12-26,2.3973952933203058,1.4967182857132608,Low participation AND negative median60
2025-12-29,2.436812634138064,1.5213269328314514,Low participation AND negative median60
2025-12-30,2.419235828690574,1.5103535542689002,Low participation AND negative median60
2025-12-31,2.5024681982837396,1.562316369863154,Low participation AND negative median60
2026-01-05,2.559199705915848,1.597734427571718,Low participation AND negative median60
2026-01-06,2.697179494862128,1.6838766143650923,Low participation AND negative median60
2026-01-07,2.668415151383094,1.6659187419268005,Low participation AND negative median60
2026-01-08,2.7422865556862637,1.7120374116013133,Low participation AND negative median60
2026-01-09,2.8405718439970746,1.7733979175809738,Low participation AND negative median60
2026-01-12,3.002710003799753,1.874622421218199,Low participation AND negative median60
2026-01-13,2.8745730497621187,1.7946252164526422,Low participation AND negative median60
2026-01-14,2.892184408997833,1.8056201672969192,Low participation AND negative median60
2026-01-15,2.755556820308812,1.7203221728887663,Low participation AND negative median60
2026-01-16,2.7228418675384525,1.6998978948549892,Low participation AND negative median60
2026-01-19,2.7185219390263327,1.6972009195105064,Low participation AND negative median60
2026-01-20,2.718558416165156,1.6972236925595896,Low participation AND negative median60
2026-01-21,2.76987522393766,1.729261298027299,Low participation AND negative median60
2026-01-22,2.7657585047500395,1.7266911883326546,Low participation AND negative median60
2026-01-23,2.828444682707137,1.7658268073401988,Low participation AND negative median60
2026-01-26,2.922190736857812,1.8243534232269158,Low participation AND negative median60
2026-01-27,2.899803675681092,1.810376953046993,Low participation AND negative median60
2026-01-28,3.0335406673697705,1.8938703183232315,Low participation AND negative median60
2026-01-29,3.073246277072654,1.9186589346408156,Low participation AND negative median60
2026-01-30,2.944781360428273,1.838456979481398,Low participation AND negative median60
2026-02-02,2.725152584458572,1.7013404989499772,Low participation AND negative median60
2026-02-03,2.8105925753665115,1.754681555003349,Low participation AND negative median60
2026-02-04,2.828156226544813,1.7656467212217433,Low participation AND negative median60
2026-02-05,2.7399905153985205,1.710603970277317,Low participation AND negative median60
2026-02-06,2.7519698299718263,1.7180827783079053,Low participation AND negative median60
2026-02-09,2.7992201396499756,1.7475816276207172,Low participation AND negative median60
2026-02-10,2.802863433726545,1.7498561731993396,Low participation AND negative median60
2026-02-11,2.837386802969125,1.7714094640453546,Low participation AND negative median60
2026-02-12,2.8608474800986623,1.7860562035934087,Low participation AND negative median60
2026-02-13,2.851236466838551,1.7800559501805817,Low participation AND negative median60
2026-02-24,2.8405800205188925,1.773403022266777,Low participation AND negative median60
2026-02-25,2.844114937764521,1.7756099070866294,Low participation AND negative median60
2026-02-26,2.8321547629313675,1.7681430481906504,Low participation AND negative median60
2026-02-27,2.8450427850008966,1.7761891715612457,Low participation AND negative median60
2026-03-02,2.8359759957220882,1.7705286827198303,Low participation AND negative median60
2026-03-03,2.8101927535346567,1.754431942163768,Low participation AND negative median60
2026-03-04,2.754375947536659,1.719584941996511,Low participation AND negative median60
2026-03-05,2.7914232605354594,1.7427139566218182,Low participation AND negative median60
2026-03-06,2.801229682122955,1.748836205442575,Low participation AND negative median60
2026-03-09,2.837038974179843,1.7711923109915109,Low participation AND negative median60
2026-03-10,2.812039123732,1.7555846498729468,Low participation AND negative median60
2026-03-11,2.864377727448525,1.7882601729497987,Low participation AND negative median60
2026-03-12,2.9244034710621403,1.8257348557150286,Low participation AND negative median60
2026-03-13,2.872290862683587,1.793200423828174,Low participation AND negative median60
2026-03-16,2.8061077464088715,1.7518816306321372,Low participation AND negative median60
2026-03-17,2.7875917059355664,1.7403218780821017,Low participation AND negative median60
2026-03-18,2.7915823834846667,1.7428132986987872,Low participation AND negative median60
2026-03-19,2.8118022414349473,1.7554367618435722,Low participation AND negative median60
2026-03-20,2.819590936752582,1.7602993236147721,Low participation AND negative median60
2026-03-23,2.732367066857124,1.7058445737506396,Low participation AND negative median60
2026-03-24,2.77953432175265,1.7352915711172097,Low participation AND negative median60
2026-03-25,2.7991628150560213,1.7475458392931804,Low participation AND negative median60
2026-03-26,2.8039532619394425,1.7505365640464707,Low participation AND negative median60
2026-03-27,2.7989029597201203,1.7473836089618004,Low participation AND negative median60
2026-03-30,2.8103415732752897,1.7545248518427439,Low participation AND negative median60
2026-03-31,2.8243375960176276,1.763262711312178,Low participation AND negative median60
2026-04-01,2.8254737990431282,1.763972054426886,Low participation AND negative median60
2026-04-02,2.835267301127813,1.7700862374705246,Low participation AND negative median60
2026-04-03,2.804228620303325,1.7511463691423328,Low participation AND negative median60
2026-04-07,2.8067686281550466,1.7511463691423328,Low participation AND negative median60
2026-04-08,2.820182294876587,1.7511463691423328,Low participation AND negative median60
2026-04-09,2.7720998455600614,1.7511463691423328,Low participation AND negative median60
2026-04-10,2.772861473800374,1.7511463691423328,Low participation AND negative median60
2026-04-13,2.7601517623127902,1.7511463691423328,Low participation AND negative median60
2026-04-14,2.7696565405973557,1.7511463691423328,Low participation AND negative median60
2026-04-15,2.887921406798777,1.7511463691423328,Low participation AND negative median60
2026-04-16,2.8975590217608547,1.7511463691423328,Low participation AND negative median60
2026-04-17,2.8598347049711212,1.7511463691423328,Low participation AND negative median60
2026-04-20,2.8432914302905736,1.749833228258772,Low participation AND negative median60
2026-04-21,2.8293098108273673,1.7412285871513054,Low participation AND negative median60
2026-04-22,2.9224406062658077,1.798543626579289,Low participation AND negative median60
2026-04-23,2.874090523581061,1.7687877667439211,Low participation AND negative median60
2026-04-24,2.865763279168816,1.763662970594942,Low participation AND negative median60
2026-04-27,2.9407271067767025,1.8097976000136142,Low participation AND negative median60
2026-04-28,2.8890348752323973,1.77798489751135,Low participation AND negative median60
2026-04-29,2.9085734351453456,1.7900094198672973,Low participation AND negative median60
2026-04-30,3.011471239672223,1.8533353229238139,Low participation AND negative median60
2026-05-06,3.126376382009566,1.9240508443851994,Low participation AND negative median60
2026-05-07,3.215953365452648,1.9791787783162884,Low participation AND negative median60
2026-05-08,3.1977222781085306,1.9679589075418165,Low participation AND negative median60
2026-05-11,3.2319170496728162,1.9890032320449118,Low participation AND negative median60
2026-05-12,3.2294106488230447,1.9874607297732334,Low participation AND negative median60
2026-05-13,3.2327763094925905,1.989532042200751,Low participation AND negative median60
2026-05-14,3.1878594938650586,1.9618891014682929,Low participation AND negative median60
2026-05-15,3.1659633737291055,1.9484136771147929,Low participation AND negative median60
2026-05-18,3.145431957606787,1.9357781260167577,Low participation AND negative median60
2026-05-19,3.1638673764708405,1.9471237475599892,Low participation AND negative median60
2026-05-20,3.158625349361636,1.9438976719205383,Low participation AND negative median60
2026-05-21,3.113453851854539,1.9160979935386258,Low participation AND negative median60
2026-05-22,3.1439196783714753,1.9348474312493618,Low participation AND negative median60
2026-05-25,3.3034820757922727,2.033046153340614,Low participation AND negative median60
2026-05-26,3.224339793662953,1.9843399976666731,Low participation AND negative median60
2026-05-27,3.1091156264913526,1.9134281402793685,Low participation AND negative median60
2026-05-28,3.15271534559733,1.940260506607217,Low participation AND negative median60
2026-05-29,2.971411683759463,1.828681662275924,Low participation AND negative median60
2026-06-01,2.816964055547076,1.733630698103682,Low participation AND negative median60
2026-06-02,2.8617248877416426,1.761177642699004,Low participation AND negative median60
2026-06-03,2.937676236573164,1.8079200175750418,Low participation AND negative median60
2026-06-04,3.044248859884138,1.8735074967569383,Low participation AND negative median60
2026-06-05,2.9593739440288007,1.8212733337629046,Low participation AND negative median60
2026-06-08,2.856911229763156,1.7582151962221866,Low participation AND negative median60
2026-06-09,2.9684210267006925,1.8268411365246717,Low participation AND negative median60
2026-06-10,2.859713165830451,1.75993957831745,Low participation AND negative median60
2026-06-11,2.85870137718239,1.7593168980752873,Low participation AND negative median60
2026-06-12,2.8973969706311227,1.7831311418360352,Low participation AND negative median60
2026-06-15,3.0237686661688223,1.8609034692195383,Low participation AND negative median60
2026-06-16,3.0438381797282834,1.8732547538353916,Low participation AND negative median60
2026-06-17,3.0552220918495148,1.8802607003539562,Low participation AND negative median60
2026-06-18,3.071702521846669,1.890403172461385,Low participation AND negative median60
2026-06-22,3.1658534320072866,1.9483460162074506,Low participation AND negative median60
2026-06-23,3.161741085857523,1.9458151747107617,Low participation AND negative median60
2026-06-24,3.3350471986858277,2.052472125755819,Low participation AND negative median60
2026-06-25,3.433616400670111,2.1131340976794717,Low participation AND negative median60
2026-06-26,3.540280788570502,2.1787780511031674,Low participation AND negative median60
2026-06-29,3.856855892833147,2.373606351423282,Low participation AND negative median60
2026-06-30,3.994569197350782,2.4583585909056946,Low participation AND negative median60
2026-07-01,4.014382331565448,2.4705520932091956,Low participation AND negative median60
2026-07-02,3.616549305143158,2.2257156190031977,Low participation AND negative median60
2026-07-03,3.5021363243713934,2.155302986177126,Low participation AND negative median60
2026-07-06,3.5020032948344344,2.155221116446282,Low participation AND negative median60
2026-07-07,3.3499702380666903,2.061656140414696,Low participation AND negative median60
2026-07-08,3.310977289066696,2.037658896551088,Low participation AND negative median60
2026-07-09,3.361282710503597,2.068618121150465,Low participation AND negative median60
2026-07-10,3.447487687193209,2.1216708371139994,Low participation AND negative median60
2026-07-13,3.374092006743833,2.0765012849911426,Low participation AND negative median60
2026-07-14,3.444286246169971,2.1197005895969516,Low participation AND negative median60
2026-07-15,3.573303086908643,2.1991008060237376,Low participation AND negative median60
2026-07-16,3.5367445221769453,2.1766017436119625,Low participation AND negative median60
2026-07-17,3.2978730290322256,2.029594204555123,Low participation AND negative median60
2026-07-20,3.3920885895885906,2.087576835784629,Low participation AND negative median60
2026-07-21,3.393726607187841,2.088584913111176,Low participation AND negative median60
2026-07-22,3.3234728654775645,2.0453489892995997,Low participation AND negative median60
2026-07-23,3.3638784032018134,2.0702155758768077,Low participation AND negative median60
2026-07-24,3.3052637076206035,2.0341426144843866,Low participation AND negative median60
2026-07-27,3.364811249281352,2.0707896728720847,Low participation AND negative median60
2026-07-28,3.370607115406643,2.074356595004839,Low participation AND negative median60
2026-07-29,3.4542676797960916,2.125843415491819,Low participation AND negative median60
2026-07-30,3.456985717014096,2.1275161641200606,Low participation AND negative median60
2026-07-31,3.4469288923979087,2.1213269407092272,Low participation AND negative median60
2026-08-03,3.4271769447614444,2.1091710941685227,Low participation AND negative median60
2026-08-04,3.3617267949307887,2.068891421902746,Low participation AND negative median60
2026-08-05,3.3417187535232387,2.05657796879895,Low participation AND negative median60
2026-08-06,3.328580980115857,2.0484926518283917,Low participation AND negative median60
2026-08-07,3.3140861679704408,2.039572179006221,Low participation AND negative median60
2026-08-10,3.336219057910035,2.053193317466072,Low participation AND negative median60
2026-08-11,3.331296932116097,2.05016411716105,Low participation AND negative median60
2026-08-12,3.3150723934084554,2.0401791270044485,Low participation AND negative median60
2026-08-13,3.313569702130633,2.0392543329078126,Low participation AND negative median60
2026-08-14,3.310168269820424,2.0371610057107943,Low participation AND negative median60
2026-08-17,3.3935293990146516,2.0884635462295913,Low participation AND negative median60
2026-08-18,3.3863417069513706,2.0840400593253543,Low participation AND negative median60
2026-08-19,3.207587381436369,1.9740301408383247,Low participation AND negative median60
2026-08-20,3.2453189595556933,1.9972511052616193,Low participation AND negative median60
2026-08-21,3.252364445075161,2.001587074673633,Low participation AND negative median60
2026-08-24,3.210766664771219,1.9759867519553223,Low participation AND negative median60
2026-08-25,3.2410373903228855,1.9946161196133518,Low participation AND negative median60
2026-08-26,3.239965819125139,1.9939566476829385,Low participation AND negative median60
2026-08-27,3.3117761560460397,2.0381505394303656,Low participation AND negative median60
2026-08-28,3.3056731477589394,2.0343945942678907,Low participation AND negative median60
2026-08-31,3.3043195544647275,2.0335615588292693,Low participation AND negative median60
2026-09-01,3.3031509993342887,2.0328424005416204,Low participation AND negative median60
2026-09-02,3.269765108775568,2.0122958818020025,Low participation AND negative median60
2026-09-03,3.266172423141372,2.0100848524877257,Low participation AND negative median60
2026-09-04,3.275220191487845,2.0156530772309167,Low participation AND negative median60
2026-09-07,3.2485650363240217,1.9992488227415044,Low participation AND negative median60
2026-09-08,3.282592870925819,2.0201904100292465,Low participation AND negative median60
2026-09-09,3.311689984553216,2.0380975073212175,Low participation AND negative median60
2026-09-10,3.2943310190952784,2.0274143623425154,Low participation AND negative median60
2026-09-11,3.2606875850676467,2.0067093448592157,Low participation AND negative median60
2022-01-13,0.9996999999999999,0.9996999999999999,Weak MOM10 AND negative median60
2022-01-14,0.9796322089973472,0.9796322089973472,Weak MOM10 AND negative median60
2022-01-17,0.9817285363589482,0.9817285363589482,Weak MOM10 AND negative median60
2022-01-18,0.9956456553248488,0.9956456553248488,Weak MOM10 AND negative median60
2022-01-19,1.0008939411627908,1.0008939411627908,Weak MOM10 AND negative median60
2022-01-20,1.0099871491482644,1.0099871491482644,Weak MOM10 AND negative median60
2022-01-21,1.006122132984746,1.006122132984746,Weak MOM10 AND negative median60
2022-01-24,1.0057434792381181,1.0057434792381181,Weak MOM10 AND negative median60
2022-01-25,0.9838298039712604,0.9838298039712604,Weak MOM10 AND negative median60
2022-01-26,0.9841786536360162,0.9841786536360162,Weak MOM10 AND negative median60
2022-01-27,0.9736190507184653,0.9738138621937726,Weak MOM10 AND negative median60
2022-01-28,0.9683736945399505,0.9738138621937726,Weak MOM10 AND negative median60
2022-02-07,0.9898854217879753,0.9738138621937726,Weak MOM10 AND negative median60
2022-02-08,0.9898236218110854,0.9738138621937726,Weak MOM10 AND negative median60
2022-02-09,0.993334625696742,0.9738138621937726,Weak MOM10 AND negative median60
2022-02-10,0.9899013146001399,0.9738138621937726,Weak MOM10 AND negative median60
2022-02-11,0.9912541981208622,0.9738138621937726,Weak MOM10 AND negative median60
2022-02-14,0.9723231407589951,0.9738138621937726,Weak MOM10 AND negative median60
2022-02-15,0.9686389996885398,0.9738138621937726,Weak MOM10 AND negative median60
2022-02-16,0.9740939628893402,0.9738138621937726,Weak MOM10 AND negative median60
2022-02-17,0.9747894991286506,0.9738138621937726,Weak MOM10 AND negative median60
2022-02-18,0.9840682158868963,0.9738138621937726,Weak MOM10 AND negative median60
2022-02-21,0.9890704336066021,0.9738138621937726,Weak MOM10 AND negative median60
2022-02-22,0.9931503874584439,0.9738138621937726,Weak MOM10 AND negative median60
2022-02-23,0.9937114985862834,0.9738138621937726,Weak MOM10 AND negative median60
2022-02-24,0.9791569020999967,0.9738138621937726,Weak MOM10 AND negative median60
2022-02-25,0.9836149071887307,0.9738138621937726,Weak MOM10 AND negative median60
2022-02-28,0.9972214427044419,0.9738138621937726,Weak MOM10 AND negative median60
2022-03-01,0.9936337482886332,0.9738138621937726,Weak MOM10 AND negative median60
2022-03-02,1.0006131437314711,0.9738138621937726,Weak MOM10 AND negative median60
2022-03-03,1.0057780728567647,0.9731323020442966,Weak MOM10 AND negative median60
2022-03-04,0.9954381490646855,0.96312799382333,Weak MOM10 AND negative median60
2022-03-07,0.9774351782525033,0.9457093674852809,Weak MOM10 AND negative median60
2022-03-08,0.9676855479973879,0.936276192920943,Weak MOM10 AND negative median60
2022-03-09,0.9701973339048993,0.9387064507167573,Weak MOM10 AND negative median60
2022-03-10,1.0011217525043854,0.9686271175847702,Weak MOM10 AND negative median60
2022-03-11,0.9923167780377935,0.9601079369589902,Weak MOM10 AND negative median60
2022-03-14,0.9652862131072358,0.9339547361820852,Weak MOM10 AND negative median60
2022-03-15,0.9370184505782799,0.9066044950445834,Weak MOM10 AND negative median60
2022-03-16,0.9729400032655517,0.9413600978986821,Weak MOM10 AND negative median60
2022-03-17,0.9726635963572899,0.9413280535290892,Weak MOM10 AND negative median60
2022-03-18,0.9798687787624073,0.9413280535290892,Weak MOM10 AND negative median60
2022-03-21,0.9931787915483301,0.9413280535290892,Weak MOM10 AND negative median60
2022-03-22,0.9808129950446965,0.9413280535290892,Weak MOM10 AND negative median60
2022-03-23,0.9991849286240169,0.9413280535290892,Weak MOM10 AND negative median60
2022-03-24,1.0021182576236578,0.9413280535290892,Weak MOM10 AND negative median60
2022-03-25,0.9941037191749418,0.9413280535290892,Weak MOM10 AND negative median60
2022-03-28,0.98630577082617,0.9413280535290892,Weak MOM10 AND negative median60
2022-03-29,0.999624496136283,0.9413280535290892,Weak MOM10 AND negative median60
2022-03-30,1.014770177609866,0.9413280535290892,Weak MOM10 AND negative median60
2022-03-31,1.0087644031952991,0.9407633390631766,Weak MOM10 AND negative median60
2022-04-01,1.0107485291087828,0.9426137145458743,Weak MOM10 AND negative median60
2022-04-06,1.017447218337851,0.9488608434359534,Weak MOM10 AND negative median60
2022-04-07,0.9950026140500141,0.9279292356126656,Weak MOM10 AND negative median60
2022-04-08,0.9984939341720975,0.9311852049603008,Weak MOM10 AND negative median60
2022-04-11,0.9852982162372105,0.9188790137164008,Weak MOM10 AND negative median60
2022-04-12,0.980620526006087,0.9145166477695096,Weak MOM10 AND negative median60
2022-04-13,0.9752355580613079,0.9094946818789293,Weak MOM10 AND negative median60
2022-04-14,0.9930435459581339,0.926102228797465,Weak MOM10 AND negative median60
2022-04-15,0.9803240913492167,0.9142401958480026,Weak MOM10 AND negative median60
2022-04-18,0.9811834495432873,0.9152704993319152,Weak MOM10 AND negative median60
2022-04-19,0.9821856846014775,0.9152704993319152,Weak MOM10 AND negative median60
2022-04-20,0.9653549385883676,0.9152704993319152,Weak MOM10 AND negative median60
2022-04-21,0.9534282854922582,0.9152704993319152,Weak MOM10 AND negative median60
2022-04-22,0.9676503633855463,0.9152704993319152,Weak MOM10 AND negative median60
2022-04-25,0.9303243670819165,0.9152704993319152,Weak MOM10 AND negative median60
2022-04-26,0.9169303834296844,0.9152704993319152,Weak MOM10 AND negative median60
2022-04-27,0.9232100610991717,0.9152704993319152,Weak MOM10 AND negative median60
2022-04-28,0.945127813776018,0.9152704993319152,Weak MOM10 AND negative median60
2022-04-29,0.9501433246380624,0.9152704993319152,Weak MOM10 AND negative median60
2022-05-05,0.9433922166580927,0.9152704993319152,Weak MOM10 AND negative median60
2022-05-06,0.8944505596784718,0.9152704993319152,Weak MOM10 AND negative median60
2022-05-09,0.872451413248792,0.9152704993319152,Weak MOM10 AND negative median60
2022-05-10,0.8725895569463044,0.9152704993319152,Weak MOM10 AND negative median60
2022-05-11,0.8947104290027987,0.9152704993319152,Weak MOM10 AND negative median60
2022-05-12,0.8732646713108815,0.9152704993319152,Weak MOM10 AND negative median60
2022-05-13,0.9083429063983722,0.9152704993319152,Weak MOM10 AND negative median60
2022-05-16,0.9084482781203129,0.9152704993319152,Weak MOM10 AND negative median60
2022-05-17,0.9566301709457374,0.9152704993319152,Weak MOM10 AND negative median60
2022-05-18,0.9479152274913851,0.9152704993319152,Weak MOM10 AND negative median60
2022-05-19,0.9217893901426547,0.9145841608662287,Weak MOM10 AND negative median60
2022-05-20,0.9299384223096653,0.9226694955707039,Weak MOM10 AND negative median60
2022-05-23,0.9313052438075344,0.924025633215648,Weak MOM10 AND negative median60
2022-05-24,0.9003117992284603,0.8932744509978534,Weak MOM10 AND negative median60
2022-05-25,0.910004421278275,0.9028913100101398,Weak MOM10 AND negative median60
2022-05-26,0.9194468515629848,0.912259932898219,Weak MOM10 AND negative median60
2022-05-27,0.9165278086452278,0.9093637068773748,Weak MOM10 AND negative median60
2022-05-30,0.9231415979277586,0.9159257990274846,Weak MOM10 AND negative median60
2022-05-31,0.9380733092240903,0.9307407955899194,Weak MOM10 AND negative median60
2022-06-01,0.9364166555232583,0.9290970912350809,Weak MOM10 AND negative median60
2022-06-02,0.9561740077677378,0.9489373024449794,Weak MOM10 AND negative median60
2022-06-06,0.9782953978576558,0.9489373024449794,Weak MOM10 AND negative median60
2022-06-07,0.9757489505823735,0.9489373024449794,Weak MOM10 AND negative median60
2022-06-08,0.995195688641142,0.9489373024449794,Weak MOM10 AND negative median60
2022-06-09,0.9863119289674446,0.9489373024449794,Weak MOM10 AND negative median60
2022-06-10,1.00438775596448,0.9489373024449794,Weak MOM10 AND negative median60
2022-06-13,1.0018905026935059,0.9489373024449794,Weak MOM10 AND negative median60
2022-06-14,1.0162477189304782,0.9489373024449794,Weak MOM10 AND negative median60
2022-06-15,1.006654559011815,0.9489373024449794,Weak MOM10 AND negative median60
2022-06-16,0.9968262127748932,0.9489373024449794,Weak MOM10 AND negative median60
2022-06-17,1.0039466036248113,0.9482731530887144,Weak MOM10 AND negative median60
2022-06-20,1.0081965183184758,0.9522873904917484,Weak MOM10 AND negative median60
2022-06-21,0.9901467118976021,0.9352385287439583,Weak MOM10 AND negative median60
2022-06-22,0.9899489731465894,0.9350517555149502,Weak MOM10 AND negative median60
2022-06-23,1.0016776430106464,0.9461300167624801,Weak MOM10 AND negative median60
2022-06-24,1.0093110589685126,0.9533401247433909,Weak MOM10 AND negative median60
2022-06-27,1.0251974138381228,0.9683455082656817,Weak MOM10 AND negative median60
2022-06-28,1.0341140387067822,0.9767676653291988,Weak MOM10 AND negative median60
2022-06-29,0.9993246241257029,0.9439074835826811,Weak MOM10 AND negative median60
2022-06-30,1.0168725211747602,0.9604822691387109,Weak MOM10 AND negative median60
2022-07-01,1.0203743343605944,0.9637898906987312,Weak MOM10 AND negative median60
2022-07-04,1.0292426955800682,0.9721664605540967,Weak MOM10 AND negative median60
2022-07-05,1.025179972104382,0.9683290337561908,Weak MOM10 AND negative median60
2022-07-06,1.002683803713717,0.9470803812330304,Weak MOM10 AND negative median60
2022-07-07,0.9991821561500697,0.9437729161106859,Weak MOM10 AND negative median60
2022-07-08,0.9996489469665958,0.9442138212323546,Weak MOM10 AND negative median60
2022-07-11,0.9855904114202825,0.9309348960562759,Weak MOM10 AND negative median60
2022-07-12,0.97135570821973,0.9174895725315653,Weak MOM10 AND negative median60
2022-07-13,0.9774013636515478,0.9231999686005582,Weak MOM10 AND negative median60
2022-07-14,0.9817652778427475,0.927321883705362,Weak MOM10 AND negative median60
2022-07-15,0.9706702010817273,0.916842079913062,Weak MOM10 AND negative median60
2022-07-18,0.9775001451465939,0.9232932722079771,Weak MOM10 AND negative median60
2022-07-19,0.9656017402685736,0.9120546885326415,Weak MOM10 AND negative median60
2022-07-20,0.9666981780686675,0.9130903238205211,Weak MOM10 AND negative median60
2022-07-21,0.9580955410306428,0.9049647425202091,Weak MOM10 AND negative median60
2022-07-22,0.9563240529587842,0.9032914915988003,Weak MOM10 AND negative median60
2022-07-25,0.9357452979592583,0.8838539230871054,Weak MOM10 AND negative median60
2022-07-26,0.9457101582739821,0.8932661861264088,Weak MOM10 AND negative median60
2022-07-27,0.9578001079982189,0.9046856926064271,Weak MOM10 AND negative median60
2022-07-28,0.9577856046634738,0.904671993548211,Weak MOM10 AND negative median60
2022-07-29,0.9606086691814867,0.9073385061716944,Weak MOM10 AND negative median60
2022-08-01,0.9669648837511351,0.9133422394478531,Weak MOM10 AND negative median60
2022-08-02,0.955565284721254,0.9025748005452439,Weak MOM10 AND negative median60
2022-08-03,0.9578699084744997,0.904751622325688,Weak MOM10 AND negative median60
2022-08-04,0.9691168976984251,0.9153749143370551,Weak MOM10 AND negative median60
2022-08-05,0.9910282105595729,0.9360711442561902,Weak MOM10 AND negative median60
2022-08-08,0.9911888467635167,0.936222872444785,Weak MOM10 AND negative median60
2022-08-09,0.9883415352068763,0.9335334573923384,Weak MOM10 AND negative median60
2022-08-10,0.9779147518809919,0.9236848870945654,Weak MOM10 AND negative median60
2022-08-11,0.9990928316777554,0.9436885450906503,Weak MOM10 AND negative median60
2022-08-12,0.9878612300697068,0.9330797873811804,Weak MOM10 AND negative median60
2022-08-15,0.9891885686989371,0.9343335189866385,Weak MOM10 AND negative median60
2022-08-16,0.990281505217761,0.9353658471553769,Weak MOM10 AND negative median60
2022-08-17,0.9901076989317665,0.9352016792262741,Weak MOM10 AND negative median60
2022-08-18,0.9922895478695631,0.9372625346187198,Weak MOM10 AND negative median60
2022-08-19,0.977500161125033,0.9232932873003383,Weak MOM10 AND negative median60
2022-08-22,0.9725260570642664,0.918595020156982,Weak MOM10 AND negative median60
2022-08-23,0.9616375249655517,0.9083103071767541,Weak MOM10 AND negative median60
2022-08-24,0.9383844605801858,0.8863467320184021,Weak MOM10 AND negative median60
2022-08-25,0.9387579031629341,0.8866994654946265,Weak MOM10 AND negative median60
2022-08-26,0.9340298618735934,0.8822336158117958,Weak MOM10 AND negative median60
2022-08-29,0.9372963045445576,0.8853189192331085,Weak MOM10 AND negative median60
2022-08-30,0.9250937344919812,0.8737930377392487,Weak MOM10 AND negative median60
2022-08-31,0.9095420274382353,0.8591037442743157,Weak MOM10 AND negative median60
2022-09-01,0.9143077633553098,0.863605198244632,Weak MOM10 AND negative median60
2022-09-02,0.9156725157107759,0.8648942688133558,Weak MOM10 AND negative median60
2022-09-05,0.9302478950054237,0.8786613763779378,Weak MOM10 AND negative median60
2022-09-06,0.9424959684276689,0.8902302378706106,Weak MOM10 AND negative median60
2022-09-07,0.9404816864243345,0.8883276570564366,Weak MOM10 AND negative median60
2022-09-08,0.929501381123524,0.8779562601197051,Weak MOM10 AND negative median60
2022-09-09,0.9347506461795552,0.8830910917011949,Weak MOM10 AND negative median60
2022-09-13,0.9284214253362983,0.8830910917011949,Weak MOM10 AND negative median60
2022-09-14,0.920767386987137,0.8830910917011949,Weak MOM10 AND negative median60
2022-09-15,0.9220622554157885,0.8830910917011949,Weak MOM10 AND negative median60
2022-09-16,0.8923657097407791,0.8830910917011949,Weak MOM10 AND negative median60
2022-09-19,0.8886354389234069,0.8830910917011949,Weak MOM10 AND negative median60
2022-09-20,0.8847085328448936,0.8830910917011949,Weak MOM10 AND negative median60
2022-09-21,0.8914100276678499,0.8830910917011949,Weak MOM10 AND negative median60
2022-09-22,0.8863569065377104,0.8830910917011949,Weak MOM10 AND negative median60
2022-09-23,0.8801183553103253,0.8830910917011949,Weak MOM10 AND negative median60
2022-09-26,0.8625700555060657,0.8830910917011949,Weak MOM10 AND negative median60
2022-09-27,0.8712820670719164,0.8830910917011949,Weak MOM10 AND negative median60
2022-09-28,0.8654439297303209,0.8830910917011949,Weak MOM10 AND negative median60
2022-09-29,0.8582164499893514,0.8830910917011949,Weak MOM10 AND negative median60
2022-09-30,0.8580143440475408,0.8830910917011949,Weak MOM10 AND negative median60
2022-10-10,0.8405037220831898,0.8830910917011949,Weak MOM10 AND negative median60
2022-10-11,0.8398792533907422,0.8830910917011949,Weak MOM10 AND negative median60
2022-10-12,0.8421012389425089,0.8830910917011949,Weak MOM10 AND negative median60
2022-10-13,0.8321636772022148,0.8830910917011949,Weak MOM10 AND negative median60
2022-10-14,0.8441790706540375,0.8830910917011949,Weak MOM10 AND negative median60
2022-10-17,0.8433361611339414,0.8824288837688056,Weak MOM10 AND negative median60
2022-10-18,0.8562823867608258,0.8959752297639659,Weak MOM10 AND negative median60
2022-10-19,0.8392449497241892,0.8781480248611124,Weak MOM10 AND negative median60
2022-10-20,0.8422273256027935,0.8812686483311142,Weak MOM10 AND negative median60
2022-10-21,0.8430581911881931,0.8821380285674608,Weak MOM10 AND negative median60
2022-10-24,0.8181802883123722,0.8561069141946328,Weak MOM10 AND negative median60
2022-10-25,0.8011510143683639,0.8382882507833553,Weak MOM10 AND negative median60
2022-10-26,0.8359960723214089,0.8747485462283189,Weak MOM10 AND negative median60
2022-10-27,0.83248467109144,0.8710743745152744,Weak MOM10 AND negative median60
2022-10-28,0.8127171694826901,0.8503905533020906,Weak MOM10 AND negative median60
2022-10-31,0.8136664915317904,0.8515968334804201,Weak MOM10 AND negative median60
2022-11-01,0.8168772061629362,0.8515968334804201,Weak MOM10 AND negative median60
2022-11-02,0.8207096755828613,0.8515968334804201,Weak MOM10 AND negative median60
2022-11-03,0.8258864158843072,0.8515968334804201,Weak MOM10 AND negative median60
2022-11-04,0.8374270555432559,0.8515968334804201,Weak MOM10 AND negative median60
2022-11-07,0.8280369257470918,0.8515968334804201,Weak MOM10 AND negative median60
2022-11-08,0.8248514611078304,0.8515968334804201,Weak MOM10 AND negative median60
2022-11-09,0.819211476890285,0.8515968334804201,Weak MOM10 AND negative median60
2022-11-10,0.806536811354176,0.8515968334804201,Weak MOM10 AND negative median60
2022-11-11,0.8127258294862344,0.8515968334804201,Weak MOM10 AND negative median60
2022-11-14,0.8115326718008788,0.850958242304914,Weak MOM10 AND negative median60
2022-11-15,0.8239291477760591,0.8639569591442561,Weak MOM10 AND negative median60
2022-11-16,0.8230290133612914,0.8630130947429264,Weak MOM10 AND negative median60
2022-11-17,0.8354739488395885,0.8760626253264692,Weak MOM10 AND negative median60
2022-11-18,0.8324224079557105,0.8728628356481265,Weak MOM10 AND negative median60
2022-11-21,0.8235791748243902,0.8635899839402321,Weak MOM10 AND negative median60
2022-11-22,0.816620898189537,0.8562936629658389,Weak MOM10 AND negative median60
2022-11-23,0.8158395221162122,0.8554743263783667,Weak MOM10 AND negative median60
2022-11-24,0.8141012820980985,0.8536516398471693,Weak MOM10 AND negative median60
2022-11-25,0.8151776159606593,0.8547802637506104,Weak MOM10 AND negative median60
2022-11-28,0.8084102803543944,0.8476841600289754,Weak MOM10 AND negative median60
2022-11-29,0.8270018621319031,0.8671789509360981,Weak MOM10 AND negative median60
2022-11-30,0.8264184217488618,0.8665671660750639,Weak MOM10 AND negative median60
2022-12-01,0.8281150611617142,0.8683462309762738,Weak MOM10 AND negative median60
2022-12-02,0.8210113197900561,0.8608973783527555,Weak MOM10 AND negative median60
2022-12-05,0.8401057167023186,0.880919411967587,Weak MOM10 AND negative median60
2022-12-06,0.8366614709338235,0.8773078391658159,Weak MOM10 AND negative median60
2022-12-07,0.8289029261554139,0.869172371726374,Weak MOM10 AND negative median60
2022-12-08,0.8281917459014767,0.8684266411847934,Weak MOM10 AND negative median60
2022-12-09,0.8323033365979984,0.8727379796111628,Weak MOM10 AND negative median60
2022-12-12,0.8204060941700727,0.8602627498927132,Weak MOM10 AND negative median60
2022-12-13,0.8278337976417842,0.8680513032193753,Weak MOM10 AND negative median60
2022-12-14,0.8441137105968851,0.885122120691711,Weak MOM10 AND negative median60
2022-12-15,0.8343751377833816,0.8749104322509397,Weak MOM10 AND negative median60
2022-12-16,0.8366128021743016,0.8772568059991955,Weak MOM10 AND negative median60
2022-12-19,0.8271975793893892,0.8673841764546832,Weak MOM10 AND negative median60
2022-12-20,0.8003630108894798,0.8392459411905133,Weak MOM10 AND negative median60
2022-12-21,0.8083083966499105,0.8475773266492488,Weak MOM10 AND negative median60
2022-12-22,0.8253457801441368,0.8654424138053194,Weak MOM10 AND negative median60
2022-12-23,0.829052407670667,0.8693291152955448,Weak MOM10 AND negative median60
2022-12-26,0.8201643972989309,0.8599663019290686,Weak MOM10 AND negative median60
2022-12-27,0.8274246374547681,0.8599663019290686,Weak MOM10 AND negative median60
2022-12-28,0.8224183547808275,0.8599663019290686,Weak MOM10 AND negative median60
2022-12-29,0.8109957736524229,0.8599663019290686,Weak MOM10 AND negative median60
2022-12-30,0.8170883636232669,0.8599663019290686,Weak MOM10 AND negative median60
2023-01-03,0.8072498127360616,0.8599663019290686,Weak MOM10 AND negative median60
2023-01-04,0.8133558714573587,0.8599663019290686,Weak MOM10 AND negative median60
2023-01-05,0.8356417594146419,0.8599663019290686,Weak MOM10 AND negative median60
2023-01-06,0.8321155114045533,0.8599663019290686,Weak MOM10 AND negative median60
2023-01-09,0.8482029739171881,0.8599663019290686,Weak MOM10 AND negative median60
2023-01-10,0.850309554229125,0.8593214346984097,Weak MOM10 AND negative median60
2023-01-11,0.8500321012491092,0.8590410411738837,Weak MOM10 AND negative median60
2023-01-12,0.8478416879910577,0.856827413143798,Weak MOM10 AND negative median60
2023-01-13,0.8551357696947905,0.8641988000972722,Weak MOM10 AND negative median60
2023-01-16,0.8632007767920351,0.8723492829834019,Weak MOM10 AND negative median60
2023-01-17,0.8628524256739017,0.8719972399172922,Weak MOM10 AND negative median60
2023-01-18,0.8643149732892492,0.8734752881279518,Weak MOM10 AND negative median60
2023-01-19,0.8698654063129162,0.8790845465978498,Weak MOM10 AND negative median60
2023-01-20,0.8775605035776896,0.8868611992166762,Weak MOM10 AND negative median60
2023-01-30,0.8822749348882549,0.8916255957325483,Weak MOM10 AND negative median60
2023-01-31,0.878040276045097,0.8873460564818576,Weak MOM10 AND negative median60
2023-02-01,0.8881458788702262,0.8975587620488967,Weak MOM10 AND negative median60
2023-02-02,0.8876964662874788,0.8971045864331375,Weak MOM10 AND negative median60
2023-02-03,0.884742877429867,0.8941196943993966,Weak MOM10 AND negative median60
2023-02-06,0.8754283254050577,0.8847064234679785,Weak MOM10 AND negative median60
2023-02-07,0.8730680314464805,0.8823211142818043,Weak MOM10 AND negative median60
2023-02-08,0.868600772526248,0.877806509776409,Weak MOM10 AND negative median60
2023-02-09,0.8830898963621725,0.8924491944555165,Weak MOM10 AND negative median60
2023-02-10,0.8769964797963862,0.8862911977124672,Weak MOM10 AND negative median60
2023-02-13,0.8832180284946541,0.8925786845775167,Weak MOM10 AND negative median60
2023-02-14,0.8820408635717093,0.8913890436456579,Weak MOM10 AND negative median60
2023-02-15,0.8908354321795883,0.9002768201925502,Weak MOM10 AND negative median60
2023-02-16,0.8782448053602113,0.8875527534707692,Weak MOM10 AND negative median60
2023-02-17,0.8636571911714799,0.8728105346033687,Weak MOM10 AND negative median60
2023-02-20,0.8841043803761988,0.8934744303288237,Weak MOM10 AND negative median60
2023-02-21,0.8812317944368846,0.8905713997108697,Weak MOM10 AND negative median60
2023-02-22,0.8797884156193843,0.8891127234557357,Weak MOM10 AND negative median60
2023-02-23,0.8717082518168612,0.8809469232282209,Weak MOM10 AND negative median60
2023-02-24,0.8712680370062899,0.8805020428658702,Weak MOM10 AND negative median60
2023-02-27,0.8635704412353163,0.8727228652607941,Weak MOM10 AND negative median60
2023-02-28,0.8702742124167631,0.8794976853729277,Weak MOM10 AND negative median60
2023-03-01,0.874744593265011,0.8840154448936323,Weak MOM10 AND negative median60
2023-03-02,0.8763297890021776,0.8856174410941509,Weak MOM10 AND negative median60
2023-03-03,0.8790096571113154,0.8883257113904133,Weak MOM10 AND negative median60
2023-03-06,0.8763485806005971,0.8856364318525562,Weak MOM10 AND negative median60
2023-03-07,0.8689668022828042,0.8781764188453849,Weak MOM10 AND negative median60
2023-03-08,0.8677458085133568,0.8769424845534545,Weak MOM10 AND negative median60
2023-03-09,0.8669191298133097,0.8761070444210627,Weak MOM10 AND negative median60
2023-03-10,0.8520783380978594,0.8611089647622464,Weak MOM10 AND negative median60
2023-03-13,0.8640576199645003,0.873215207281926,Weak MOM10 AND negative median60
2023-03-14,0.8551894866933593,0.8642530864075321,Weak MOM10 AND negative median60
2023-03-15,0.8650326329714048,0.874200553820461,Weak MOM10 AND negative median60
2023-03-16,0.8541680253172028,0.8632207992235504,Weak MOM10 AND negative median60
2023-03-17,0.8797844085168316,0.8891086738844974,Weak MOM10 AND negative median60
2023-03-20,0.8687264586754753,0.877933527991762,Weak MOM10 AND negative median60
2023-03-21,0.8677847147818849,0.8769818031643345,Weak MOM10 AND negative median60
2023-03-22,0.8727702761809707,0.8820202033010042,Weak MOM10 AND negative median60
2023-03-23,0.8926403744687086,0.9021008918964616,Weak MOM10 AND negative median60
2023-03-24,0.8873891379215022,0.8967940008927765,Weak MOM10 AND negative median60
2023-03-27,0.8805087080362073,0.8898406497855629,Weak MOM10 AND negative median60
2023-03-28,0.8759090559144642,0.8851922489288262,Weak MOM10 AND negative median60
2023-03-29,0.8801087081194674,0.8894364105286678,Weak MOM10 AND negative median60
2023-03-30,0.8767935824671532,0.8860861500057987,Weak MOM10 AND negative median60
2023-03-31,0.9067247445559792,0.9163345331039734,Weak MOM10 AND negative median60
2023-04-03,0.9500292782721242,0.9600980235373363,Weak MOM10 AND negative median60
2023-04-04,0.9552520621641492,0.9653761603345682,Weak MOM10 AND negative median60
2023-04-06,0.9573872609958337,0.967533988756328,Weak MOM10 AND negative median60
2023-04-07,0.9789278472937245,0.9893028697828731,Weak MOM10 AND negative median60
2023-04-10,0.9347296545283358,0.9446362489865643,Weak MOM10 AND negative median60
2023-04-11,0.9495373546198929,0.9596008863047896,Weak MOM10 AND negative median60
2023-04-12,0.9867436659631154,0.9972015232543285,Weak MOM10 AND negative median60
2023-04-13,0.9831735165598987,0.9935935361489254,Weak MOM10 AND negative median60
2023-04-14,0.9883257349630877,0.9988003595793896,Weak MOM10 AND negative median60
2023-04-17,1.0002969674262918,1.0108984673852168,Weak MOM10 AND negative median60
2023-04-18,1.0006793214975214,1.0112848737797087,Weak MOM10 AND negative median60
2023-04-19,0.9958481138820581,1.0064024633224848,Weak MOM10 AND negative median60
2023-04-20,0.9950721683238434,1.0056182940196507,Weak MOM10 AND negative median60
2023-04-21,0.9796718365910048,0.9900547441410515,Weak MOM10 AND negative median60
2023-04-24,0.9735250190415857,0.9838427804519165,Weak MOM10 AND negative median60
2023-04-25,0.969468306718098,0.9797430736608543,Weak MOM10 AND negative median60
2023-04-26,0.9705810879482321,0.981063910386364,Weak MOM10 AND negative median60
2023-04-27,0.9705790979201236,0.981063910386364,Weak MOM10 AND negative median60
2023-04-28,0.9823397404280294,0.981063910386364,Weak MOM10 AND negative median60
2023-05-04,1.0053220054984549,0.981063910386364,Weak MOM10 AND negative median60
2023-05-05,1.011599301555642,0.981063910386364,Weak MOM10 AND negative median60
2023-05-08,1.0468964542250885,0.981063910386364,Weak MOM10 AND negative median60
2023-05-09,1.034250146251489,0.981063910386364,Weak MOM10 AND negative median60
2023-05-10,1.0094779796353017,0.981063910386364,Weak MOM10 AND negative median60
2023-05-11,1.0082960904172515,0.981063910386364,Weak MOM10 AND negative median60
2023-05-12,0.9981899298788216,0.981063910386364,Weak MOM10 AND negative median60
2023-05-15,1.0044981219089848,0.9803282350865631,Weak MOM10 AND negative median60
2023-05-16,1.003802213923581,0.9796490717987142,Weak MOM10 AND negative median60
2023-05-17,1.0081603395925343,0.9839023337532622,Weak MOM10 AND negative median60
2023-05-18,1.0144386749587024,0.9900296019825949,Weak MOM10 AND negative median60
2023-05-19,1.0199913731670638,0.9954486930847528,Weak MOM10 AND negative median60
2023-05-22,1.02602902139589,1.0013410655075008,Weak MOM10 AND negative median60
2023-05-23,1.0202120442673825,0.9956640544732827,Weak MOM10 AND negative median60
2023-05-24,1.0061178268543574,0.9819089672510399,Weak MOM10 AND negative median60
2023-05-25,1.0165080114129874,0.9920491467779343,Weak MOM10 AND negative median60
2023-05-26,1.0196412264332086,0.9951069714606553,Weak MOM10 AND negative median60
2023-05-29,1.0446047241788383,1.0194698061467493,Weak MOM10 AND negative median60
2023-05-30,1.0501565422210337,1.0248880382609955,Weak MOM10 AND negative median60
2023-05-31,1.0504293481379339,1.0251542800161597,Weak MOM10 AND negative median60
2023-06-01,1.050337679696738,1.0250648172693304,Weak MOM10 AND negative median60
2023-06-02,1.0554654914349968,1.0300692453728593,Weak MOM10 AND negative median60
2023-06-05,1.059344173148109,1.0338545995864157,Weak MOM10 AND negative median60
2023-06-06,1.0440704772550498,1.0189484140878944,Weak MOM10 AND negative median60
2023-06-07,1.0480770903975967,1.0228586214890223,Weak MOM10 AND negative median60
2023-06-08,1.0279438464087705,1.0032098166623653,Weak MOM10 AND negative median60
2023-06-09,1.0428001966553557,1.0177086985411932,Weak MOM10 AND negative median60
2023-06-12,1.0505645794898009,1.0252862574779513,Weak MOM10 AND negative median60
2023-06-13,1.0622551068406463,1.0366954913979765,Weak MOM10 AND negative median60
2023-06-14,1.0652007811524102,1.0395702879119844,Weak MOM10 AND negative median60
2023-06-15,1.0607594431790814,1.0352358158787842,Weak MOM10 AND negative median60
2023-06-16,1.078087503290875,1.0521469341938543,Weak MOM10 AND negative median60
2023-06-19,1.0827892391106355,1.0567355384704553,Weak MOM10 AND negative median60
2023-06-20,1.088509064043975,1.0623177349520658,Weak MOM10 AND negative median60
2023-06-21,1.0468462260727185,1.021657373796348,Weak MOM10 AND negative median60
2023-06-26,1.012991781555473,0.9886175232286291,Weak MOM10 AND negative median60
2023-06-27,1.0248110112870423,1.0001523627371514,Weak MOM10 AND negative median60
2023-06-28,1.0208907004592824,0.9963263810743237,Weak MOM10 AND negative median60
2023-06-29,1.0253086000229836,1.0006379786648119,Weak MOM10 AND negative median60
2023-06-30,1.032830738348327,1.007979121896167,Weak MOM10 AND negative median60
2023-07-03,1.0348991664540794,1.0099977801993423,Weak MOM10 AND negative median60
2023-07-04,1.0371869882623612,1.0122305532295628,Weak MOM10 AND negative median60
2023-07-05,1.0278983291219206,1.0031653945967485,Weak MOM10 AND negative median60
2023-07-06,1.0257614703084785,1.0010799521419338,Weak MOM10 AND negative median60
2023-07-07,1.013709360602298,0.9893178361363049,Weak MOM10 AND negative median60
2023-07-10,1.016005972378794,0.9915591876335609,Weak MOM10 AND negative median60
2023-07-11,1.0243496399355734,0.9997020927437683,Weak MOM10 AND negative median60
2023-07-12,1.0246273356639304,0.999973106653435,Weak MOM10 AND negative median60
2023-07-13,1.0407175332892693,1.015676147501601,Weak MOM10 AND negative median60
2023-07-14,1.0390051817797004,1.014004998002552,Weak MOM10 AND negative median60
2023-07-17,1.0346435512357208,1.0097483155060698,Weak MOM10 AND negative median60
2023-07-18,1.0366704505557596,1.0117264442748282,Weak MOM10 AND negative median60
2023-07-19,1.0408828228242881,1.0158374598969246,Weak MOM10 AND negative median60
2023-07-20,1.0329847233518659,1.0081294017657423,Weak MOM10 AND negative median60
2023-07-21,1.034321621997069,1.0094341324175538,Weak MOM10 AND negative median60
2023-07-24,1.0330786630753737,1.0082210811440728,Weak MOM10 AND negative median60
2023-07-25,1.0724361503588526,1.0466315621639175,Weak MOM10 AND negative median60
2023-07-26,1.0709396532136872,1.0451710732161195,Weak MOM10 AND negative median60
2023-07-27,1.0777609023451764,1.0518281918072923,Weak MOM10 AND negative median60
2023-07-28,1.0995413627526478,1.0730845783001324,Weak MOM10 AND negative median60
2023-07-31,1.1072799147480208,1.080636927930545,Weak MOM10 AND negative median60
2023-08-01,1.1041321610456003,1.0775649143903736,Weak MOM10 AND negative median60
2023-08-02,1.0885850749985342,1.062391916957293,Weak MOM10 AND negative median60
2023-08-03,1.0965663381552746,1.0701811377169488,Weak MOM10 AND negative median60
2023-08-04,1.0994971738447292,1.0730414526504517,Weak MOM10 AND negative median60
2023-08-07,1.0897542232622643,1.063532933579364,Weak MOM10 AND negative median60
2023-08-08,1.0877546863380767,1.0615815088219398,Weak MOM10 AND negative median60
2023-08-09,1.0881826659287086,1.0619991905155002,Weak MOM10 AND negative median60
2023-08-10,1.1058753562909067,1.079266165473845,Weak MOM10 AND negative median60
2023-08-11,1.065527927143677,1.0398895622294162,Weak MOM10 AND negative median60
2023-08-14,1.0548212316651726,1.0294404875590681,Weak MOM10 AND negative median60
2023-08-15,1.0676675593184972,1.041977711313946,Weak MOM10 AND negative median60
2023-08-16,1.067108915400883,1.041432509293303,Weak MOM10 AND negative median60
2023-08-17,1.0667113003645556,1.0410444615326306,Weak MOM10 AND negative median60
2023-08-18,1.0524602329703,1.027136298399224,Weak MOM10 AND negative median60
2023-08-21,1.020193261632321,0.9956457237794981,Weak MOM10 AND negative median60
2023-08-22,1.0318005107526533,1.0069736832810254,Weak MOM10 AND negative median60
2023-08-23,1.0082391340598151,0.9842253501622972,Weak MOM10 AND negative median60
2023-08-24,1.0092670241652908,0.9842253501622972,Weak MOM10 AND negative median60
2023-08-25,0.9988667582837875,0.9842253501622972,Weak MOM10 AND negative median60
2023-08-28,1.0107917207647856,0.9842253501622972,Weak MOM10 AND negative median60
2023-08-29,1.0277021252020897,0.9842253501622972,Weak MOM10 AND negative median60
2023-08-30,1.0304530086309258,0.9842253501622972,Weak MOM10 AND negative median60
2023-08-31,1.023580751296676,0.9842253501622972,Weak MOM10 AND negative median60
2023-09-01,1.0220912190163396,0.9842253501622972,Weak MOM10 AND negative median60
2023-09-04,1.0337222719923331,0.9842253501622972,Weak MOM10 AND negative median60
2023-09-05,1.0290175938882018,0.9842253501622972,Weak MOM10 AND negative median60
2023-09-06,1.036767704834806,0.9834873041778444,Weak MOM10 AND negative median60
2023-09-07,1.0302344929436473,0.9772898397694768,Weak MOM10 AND negative median60
2023-09-08,1.0225592541326671,0.9700090382052204,Weak MOM10 AND negative median60
2023-09-11,1.026107780534468,0.9733752027263916,Weak MOM10 AND negative median60
2023-09-12,1.0266036869246744,0.9738456240527448,Weak MOM10 AND negative median60
2023-09-13,1.0252055617246856,0.972519349731672,Weak MOM10 AND negative median60
2023-09-14,1.033678095014725,0.9805564721132043,Weak MOM10 AND negative median60
2023-09-15,1.032615949696942,0.9795489113738409,Weak MOM10 AND negative median60
2023-09-18,1.0322343682625768,0.9791869397436885,Weak MOM10 AND negative median60
2023-09-19,1.0336491154536736,0.9805289818371842,Weak MOM10 AND negative median60
2023-09-20,1.0304974911293632,0.9776860118221846,Weak MOM10 AND negative median60
2023-09-21,1.0216690278339977,0.9776860118221846,Weak MOM10 AND negative median60
2023-09-22,1.026787162665602,0.9776860118221846,Weak MOM10 AND negative median60
2023-09-25,1.0282132471431855,0.9776860118221846,Weak MOM10 AND negative median60
2023-09-26,1.021929250071079,0.9776860118221846,Weak MOM10 AND negative median60
2023-09-27,1.023141171487212,0.9776860118221846,Weak MOM10 AND negative median60
2023-09-28,1.0232522335629395,0.9776860118221846,Weak MOM10 AND negative median60
2023-10-09,1.0264721200909765,0.9776860118221846,Weak MOM10 AND negative median60
2023-10-10,1.0120694202911906,0.9776860118221846,Weak MOM10 AND negative median60
2023-10-11,1.0119815767463558,0.9776860118221846,Weak MOM10 AND negative median60
2023-10-12,1.0181359142203532,0.9776860118221846,Weak MOM10 AND negative median60
2023-10-13,1.0083507966617102,0.9776860118221846,Weak MOM10 AND negative median60
2023-10-16,0.9911201412496906,0.9776860118221846,Weak MOM10 AND negative median60
2023-10-17,0.9938519189867078,0.9776860118221846,Weak MOM10 AND negative median60
2023-10-18,0.9769535006202312,0.9776860118221846,Weak MOM10 AND negative median60
2023-10-19,0.9665878086551251,0.9776860118221846,Weak MOM10 AND negative median60
2023-10-20,0.9435919355906978,0.9776860118221846,Weak MOM10 AND negative median60
2023-10-23,0.9281254865155006,0.9776860118221846,Weak MOM10 AND negative median60
2023-10-24,0.9339931609366454,0.9776860118221846,Weak MOM10 AND negative median60
2023-10-25,0.9390869110640594,0.9776860118221846,Weak MOM10 AND negative median60
2023-10-26,0.9442329434497112,0.9776860118221846,Weak MOM10 AND negative median60
2023-10-27,0.9485830239902104,0.9776860118221846,Weak MOM10 AND negative median60
2023-10-30,0.943804256789008,0.9776860118221846,Weak MOM10 AND negative median60
2023-10-31,0.9458324075243019,0.9776860118221846,Weak MOM10 AND negative median60
2023-11-01,0.9444411755392106,0.9776860118221846,Weak MOM10 AND negative median60
2023-11-02,0.9374207167593291,0.9776860118221846,Weak MOM10 AND negative median60
2023-11-03,0.9468307070581674,0.9776860118221846,Weak MOM10 AND negative median60
2023-11-06,0.9844896031804311,0.9776860118221846,Weak MOM10 AND negative median60
2023-11-07,0.988821303861829,0.9776860118221846,Weak MOM10 AND negative median60
2023-11-08,0.9791915116995178,0.9776860118221846,Weak MOM10 AND negative median60
2023-11-09,0.9745591560762277,0.9769528695240695,Weak MOM10 AND negative median60
2023-11-10,0.9687849518575262,0.9711644826975676,Weak MOM10 AND negative median60
2023-11-13,0.9733757807577539,0.9757665875976222,Weak MOM10 AND negative median60
2023-11-14,0.9801608600589008,0.9825683324192422,Weak MOM10 AND negative median60
2023-11-15,0.9783590947682027,0.9807621416303285,Weak MOM10 AND negative median60
2023-11-16,0.9692446623595938,0.9716253223411595,Weak MOM10 AND negative median60
2023-11-17,0.977622319231637,0.9800235564247458,Weak MOM10 AND negative median60
2023-11-20,0.9849235538060717,0.9873427243008972,Weak MOM10 AND negative median60
2023-11-21,0.9819156613497406,0.9843274438552609,Weak MOM10 AND negative median60
2023-11-22,0.971666424095152,0.9740530324109956,Weak MOM10 AND negative median60
2023-11-23,0.9736136655886809,0.9762491800474191,Weak MOM10 AND negative median60
2023-11-24,0.9774190572656422,0.9762491800474191,Weak MOM10 AND negative median60
2023-11-27,0.9753025698914336,0.9762491800474191,Weak MOM10 AND negative median60
2023-11-28,0.9763728460515981,0.9762491800474191,Weak MOM10 AND negative median60
2023-11-29,0.9757071619458153,0.9762491800474191,Weak MOM10 AND negative median60
2023-11-30,0.9788090032993099,0.9762491800474191,Weak MOM10 AND negative median60
2023-12-01,0.9773816957766601,0.9762491800474191,Weak MOM10 AND negative median60
2023-12-04,0.9799551642119247,0.9762491800474191,Weak MOM10 AND negative median60
2023-12-05,0.9671768002376394,0.9762491800474191,Weak MOM10 AND negative median60
2023-12-06,0.97817173617805,0.9762491800474191,Weak MOM10 AND negative median60
2023-12-07,0.9716249242466153,0.9762491800474191,Weak MOM10 AND negative median60
2023-12-08,0.9724794745477053,0.9762491800474191,Weak MOM10 AND negative median60
2023-12-11,0.9805504281648011,0.9762491800474191,Weak MOM10 AND negative median60
2023-12-12,0.9843544070574981,0.9762491800474191,Weak MOM10 AND negative median60
2023-12-13,0.9873345124613225,0.9762491800474191,Weak MOM10 AND negative median60
2023-12-14,0.9977121235418789,0.9762491800474191,Weak MOM10 AND negative median60
2023-12-15,0.9965695876761174,0.9762491800474191,Weak MOM10 AND negative median60
2023-12-18,0.9951268754589865,0.9762491800474191,Weak MOM10 AND negative median60
2023-12-19,0.996806540675801,0.9762491800474191,Weak MOM10 AND negative median60
2023-12-20,1.0038470688066563,0.9762491800474191,Weak MOM10 AND negative median60
2023-12-21,0.9903336509901076,0.9756147157053061,Weak MOM10 AND negative median60
2023-12-22,0.9949453958811142,0.980157918065689,Weak MOM10 AND negative median60
2023-12-25,0.9962094985801712,0.9814032329089539,Weak MOM10 AND negative median60
2023-12-26,1.0021182364475596,0.9872241515548122,Weak MOM10 AND negative median60
2023-12-27,1.0057049401269331,0.9907575474835206,Weak MOM10 AND negative median60
2023-12-28,1.003000758577206,0.9880935571089485,Weak MOM10 AND negative median60
2023-12-29,1.0003310416328084,0.9854635191059803,Weak MOM10 AND negative median60
2024-01-02,0.9982395066359325,0.9834030697621408,Weak MOM10 AND negative median60
2024-01-03,0.985509563008162,0.9708623262249145,Weak MOM10 AND negative median60
2024-01-04,0.979414308361553,0.9648576629245635,Weak MOM10 AND negative median60
2024-01-05,0.9724605222820845,0.958007228202676,Weak MOM10 AND negative median60
2024-01-08,0.9622104800712961,0.9479095282937131,Weak MOM10 AND negative median60
2024-01-09,0.9657046386832112,0.9513517546155034,Weak MOM10 AND negative median60
2024-01-10,0.9595109003585974,0.9452500713608954,Weak MOM10 AND negative median60
2024-01-11,0.9531142084807632,0.9389484509710316,Weak MOM10 AND negative median60
2024-01-12,0.9593776559398772,0.9451188073009911,Weak MOM10 AND negative median60
2024-01-15,0.9625939440250554,0.9482872929751983,Weak MOM10 AND negative median60
2024-01-16,0.9627219113195205,0.9484133583426472,Weak MOM10 AND negative median60
2024-01-17,0.9457399397315195,0.9316837830461002,Weak MOM10 AND negative median60
2024-01-18,0.9428990171172206,0.928885083935029,Weak MOM10 AND negative median60
2024-01-19,0.936793593575227,0.9231012358927698,Weak MOM10 AND negative median60
2024-01-22,0.9550649438582257,0.9231012358927698,Weak MOM10 AND negative median60
2024-01-23,0.9558577522496944,0.9231012358927698,Weak MOM10 AND negative median60
2024-01-24,0.9637761608785137,0.9231012358927698,Weak MOM10 AND negative median60
2024-01-25,0.9554986917376005,0.9231012358927698,Weak MOM10 AND negative median60
2024-01-26,0.9566739929616668,0.9231012358927698,Weak MOM10 AND negative median60
2024-01-29,0.9660712791169382,0.9231012358927698,Weak MOM10 AND negative median60
2024-01-30,0.9733959218218406,0.9231012358927698,Weak MOM10 AND negative median60
2024-01-31,0.9591615498539885,0.9231012358927698,Weak MOM10 AND negative median60
2024-02-01,0.9516524424672795,0.9231012358927698,Weak MOM10 AND negative median60
2024-02-02,0.9636046869753525,0.9231012358927698,Weak MOM10 AND negative median60
2024-02-05,0.9725762828279141,0.9231012358927698,Weak MOM10 AND negative median60
2024-02-06,0.9811117201048373,0.9231012358927698,Weak MOM10 AND negative median60
2024-02-07,0.9779413858882107,0.9231012358927698,Weak MOM10 AND negative median60
2024-02-08,0.9761784964562883,0.9231012358927698,Weak MOM10 AND negative median60
2024-02-19,0.9941446083772063,0.9231012358927698,Weak MOM10 AND negative median60
2024-02-20,0.9991008256821724,0.9231012358927698,Weak MOM10 AND negative median60
2024-02-21,1.0185384466142473,0.9231012358927698,Weak MOM10 AND negative median60
2024-02-22,1.0244937830735403,0.9231012358927698,Weak MOM10 AND negative median60
2024-02-23,1.0280317836260318,0.9231012358927698,Weak MOM10 AND negative median60
2024-02-26,1.0057437544719672,0.9224090253535047,Weak MOM10 AND negative median60
2024-02-27,1.0109230902815696,0.927159207569274,Weak MOM10 AND negative median60
2024-02-28,1.0059213903017334,0.9225719424900753,Weak MOM10 AND negative median60
2024-02-29,1.0141049412552925,0.9300774141625954,Weak MOM10 AND negative median60
2024-03-01,1.0150513380864699,0.9309453936800044,Weak MOM10 AND negative median60
2024-03-04,1.0188274858468374,0.9344086543363532,Weak MOM10 AND negative median60
2024-03-05,1.025721929167354,0.9407318322982902,Weak MOM10 AND negative median60
2024-03-06,1.0247919551046496,0.9398789147783266,Weak MOM10 AND negative median60
2024-03-07,1.026312433406824,0.9412734080600833,Weak MOM10 AND negative median60
2024-03-08,1.0311535290438658,0.9457133762809659,Weak MOM10 AND negative median60
2024-03-11,1.0293980857484413,0.9441033869253315,Weak MOM10 AND negative median60
2024-03-12,1.0152982710728287,0.9311718660933428,Weak MOM10 AND negative median60
2024-03-13,1.0172152223400737,0.9329299810626948,Weak MOM10 AND negative median60
2024-03-14,1.022292881004377,0.9375869109802728,Weak MOM10 AND negative median60
2024-03-15,1.0249476846079641,0.9400217407205534,Weak MOM10 AND negative median60
2024-03-18,1.0330100660610677,0.947416082853048,Weak MOM10 AND negative median60
2024-03-19,1.0278494025116365,0.9426830257362208,Weak MOM10 AND negative median60
2024-03-20,1.02999583240707,0.944651605008061,Weak MOM10 AND negative median60
2024-03-21,1.0335132114901926,0.9478775382514302,Weak MOM10 AND negative median60
2024-03-22,1.0260932127301199,0.9410723517474421,Weak MOM10 AND negative median60
2024-03-25,1.023021199782513,0.9382548821322684,Weak MOM10 AND negative median60
2024-03-26,1.0107867691020958,0.9270341818003002,Weak MOM10 AND negative median60
2024-03-27,0.9763592310299368,0.8954592685112452,Weak MOM10 AND negative median60
2024-03-28,1.0035851704490657,0.9204292990307162,Weak MOM10 AND negative median60
2024-03-29,1.0069425682315505,0.9235085068333954,Weak MOM10 AND negative median60
2024-04-01,1.0321574831460563,0.9466341439424936,Weak MOM10 AND negative median60
2024-04-02,1.0225295471664049,0.9378039672661106,Weak MOM10 AND negative median60
2024-04-03,1.007980291861263,0.9244602459196319,Weak MOM10 AND negative median60
2024-04-08,0.9889415297092586,0.9069990129142254,Weak MOM10 AND negative median60
2024-04-09,1.0008884472587918,0.9179560231107532,Weak MOM10 AND negative median60
2024-04-10,0.97776464274001,0.8967482294816166,Weak MOM10 AND negative median60
2024-04-11,0.9815929553556468,0.9002593326754833,Weak MOM10 AND negative median60
2024-04-12,0.9839516630076268,0.9024226006218988,Weak MOM10 AND negative median60
2024-04-15,0.9931738823127695,0.910880677823998,Weak MOM10 AND negative median60
2024-04-16,0.971584443716636,0.8910801143854069,Weak MOM10 AND negative median60
2024-04-17,0.9874330582951301,0.9056155316440776,Weak MOM10 AND negative median60
2024-04-18,0.9905822979218489,0.9085038290277502,Weak MOM10 AND negative median60
2024-04-19,0.9917531943790507,0.9095777063996702,Weak MOM10 AND negative median60
2024-04-22,0.9746514085047047,0.8938929541255267,Weak MOM10 AND negative median60
2024-04-23,0.9519734052682431,0.8730940232156444,Weak MOM10 AND negative median60
2024-04-24,0.9628284688252513,0.8830496491404876,Weak MOM10 AND negative median60
2024-04-25,0.973956613584311,0.8932557290843655,Weak MOM10 AND negative median60
2024-04-26,0.9698756209923232,0.8895128826759114,Weak MOM10 AND negative median60
2024-04-29,0.9795835051176255,0.8984163830898579,Weak MOM10 AND negative median60
2024-04-30,0.9870560136866123,0.9052697285025604,Weak MOM10 AND negative median60
2024-05-06,0.9971661540843407,0.9145421547135011,Weak MOM10 AND negative median60
2024-05-07,0.9965035728984769,0.9139344742152106,Weak MOM10 AND negative median60
2024-05-08,0.9951580078201117,0.9127004010559531,Weak MOM10 AND negative median60
2024-05-09,1.0019749122675465,0.9189524649234415,Weak MOM10 AND negative median60
2024-05-10,1.011133562119505,0.9273522399615024,Weak MOM10 AND negative median60
2024-05-13,1.0172775350369643,0.9329871306037685,Weak MOM10 AND negative median60
2024-05-14,1.0123821552370496,0.9284973761410671,Weak MOM10 AND negative median60
2024-05-15,1.0069540796724084,0.9235190644499799,Weak MOM10 AND negative median60
2024-05-16,1.0180121211100208,0.9336608497500954,Weak MOM10 AND negative median60
2024-05-17,1.027162018217349,0.9420525972855166,Weak MOM10 AND negative median60
2024-05-20,1.039920893636213,0.9537542874897971,Weak MOM10 AND negative median60
2024-05-21,1.0270416005052323,0.9419421572415441,Weak MOM10 AND negative median60
2024-05-22,1.0267493288468186,0.9416741028644952,Weak MOM10 AND negative median60
2024-05-23,1.0151727599002063,0.9310567546269327,Weak MOM10 AND negative median60
2024-05-24,1.0031313024149966,0.9200130379611512,Weak MOM10 AND negative median60
2024-05-27,1.018579311894954,0.9341810437824157,Weak MOM10 AND negative median60
2024-05-28,1.02226243235565,0.9375589852702986,Weak MOM10 AND negative median60
2024-05-29,1.0183170223136924,0.9339404872033306,Weak MOM10 AND negative median60
2024-05-30,1.0064378742078461,0.9230456311551354,Weak MOM10 AND negative median60
2024-05-31,1.0017399839856809,0.9187370025190864,Weak MOM10 AND negative median60
2024-06-03,1.0091922280175434,0.9255717624900651,Weak MOM10 AND negative median60
2024-06-04,1.00574369417348,0.9224089700512785,Weak MOM10 AND negative median60
2024-06-05,1.0129286573901886,0.9289985957769726,Weak MOM10 AND negative median60
2024-06-06,1.0318260497415952,0.9463301727150122,Weak MOM10 AND negative median60
2024-06-07,1.033992295979189,0.9483169263705133,Weak MOM10 AND negative median60
2024-06-11,1.0340766950146885,0.9483943322024956,Weak MOM10 AND negative median60
2024-06-12,1.0339991149366405,0.9483231803172756,Weak MOM10 AND negative median60
2024-06-13,1.0415977966209717,0.9552922442913244,Weak MOM10 AND negative median60
2024-06-14,1.0384856834642275,0.9524379971225619,Weak MOM10 AND negative median60
2024-06-17,1.062097071577449,0.9740929737504751,Weak MOM10 AND negative median60
2024-06-18,1.0619157769511098,0.9739267009808558,Weak MOM10 AND negative median60
2024-06-19,1.0583781396686185,0.9706821881083791,Weak MOM10 AND negative median60
2024-06-20,1.064756096780971,0.97653167529395,Weak MOM10 AND negative median60
2024-06-21,1.0641330101531143,0.975960216881649,Weak MOM10 AND negative median60
2024-06-24,1.0382432722803119,0.9522156718405046,Weak MOM10 AND negative median60
2024-06-25,0.9981849232608799,0.9154765098899694,Weak MOM10 AND negative median60
2024-06-26,1.0116986960098147,0.9278705475310364,Weak MOM10 AND negative median60
2024-06-27,1.013228490096812,0.9292735847027859,Weak MOM10 AND negative median60
2024-06-28,1.0253747629399363,0.9404134318508165,Weak MOM10 AND negative median60
2024-07-01,1.0221171260413324,0.9374257188640481,Weak MOM10 AND negative median60
2024-07-02,1.0244840455726982,0.9395965182633081,Weak MOM10 AND negative median60
2024-07-03,1.0423775631720147,0.9560074003150658,Weak MOM10 AND negative median60
2024-07-04,1.045646448693634,0.9590054298773494,Weak MOM10 AND negative median60
2024-07-05,1.0532865502022954,0.9660124816784377,Weak MOM10 AND negative median60
2024-07-08,1.063137882052923,0.9750475439101114,Weak MOM10 AND negative median60
2024-07-09,1.0711819298560044,0.9824250714969797,Weak MOM10 AND negative median60
2024-07-10,1.0667505091091325,0.9783608329930084,Weak MOM10 AND negative median60
2024-07-11,1.0699672395246398,0.9813110289591279,Weak MOM10 AND negative median60
2024-07-12,1.030592483612164,0.9451988184052307,Weak MOM10 AND negative median60
2024-07-15,1.0565984363165515,0.9690499488554888,Weak MOM10 AND negative median60
2024-07-16,1.059962867433434,0.9721356072188579,Weak MOM10 AND negative median60
2024-07-17,1.0525792726445553,0.9653638082963872,Weak MOM10 AND negative median60
2024-07-18,1.0387139722099472,0.9526473701348248,Weak MOM10 AND negative median60
2024-07-19,1.0202115758817873,0.9356780603201967,Weak MOM10 AND negative median60
2024-07-22,1.0083263647151546,0.9247776435892071,Weak MOM10 AND negative median60
2024-07-23,1.0180112727145545,0.9336600716516661,Weak MOM10 AND negative median60
2024-07-24,1.0061659190524799,0.9227962098798989,Weak MOM10 AND negative median60
2024-07-25,1.0175285748776772,0.9332173695824022,Weak MOM10 AND negative median60
2024-07-26,1.0345670977342658,0.9488441007370596,Weak MOM10 AND negative median60
2024-07-29,1.026627708958823,0.9415625602555047,Weak MOM10 AND negative median60
2024-07-30,1.0305421752586927,0.9451526785419837,Weak MOM10 AND negative median60
2024-07-31,1.0827793290105547,0.99306152397627,Weak MOM10 AND negative median60
2024-08-01,1.076064154149348,0.9869027605027092,Weak MOM10 AND negative median60
2024-08-02,1.0550297026457152,0.9676111985874197,Weak MOM10 AND negative median60
2024-08-05,1.0506917759498315,0.9636327073287733,Weak MOM10 AND negative median60
2024-08-06,1.0504331915861775,0.9633955753001014,Weak MOM10 AND negative median60
2024-08-07,1.0444709737238007,0.9633955753001014,Weak MOM10 AND negative median60
2024-08-08,1.0470500984479145,0.9633955753001014,Weak MOM10 AND negative median60
2024-08-09,1.037552319171293,0.9633955753001014,Weak MOM10 AND negative median60
2024-08-12,1.0297961386497014,0.9633955753001014,Weak MOM10 AND negative median60
2024-08-13,1.0386027956442607,0.9633955753001014,Weak MOM10 AND negative median60
2024-08-14,1.030619752845783,0.9633955753001014,Weak MOM10 AND negative median60
2024-08-15,1.0428306705898018,0.9633955753001014,Weak MOM10 AND negative median60
2024-08-16,1.036697338161355,0.9633955753001014,Weak MOM10 AND negative median60
2024-08-19,1.0372188695594027,0.9633955753001014,Weak MOM10 AND negative median60
2024-08-20,1.025172351808936,0.9626731490430733,Weak MOM10 AND negative median60
2024-08-21,1.0217848058792371,0.959492123431217,Weak MOM10 AND negative median60
2024-08-22,1.0265756160965096,0.9639908639114801,Weak MOM10 AND negative median60
2024-08-23,1.0295943807166195,0.9668255908117259,Weak MOM10 AND negative median60
2024-08-26,1.0336996324441634,0.9706805675882608,Weak MOM10 AND negative median60
2024-08-27,1.0401490003801872,0.9767367525110733,Weak MOM10 AND negative median60
2024-08-28,1.038831507999184,0.975499580500901,Weak MOM10 AND negative median60
2024-08-29,1.0315347053825081,0.9686476243975725,Weak MOM10 AND negative median60
2024-08-30,1.0369864770484183,0.9737670310887739,Weak MOM10 AND negative median60
2024-09-02,1.0287473687096513,0.9660302165367696,Weak MOM10 AND negative median60
2024-09-03,1.0273803865470896,0.9647948236729642,Weak MOM10 AND negative median60
2024-09-04,0.9935642032311668,0.9647948236729642,Weak MOM10 AND negative median60
2024-09-05,0.9979344043925926,0.9647948236729642,Weak MOM10 AND negative median60
2024-09-06,0.9935863760079531,0.9647948236729642,Weak MOM10 AND negative median60
2024-09-09,0.9878656912244042,0.9647948236729642,Weak MOM10 AND negative median60
2024-09-10,0.986799664579011,0.9647948236729642,Weak MOM10 AND negative median60
2024-09-11,0.9863659937406898,0.9647948236729642,Weak MOM10 AND negative median60
2024-09-12,1.0003315481460016,0.9647948236729642,Weak MOM10 AND negative median60
2024-09-13,1.0022918791990103,0.9647948236729642,Weak MOM10 AND negative median60
2024-09-18,1.0031078436437018,0.9647948236729642,Weak MOM10 AND negative median60
2024-09-19,1.0142645332785027,0.9640713481545624,Weak MOM10 AND negative median60
2024-09-20,1.0182838645049532,0.9678917736422195,Weak MOM10 AND negative median60
2024-09-23,1.0173533471943499,0.9670073050951287,Weak MOM10 AND negative median60
2024-09-24,1.0481023471806226,0.9962346209466933,Weak MOM10 AND negative median60
2024-09-25,1.0570866385630686,1.0047743042552388,Weak MOM10 AND negative median60
2024-09-26,1.102123449717354,1.0475823664732364,Weak MOM10 AND negative median60
2024-09-27,1.1791578273242147,1.1208045228604215,Weak MOM10 AND negative median60
2024-09-30,1.287890400697194,1.2241562177690113,Weak MOM10 AND negative median60
2024-10-08,1.344906144809151,1.2783504082277608,Weak MOM10 AND negative median60
2024-10-09,1.2681682737226925,1.2054100850620693,Weak MOM10 AND negative median60
2024-10-10,1.2759158232594516,1.2127742295053878,Weak MOM10 AND negative median60
2024-10-11,1.2169857137658977,1.1567604103859268,Weak MOM10 AND negative median60
2024-10-14,1.2667114572079234,1.2040253624228312,Weak MOM10 AND negative median60
2024-10-15,1.235366782564109,1.174231850227694,Weak MOM10 AND negative median60
2024-10-16,1.2212314543556015,1.1607960408550309,Weak MOM10 AND negative median60
2024-10-17,1.229366679806428,1.1685286761889,Weak MOM10 AND negative median60
2024-10-18,1.333160103584487,1.267185646543413,Weak MOM10 AND negative median60
2024-10-21,1.3659685530697878,1.2983704953558972,Weak MOM10 AND negative median60
2024-10-22,1.3443002028316704,1.2777744526659067,Weak MOM10 AND negative median60
2024-10-23,1.3272241441671804,1.2615434415660434,Weak MOM10 AND negative median60
2024-10-24,1.320079880764858,1.254752728271963,Weak MOM10 AND negative median60
2024-10-25,1.3207058016220903,1.2553476740133067,Weak MOM10 AND negative median60
2024-10-28,1.3300698098017751,1.264248282970556,Weak MOM10 AND negative median60
2024-10-29,1.3290160143445844,1.2632466369760846,Weak MOM10 AND negative median60
2024-10-30,1.3368580554411522,1.270700596849663,Weak MOM10 AND negative median60
2024-10-31,1.3132668961217464,1.2482768996549354,Weak MOM10 AND negative median60
2024-11-01,1.3011585016686757,1.236767716615057,Weak MOM10 AND negative median60
2024-11-04,1.304991857793331,1.2404113704014192,Weak MOM10 AND negative median60
2024-11-05,1.3037423885694568,1.2392237340012342,Weak MOM10 AND negative median60
2024-11-06,1.3443430772995493,1.2778152053933196,Weak MOM10 AND negative median60
2024-11-07,1.35695615921116,1.28980410028606,Weak MOM10 AND negative median60
2024-11-08,1.3298462007024112,1.2640357396755773,Weak MOM10 AND negative median60
2024-11-11,1.3332582976400817,1.2672789812430418,Weak MOM10 AND negative median60
2024-11-12,1.3238691104414306,1.2583544393077932,Weak MOM10 AND negative median60
2024-11-13,1.3285526222817587,1.262806176922445,Weak MOM10 AND negative median60
2024-11-14,1.278753219673218,1.215471210910255,Weak MOM10 AND negative median60
2024-11-15,1.2417193376883657,1.1802700347268325,Weak MOM10 AND negative median60
2024-11-18,1.231824782715349,1.1708651342898708,Weak MOM10 AND negative median60
2024-11-19,1.2539559910547777,1.1919011294962851,Weak MOM10 AND negative median60
2024-11-20,1.2628503863843037,1.2003553654623584,Weak MOM10 AND negative median60
2024-11-21,1.2598232410848917,1.1974780253266144,Weak MOM10 AND negative median60
2024-11-22,1.269704536616106,1.2068703224953803,Weak MOM10 AND negative median60
2024-11-25,1.2834320593576076,1.2199185075812211,Weak MOM10 AND negative median60
2024-11-26,1.2879402863307814,1.224203634698666,Weak MOM10 AND negative median60
2024-11-27,1.2975827859780247,1.2333689533403909,Weak MOM10 AND negative median60
2024-11-28,1.296023054169583,1.23188640840464,Weak MOM10 AND negative median60
2024-11-29,1.296901257542437,1.2327211518880627,Weak MOM10 AND negative median60
2024-12-02,1.3013149836090285,1.2369164546910203,Weak MOM10 AND negative median60
2024-12-03,1.3137038632714486,1.2486922424923221,Weak MOM10 AND negative median60
2024-12-04,1.3141444158904096,1.2491109933638744,Weak MOM10 AND negative median60
2024-12-05,1.322971356735901,1.2575011129843312,Weak MOM10 AND negative median60
2024-12-06,1.3122158123245222,1.2472778311277755,Weak MOM10 AND negative median60
2024-12-09,1.3214654633020477,1.256069742108866,Weak MOM10 AND negative median60
2024-12-10,1.311698391502562,1.2467860160509157,Weak MOM10 AND negative median60
2024-12-11,1.312958166317397,1.2479834480464755,Weak MOM10 AND negative median60
2024-12-12,1.3237013131558568,1.2581949458521788,Weak MOM10 AND negative median60
2024-12-13,1.3206039265770622,1.2552508404863705,Weak MOM10 AND negative median60
2024-12-16,1.322932532846256,1.2574642103830842,Weak MOM10 AND negative median60
2024-12-17,1.324384222827748,1.2588440601871935,Weak MOM10 AND negative median60
2024-12-18,1.3226180714125595,1.257165310787979,Weak MOM10 AND negative median60
2024-12-19,1.2974018822629585,1.2331970020567289,Weak MOM10 AND negative median60
2024-12-20,1.2730327079510892,1.2100337917093094,Weak MOM10 AND negative median60
2024-12-23,1.3179473094257994,1.25272569207142,Weak MOM10 AND negative median60
2024-12-24,1.319489176813267,1.2541912566476618,Weak MOM10 AND negative median60
2024-12-25,1.342824028560168,1.276371330232513,Weak MOM10 AND negative median60
2024-12-26,1.3518152895555544,1.2849176382468657,Weak MOM10 AND negative median60
2024-12-27,1.3385457494005135,1.272304771438529,Weak MOM10 AND negative median60
2024-12-30,1.320052169107766,1.2547263879891908,Weak MOM10 AND negative median60
2024-12-31,1.3156398502553586,1.2505324227612258,Weak MOM10 AND negative median60
2025-01-02,1.3260576379738338,1.2604346625823049,Weak MOM10 AND negative median60
2025-01-03,1.3114474897458746,1.2467969524837104,Weak MOM10 AND negative median60
2025-01-06,1.3150176228768227,1.2467969524837104,Weak MOM10 AND negative median60
2025-01-07,1.3231371744323028,1.2467969524837104,Weak MOM10 AND negative median60
2025-01-08,1.347906775382913,1.2467969524837104,Weak MOM10 AND negative median60
2025-01-09,1.3709672161381536,1.2467969524837104,Weak MOM10 AND negative median60
2025-01-10,1.3569356158547627,1.2467969524837104,Weak MOM10 AND negative median60
2025-01-13,1.3356084936345032,1.2467969524837104,Weak MOM10 AND negative median60
2025-01-14,1.3443338650177767,1.2467969524837104,Weak MOM10 AND negative median60
2025-01-15,1.3631385164413696,1.2467969524837104,Weak MOM10 AND negative median60
2025-01-16,1.3894514466053594,1.2467969524837104,Weak MOM10 AND negative median60
2025-01-17,1.4082945664872768,1.245924334881629,Weak MOM10 AND negative median60
2025-01-20,1.4093383155220507,1.2468477441973218,Weak MOM10 AND negative median60
2025-01-21,1.4198528482810289,1.2561499971109271,Weak MOM10 AND negative median60
2025-01-22,1.4452401964373218,1.278610294564843,Weak MOM10 AND negative median60
2025-01-23,1.436615944018964,1.270980380899128,Weak MOM10 AND negative median60
2025-01-24,1.4550043989328185,1.287248727027304,Weak MOM10 AND negative median60
2025-01-27,1.3990241114289896,1.237722722926712,Weak MOM10 AND negative median60
2025-02-05,1.4103654572381166,1.2477564609458431,Weak MOM10 AND negative median60
2025-02-06,1.43095673659952,1.2659736554541698,Weak MOM10 AND negative median60
2025-02-07,1.4458423598175294,1.2791430311292158,Weak MOM10 AND negative median60
2025-02-10,1.4363259839481128,1.2707238519619193,Weak MOM10 AND negative median60
2025-02-11,1.4135002359727025,1.2505298133415936,Weak MOM10 AND negative median60
2025-02-12,1.437101430950612,1.2714098933014346,Weak MOM10 AND negative median60
2025-02-13,1.4445885394267217,1.27803377077016,Weak MOM10 AND negative median60
2025-02-14,1.4837316238006062,1.312663827950167,Weak MOM10 AND negative median60
2025-02-17,1.514476267498476,1.3398637480961253,Weak MOM10 AND negative median60
2025-02-18,1.5335098635729232,1.3567028534181123,Weak MOM10 AND negative median60
2025-02-19,1.5635775399139968,1.383303857595903,Weak MOM10 AND negative median60
2025-02-20,1.547365229803337,1.3689607562503503,Weak MOM10 AND negative median60
2025-02-21,1.6256629787116985,1.4382311156288623,Weak MOM10 AND negative median60
2025-02-24,1.6170535737489993,1.4306143375718159,Weak MOM10 AND negative median60
2025-02-25,1.5887256609025964,1.4055525097329322,Weak MOM10 AND negative median60
2025-02-26,1.6547632189516341,1.4639762248756252,Weak MOM10 AND negative median60
2025-02-27,1.6503463705098658,1.4600686198276203,Weak MOM10 AND negative median60
2025-02-28,1.5822532598577213,1.3998263483467972,Weak MOM10 AND negative median60
2025-03-03,1.5794625878693378,1.3973574286877009,Weak MOM10 AND negative median60
2025-03-04,1.5847662010823933,1.4020495583899601,Weak MOM10 AND negative median60
2025-03-05,1.6149545446661961,1.4287573174027954,Weak MOM10 AND negative median60
2025-03-06,1.6547194026350387,1.4639374603895505,Weak MOM10 AND negative median60
2025-03-07,1.6457856047392392,1.4560336904921387,Weak MOM10 AND negative median60
2025-03-10,1.6159046459565558,1.4295978761512498,Weak MOM10 AND negative median60
2025-03-11,1.628148522627862,1.4404300871538955,Weak MOM10 AND negative median60
2025-03-12,1.6219057578957432,1.4349070860135247,Weak MOM10 AND negative median60
2025-03-13,1.618337883366053,1.4317505718820862,Weak MOM10 AND negative median60
2025-03-14,1.6445271524424845,1.4549203322657236,Weak MOM10 AND negative median60
2025-03-17,1.6467929977077207,1.4569249354376834,Weak MOM10 AND negative median60
2025-03-18,1.654026751247545,1.4633246686911345,Weak MOM10 AND negative median60
2025-03-19,1.650137285280094,1.459883641214455,Weak MOM10 AND negative median60
2025-03-20,1.6412951828499394,1.4520609946947538,Weak MOM10 AND negative median60
2025-03-21,1.6243552018782597,1.4370741197700767,Weak MOM10 AND negative median60
2025-03-24,1.6305039406894732,1.442513935768821,Weak MOM10 AND negative median60
2025-03-25,1.6433158084469495,1.4538486509585138,Weak MOM10 AND negative median60
2025-03-26,1.639574688185187,1.4505388655735747,Weak MOM10 AND negative median60
2025-03-27,1.6345073214212973,1.446055744133542,Weak MOM10 AND negative median60
2025-03-28,1.6256448133042758,1.4382150446138207,Weak MOM10 AND negative median60
2025-03-31,1.6200485909581788,1.4332640423374987,Weak MOM10 AND negative median60
2025-04-01,1.6397010445245424,1.4506506535771753,Weak MOM10 AND negative median60
2025-04-02,1.6390644636064942,1.4500874676672162,Weak MOM10 AND negative median60
2025-04-03,1.6478728110414524,1.4578802509956934,Weak MOM10 AND negative median60
2025-04-07,1.548055878177009,1.3695717758737171,Weak MOM10 AND negative median60
2025-04-08,1.5827180321227212,1.4005877688941746,Weak MOM10 AND negative median60
2025-04-09,1.584410962974352,1.4005877688941746,Weak MOM10 AND negative median60
2025-04-10,1.627137060091119,1.4005877688941746,Weak MOM10 AND negative median60
2025-04-11,1.652044698976845,1.4005877688941746,Weak MOM10 AND negative median60
2025-04-14,1.7073491569354018,1.4005877688941746,Weak MOM10 AND negative median60
2025-04-15,1.6897364588669486,1.4005877688941746,Weak MOM10 AND negative median60
2025-04-16,1.6547437827285145,1.4005877688941746,Weak MOM10 AND negative median60
2025-04-17,1.653486968272675,1.4005877688941746,Weak MOM10 AND negative median60
2025-04-18,1.6470650742293593,1.4005877688941746,Weak MOM10 AND negative median60
2025-04-21,1.6725053017859681,1.4005877688941746,Weak MOM10 AND negative median60
2025-04-22,1.7267310247736392,1.399537503140975,Weak MOM10 AND negative median60
2025-04-23,1.7262062353572856,1.3991121546304652,Weak MOM10 AND negative median60
2025-04-24,1.7274423569621584,1.4001140469458528,Weak MOM10 AND negative median60
2025-04-25,1.7275397368453438,1.4001929745823025,Weak MOM10 AND negative median60
2025-04-28,1.7242106235637633,1.3974946858373096,Weak MOM10 AND negative median60
2025-04-29,1.7196055025393073,1.3937621765537205,Weak MOM10 AND negative median60
2025-04-30,1.716043371531545,1.3908750239717957,Weak MOM10 AND negative median60
2025-05-06,1.731874756318973,1.4037065631164436,Weak MOM10 AND negative median60
2025-05-07,1.744124136888247,1.413634842188856,Weak MOM10 AND negative median60
2025-05-08,1.7545719528274548,1.4221029301672672,Weak MOM10 AND negative median60
2025-05-09,1.7520865457564785,1.420088476059188,Weak MOM10 AND negative median60
2025-05-12,1.771388943157634,1.4357333151660716,Weak MOM10 AND negative median60
2025-05-13,1.7607486979073785,1.427109260778503,Weak MOM10 AND negative median60
2025-05-14,1.781316826715929,1.4437799913231022,Weak MOM10 AND negative median60
2025-05-15,1.768896888084292,1.433713472767345,Weak MOM10 AND negative median60
2025-05-16,1.775760048341467,1.4392761516282535,Weak MOM10 AND negative median60
2025-05-19,1.766974965870435,1.4321557303176977,Weak MOM10 AND negative median60
2025-05-20,1.7887843481022256,1.4498325125818774,Weak MOM10 AND negative median60
2025-05-21,1.7829199823521973,1.4450793693988644,Weak MOM10 AND negative median60
2025-05-22,1.7753844354789767,1.4389717126159376,Weak MOM10 AND negative median60
2025-05-23,1.7736900849860409,1.437598419946548,Weak MOM10 AND negative median60
2025-05-26,1.7803652987233787,1.4430087657577089,Weak MOM10 AND negative median60
2025-05-27,1.7752110430544785,1.4388311758459578,Weak MOM10 AND negative median60
2025-05-28,1.7862568556499947,1.447783947735904,Weak MOM10 AND negative median60
2025-05-29,1.7886777110811083,1.4497460819171497,Weak MOM10 AND negative median60
2025-05-30,1.7826981920931468,1.4448996055671388,Weak MOM10 AND negative median60
2025-06-03,1.7869366261184028,1.448334910364371,Weak MOM10 AND negative median60
2025-06-04,1.7897545844127245,1.4506189014774091,Weak MOM10 AND negative median60
2025-06-05,1.7841785093516374,1.4460994215721106,Weak MOM10 AND negative median60
2025-06-06,1.7958541966824988,1.4555627149629442,Weak MOM10 AND negative median60
2025-06-09,1.7981910863647674,1.4574567938345897,Weak MOM10 AND negative median60
2025-06-10,1.845472679725485,1.4957791278676278,Weak MOM10 AND negative median60
2025-06-11,1.8518753776096355,1.500968596106507,Weak MOM10 AND negative median60
2025-06-12,1.9192242475949035,1.555555713605542,Weak MOM10 AND negative median60
2025-06-13,1.881653481124789,1.5251041285339355,Weak MOM10 AND negative median60
2025-06-16,1.8740930969619227,1.5189763408111943,Weak MOM10 AND negative median60
2025-06-17,1.8076643039497884,1.4651349574254648,Weak MOM10 AND negative median60
2025-06-18,1.8078996643453888,1.4653257200258183,Weak MOM10 AND negative median60
2025-06-19,1.754409422224247,1.4219711970418794,Weak MOM10 AND negative median60
2025-06-20,1.7638917768066877,1.4296567662856163,Weak MOM10 AND negative median60
2025-06-23,1.814562264750987,1.4707258425708447,Weak MOM10 AND negative median60
2025-06-24,1.7977433012507937,1.4570938582925954,Weak MOM10 AND negative median60
2025-06-25,1.819313190129685,1.4745765281418555,Weak MOM10 AND negative median60
2025-06-26,1.8275641864720844,1.4812640658381104,Weak MOM10 AND negative median60
2025-06-27,1.7921981938835667,1.4525994780978604,Weak MOM10 AND negative median60
2025-06-30,1.7858253213893207,1.4474341837176299,Weak MOM10 AND negative median60
2025-07-01,1.801590192215044,1.460211812448581,Weak MOM10 AND negative median60
2025-07-02,1.8139598095028657,1.4702375449138196,Weak MOM10 AND negative median60
2025-07-03,1.8194324396557737,1.4746731814026113,Weak MOM10 AND negative median60
2025-07-04,1.8443861084265347,1.4948984479812413,Weak MOM10 AND negative median60
2025-07-07,1.8490061473982689,1.498643048451232,Weak MOM10 AND negative median60
2025-07-08,1.858313461462582,1.5061867451240971,Weak MOM10 AND negative median60
2025-07-09,1.862741200741648,1.5097754842422788,Weak MOM10 AND negative median60
2025-07-10,1.873777356179776,1.5187204288830796,Weak MOM10 AND negative median60
2025-07-11,1.8732456893935487,1.5182895061766337,Weak MOM10 AND negative median60
2025-07-14,1.8831877126135146,1.5263476427096616,Weak MOM10 AND negative median60
2025-07-15,1.8665200496020526,1.5128382894058863,Weak MOM10 AND negative median60
2025-07-16,1.8652646674773699,1.511820786193713,Weak MOM10 AND negative median60
2025-07-17,1.870868926554859,1.516363109603517,Weak MOM10 AND negative median60
2025-07-18,1.8815380822013719,1.5250105962357217,Weak MOM10 AND negative median60
2025-07-21,1.911812746361621,1.549548597394774,Weak MOM10 AND negative median60
2025-07-22,1.9264690801828197,1.5614277427550134,Weak MOM10 AND negative median60
2025-07-23,1.935166912474238,1.5684774466829692,Weak MOM10 AND negative median60
2025-07-24,1.9544571273014302,1.5841124116583862,Weak MOM10 AND negative median60
2025-07-25,1.9490249987083073,1.5797096022000012,Weak MOM10 AND negative median60
2025-07-28,1.9567893638774108,1.5860027191280803,Weak MOM10 AND negative median60
2025-07-29,1.966099477037004,1.5935486845033449,Weak MOM10 AND negative median60
2025-07-30,1.9505125976686146,1.5809153201171025,Weak MOM10 AND negative median60
2025-07-31,1.9256901426063797,1.56079640392158,Weak MOM10 AND negative median60
2025-08-01,1.9233338132992264,1.5588865689862033,Weak MOM10 AND negative median60
2025-08-04,1.9352327555229012,1.5685308133130949,Weak MOM10 AND negative median60
2025-08-05,1.944227017205205,1.5758207770404207,Weak MOM10 AND negative median60
2025-08-06,1.967689670835398,1.5948375568443085,Weak MOM10 AND negative median60
2025-08-07,1.9609807687998226,1.5893999062380613,Weak MOM10 AND negative median60
2025-08-08,1.9374774150086869,1.570350138434997,Weak MOM10 AND negative median60
2025-08-11,1.9746103764201284,1.6004468769266282,Weak MOM10 AND negative median60
2025-08-12,1.9919485859613812,1.6144997167390602,Weak MOM10 AND negative median60
2025-08-13,2.0268080247957463,1.6427537362054323,Weak MOM10 AND negative median60
2025-08-14,2.008241209216067,1.627705095540005,Weak MOM10 AND negative median60
2025-08-15,2.0566309616733656,1.6669256066445504,Weak MOM10 AND negative median60
2025-08-18,2.1083508518038747,1.7088452367765607,Weak MOM10 AND negative median60
2025-08-19,2.0987718817025702,1.7010813594233989,Weak MOM10 AND negative median60
2025-08-20,2.1197210039479675,1.7180608900044063,Weak MOM10 AND negative median60
2025-08-21,2.128110649751957,1.7248608048563978,Weak MOM10 AND negative median60
2025-08-22,2.172374661654608,1.760737350657942,Weak MOM10 AND negative median60
2025-08-25,2.2190279994898616,1.7985504755803383,Weak MOM10 AND negative median60
2025-08-26,2.204877514435974,1.787081327093157,Weak MOM10 AND negative median60
2025-08-27,2.175585760470835,1.7633399871746458,Weak MOM10 AND negative median60
2025-08-28,2.212241656486728,1.7930500580828836,Weak MOM10 AND negative median60
2025-08-29,2.231452836498323,1.8086209643329427,Weak MOM10 AND negative median60
2025-09-01,2.234434605004686,1.8110377257106374,Weak MOM10 AND negative median60
2025-09-02,2.153322500148865,1.7452953309336008,Weak MOM10 AND negative median60
2025-09-03,2.1473220577935828,1.7404318959277034,Weak MOM10 AND negative median60
2025-09-04,2.0341196048871155,1.6486798650571632,Weak MOM10 AND negative median60
2025-09-05,2.13446069354337,1.7300075962820256,Weak MOM10 AND negative median60
2025-09-08,2.117376975848367,1.716161025354533,Weak MOM10 AND negative median60
2025-09-09,2.0779331515049995,1.6841913030041256,Weak MOM10 AND negative median60
2025-09-10,2.1133086280748525,1.7128635776321235,Weak MOM10 AND negative median60
2025-09-11,2.2423773709730495,1.8174754387602732,Weak MOM10 AND negative median60
2025-09-12,2.2277578626226227,1.8056261409134429,Weak MOM10 AND negative median60
2025-09-15,2.226671019704656,1.804745240876382,Weak MOM10 AND negative median60
2025-09-16,2.2440733694296973,1.8188500671252548,Weak MOM10 AND negative median60
2025-09-17,2.305466310103754,1.8686098280079404,Weak MOM10 AND negative median60
2025-09-18,2.265378125751036,1.8361178436574466,Weak MOM10 AND negative median60
2025-09-19,2.2682698177885396,1.8384615969090863,Weak MOM10 AND negative median60
2025-09-22,2.2617493352605957,1.8331766627152215,Weak MOM10 AND negative median60
2025-09-23,2.244586095019496,1.8192656377505856,Weak MOM10 AND negative median60
2025-09-24,2.2931435432770355,1.8586220684385457,Weak MOM10 AND negative median60
2025-09-25,2.305027695196385,1.8682543250352759,Weak MOM10 AND negative median60
2025-09-26,2.261859872899908,1.8332662548807106,Weak MOM10 AND negative median60
2025-09-29,2.2850152335526226,1.8520339698098363,Weak MOM10 AND negative median60
2025-09-30,2.302727280843709,1.8663898098831515,Weak MOM10 AND negative median60
2025-10-09,2.3664026040934645,1.9179994709329025,Weak MOM10 AND negative median60
2025-10-10,2.2584064078225183,1.8304671774203232,Weak MOM10 AND negative median60
2025-10-13,2.30934454254428,1.8717531848299018,Weak MOM10 AND negative median60
2025-10-14,2.1866057038877136,1.772271791765598,Weak MOM10 AND negative median60
2025-10-15,2.1998394281924183,1.7829978939812516,Weak MOM10 AND negative median60
2025-10-16,2.1869477359114953,1.7725490130801453,Weak MOM10 AND negative median60
2025-10-17,2.10748953735569,1.7081471304386673,Weak MOM10 AND negative median60
2025-10-20,2.1192812412739865,1.7177044567522741,Weak MOM10 AND negative median60
2025-10-21,2.1661036668815052,1.7556546294691515,Weak MOM10 AND negative median60
2025-10-22,2.163114734831115,1.7532320619477222,Weak MOM10 AND negative median60
2025-10-23,2.1780807632237265,1.765362218705216,Weak MOM10 AND negative median60
2025-10-24,2.1651606763640916,1.7548903236361688,Weak MOM10 AND negative median60
2025-10-27,2.17789397702692,1.7652108261120738,Weak MOM10 AND negative median60
2025-10-28,2.1707646614011837,1.7594324249327387,Weak MOM10 AND negative median60
2025-10-29,2.1733766425012786,1.7615494689046323,Weak MOM10 AND negative median60
2025-10-30,2.1669437578214987,1.7563355338831579,Weak MOM10 AND negative median60
2025-10-31,2.1635090283199565,1.7535516418457842,Weak MOM10 AND negative median60
2025-11-03,2.1943386864947874,1.7785394727271744,Weak MOM10 AND negative median60
2025-11-04,2.1912954894792143,1.7760729227598455,Weak MOM10 AND negative median60
2025-11-05,2.1594388211765994,1.7502526870804191,Weak MOM10 AND negative median60
2025-11-06,2.187558494009338,1.7730440403026915,Weak MOM10 AND negative median60
2025-11-07,2.1549474809652365,1.7466123985960031,Weak MOM10 AND negative median60
2025-11-10,2.177725937202345,1.7650746276925517,Weak MOM10 AND negative median60
2025-11-11,2.1606291942357565,1.7512174996164291,Weak MOM10 AND negative median60
2025-11-12,2.150244315890691,1.742800423360224,Weak MOM10 AND negative median60
2025-11-13,2.1642057278967015,1.7541163257323238,Weak MOM10 AND negative median60
2025-11-14,2.1152136620651554,1.7144076319613357,Weak MOM10 AND negative median60
2025-11-17,2.1290042608409006,1.7255850880332537,Weak MOM10 AND negative median60
2025-11-18,2.1127503069702587,1.712411051260926,Weak MOM10 AND negative median60
2025-11-19,2.1201806769448726,1.7184334608270302,Weak MOM10 AND negative median60
2025-11-20,2.1106352009906377,1.7106967309069585,Weak MOM10 AND negative median60
2025-11-21,2.052429316359208,1.6635201195665432,Weak MOM10 AND negative median60
2025-11-24,2.049024959311161,1.660760844789831,Weak MOM10 AND negative median60
2025-11-25,2.063324099962507,1.6723504805334002,Weak MOM10 AND negative median60
2025-11-26,2.059483646697472,1.6692377442146784,Weak MOM10 AND negative median60
2025-11-27,2.066330625471202,1.6747873077770186,Weak MOM10 AND negative median60
2025-11-28,2.0725320995477197,1.6798136815551699,Weak MOM10 AND negative median60
2025-12-01,2.084211274470424,1.6892798016836426,Weak MOM10 AND negative median60
2025-12-02,2.086771780282285,1.691355124278359,Weak MOM10 AND negative median60
2025-12-03,2.0746370503882545,1.681519771039479,Weak MOM10 AND negative median60
2025-12-04,2.1036403728375963,1.7050273335383144,Weak MOM10 AND negative median60
2025-12-05,2.1231859517526526,1.7208692743616156,Weak MOM10 AND negative median60
2025-12-08,2.2098811681803787,1.7911368522256506,Weak MOM10 AND negative median60
2025-12-09,2.257502670391958,1.8297346867145243,Weak MOM10 AND negative median60
2025-12-10,2.2714646384830193,1.8410510398006448,Weak MOM10 AND negative median60
2025-12-11,2.2086811933790536,1.7901642573552372,Weak MOM10 AND negative median60
2025-12-12,2.2303572283829336,1.8077329599916556,Weak MOM10 AND negative median60
2025-12-15,2.192627353155573,1.7771524152444254,Weak MOM10 AND negative median60
2025-12-16,2.131109680663342,1.7272915576333754,Weak MOM10 AND negative median60
2025-12-17,2.1230756609879355,1.7207798822911327,Weak MOM10 AND negative median60
2025-12-18,2.174674099863053,1.7626010746327256,Weak MOM10 AND negative median60
2025-12-19,2.19802872967594,1.7815302997558997,Weak MOM10 AND negative median60
2025-12-22,2.2198566206294186,1.7992220835749055,Weak MOM10 AND negative median60
2025-12-23,2.151909505410633,1.7441500806893386,Weak MOM10 AND negative median60
2025-12-24,2.2391342586313745,1.8148468548731735,Weak MOM10 AND negative median60
2025-12-25,2.342059468795702,1.898269049515519,Weak MOM10 AND negative median60
2025-12-26,2.3973952933203058,1.943119440559812,Weak MOM10 AND negative median60
2025-12-29,2.436812634138064,1.9750676976751753,Weak MOM10 AND negative median60
2025-12-30,2.419235828690574,1.9608214728397817,Weak MOM10 AND negative median60
2025-12-31,2.5024681982837396,2.02828236920967,Weak MOM10 AND negative median60
2026-01-05,2.559199705915848,2.0742639792008806,Weak MOM10 AND negative median60
2026-01-06,2.697179494862128,2.1860983567242185,Weak MOM10 AND negative median60
2026-01-07,2.668415151383094,2.1627844897266564,Weak MOM10 AND negative median60
2026-01-08,2.7422865556862637,2.2226582044214673,Weak MOM10 AND negative median60
2026-01-09,2.8405718439970746,2.3023196832647255,Weak MOM10 AND negative median60
2026-01-12,3.002710003799753,2.433734728270858,Weak MOM10 AND negative median60
2026-01-13,2.8745730497621187,2.329878093890046,Weak MOM10 AND negative median60
2026-01-14,2.892184408997833,2.3441523250111906,Weak MOM10 AND negative median60
2026-01-15,2.755556820308812,2.233413923030447,Weak MOM10 AND negative median60
2026-01-16,2.7228418675384525,2.206898036850893,Weak MOM10 AND negative median60
2026-01-19,2.7185219390263327,2.2033966797333924,Weak MOM10 AND negative median60
2026-01-20,2.718558416165156,2.203426244919317,Weak MOM10 AND negative median60
2026-01-21,2.76987522393766,2.2450191716627925,Weak MOM10 AND negative median60
2026-01-22,2.7657585047500395,2.2416825182927465,Weak MOM10 AND negative median60
2026-01-23,2.828444682707137,2.2924904644759265,Weak MOM10 AND negative median60
2026-01-26,2.922190736857812,2.3684728361788694,Weak MOM10 AND negative median60
2026-01-27,2.899803675681092,2.350327837767181,Weak MOM10 AND negative median60
2026-01-28,3.0335406673697705,2.4587233740378602,Weak MOM10 AND negative median60
2026-01-29,3.073246277072654,2.4909052767586664,Weak MOM10 AND negative median60
2026-01-30,2.944781360428273,2.386782824505132,Weak MOM10 AND negative median60
2026-02-02,2.725152584458572,2.208770902365238,Weak MOM10 AND negative median60
2026-02-03,2.8105925753665115,2.278021103947364,Weak MOM10 AND negative median60
2026-02-04,2.828156226544813,2.292256667079926,Weak MOM10 AND negative median60
2026-02-05,2.7399905153985205,2.220797234504719,Weak MOM10 AND negative median60
2026-02-06,2.7519698299718263,2.230506621645349,Weak MOM10 AND negative median60
2026-02-09,2.7992201396499756,2.268803599854949,Weak MOM10 AND negative median60
2026-02-10,2.802863433726545,2.2717565361385823,Weak MOM10 AND negative median60
2026-02-11,2.837386802969125,2.2997381669175323,Weak MOM10 AND negative median60
2026-02-12,2.8608474800986623,2.318753344742448,Weak MOM10 AND negative median60
2026-02-13,2.851236466838551,2.310963496000676,Weak MOM10 AND negative median60
2026-02-24,2.8405800205188925,2.30232631043987,Weak MOM10 AND negative median60
2026-02-25,2.844114937764521,2.30519140592074,Weak MOM10 AND negative median60
2026-02-26,2.8321547629313675,2.2954975317834436,Weak MOM10 AND negative median60
2026-02-27,2.8450427850008966,2.305943437931437,Weak MOM10 AND negative median60
2026-03-02,2.8359759957220882,2.2985946896627643,Weak MOM10 AND negative median60
2026-03-03,2.8101927535346567,2.2776970432568295,Weak MOM10 AND negative median60
2026-03-04,2.754375947536659,2.232456810598137,Weak MOM10 AND negative median60
2026-03-05,2.7914232605354594,2.2624841299597156,Weak MOM10 AND negative median60
2026-03-06,2.801229682122955,2.2704323596413536,Weak MOM10 AND negative median60
2026-03-09,2.837038974179843,2.299456247250666,Weak MOM10 AND negative median60
2026-03-10,2.812039123732,2.2791935498341656,Weak MOM10 AND negative median60
2026-03-11,2.864377727448525,2.3216146552132813,Weak MOM10 AND negative median60
2026-03-12,2.9244034710621403,2.3702662854532557,Weak MOM10 AND negative median60
2026-03-13,2.872290862683587,2.3280283521759255,Weak MOM10 AND negative median60
2026-03-16,2.8061077464088715,2.2743860929170774,Weak MOM10 AND negative median60
2026-03-17,2.7875917059355664,2.2593786061225063,Weak MOM10 AND negative median60
2026-03-18,2.7915823834846667,2.262613101138104,Weak MOM10 AND negative median60
2026-03-19,2.8118022414349473,2.2790015537132877,Weak MOM10 AND negative median60
2026-03-20,2.819590936752582,2.2853143905368447,Weak MOM10 AND negative median60
2026-03-23,2.732367066857124,2.2146183322994095,Weak MOM10 AND negative median60
2026-03-24,2.77953432175265,2.252847993549141,Weak MOM10 AND negative median60
2026-03-25,2.7991628150560213,2.268757137540934,Weak MOM10 AND negative median60
2026-03-26,2.8039532619394425,2.272639855795233,Weak MOM10 AND negative median60
2026-03-27,2.7989029597201203,2.2685465214792733,Weak MOM10 AND negative median60
2026-03-30,2.8103415732752897,2.2778176635533525,Weak MOM10 AND negative median60
2026-03-31,2.8243375960176276,2.289161618368367,Weak MOM10 AND negative median60
2026-04-01,2.8254737990431282,2.29008252540169,Weak MOM10 AND negative median60
2026-04-02,2.835267301127813,2.298020283661638,Weak MOM10 AND negative median60
2026-04-03,2.804228620303325,2.2734315372679808,Weak MOM10 AND negative median60
2026-04-07,2.8067686281550466,2.2734315372679808,Weak MOM10 AND negative median60
2026-04-08,2.820182294876587,2.2734315372679808,Weak MOM10 AND negative median60
2026-04-09,2.7720998455600614,2.2734315372679808,Weak MOM10 AND negative median60
2026-04-10,2.772861473800374,2.2734315372679808,Weak MOM10 AND negative median60
2026-04-13,2.7601517623127902,2.2734315372679808,Weak MOM10 AND negative median60
2026-04-14,2.7696565405973557,2.2734315372679808,Weak MOM10 AND negative median60
2026-04-15,2.887921406798777,2.2734315372679808,Weak MOM10 AND negative median60
2026-04-16,2.8975590217608547,2.2734315372679808,Weak MOM10 AND negative median60
2026-04-17,2.8598347049711212,2.2734315372679808,Weak MOM10 AND negative median60
2026-04-20,2.8432914302905736,2.271726747793972,Weak MOM10 AND negative median60
2026-04-21,2.8293098108273673,2.2605557441558415,Weak MOM10 AND negative median60
2026-04-22,2.9224406062658077,2.334965182733586,Weak MOM10 AND negative median60
2026-04-23,2.874090523581061,2.296334539767183,Weak MOM10 AND negative median60
2026-04-24,2.865763279168816,2.2896812562995845,Weak MOM10 AND negative median60
2026-04-27,2.9407271067767025,2.3495756907847785,Weak MOM10 AND negative median60
2026-04-28,2.8890348752323973,2.3082747450564134,Weak MOM10 AND negative median60
2026-04-29,2.9085734351453456,2.3238856207812013,Weak MOM10 AND negative median60
2026-04-30,3.011471239672223,2.406098682848178,Weak MOM10 AND negative median60
2026-05-06,3.126376382009566,2.4979053413306462,Weak MOM10 AND negative median60
2026-05-07,3.215953365452648,2.569475362998651,Weak MOM10 AND negative median60
2026-05-08,3.1977222781085306,2.5549091288378536,Weak MOM10 AND negative median60
2026-05-11,3.2319170496728162,2.5822299923869534,Weak MOM10 AND negative median60
2026-05-12,3.2294106488230447,2.580227433735926,Weak MOM10 AND negative median60
2026-05-13,3.2327763094925905,2.582916521912239,Weak MOM10 AND negative median60
2026-05-14,3.1878594938650586,2.547028983125416,Weak MOM10 AND negative median60
2026-05-15,3.1659633737291055,2.529534469106967,Weak MOM10 AND negative median60
2026-05-18,3.145431957606787,2.513130323306691,Weak MOM10 AND negative median60
2026-05-19,3.1638673764708405,2.527859813816912,Weak MOM10 AND negative median60
2026-05-20,3.158625349361636,2.523671550500047,Weak MOM10 AND negative median60
2026-05-21,3.113453851854539,2.487580526543951,Weak MOM10 AND negative median60
2026-05-22,3.1439196783714753,2.5119220457617337,Weak MOM10 AND negative median60
2026-05-25,3.3034820757922727,2.639408859917085,Weak MOM10 AND negative median60
2026-05-26,3.224339793662953,2.5761759330073524,Weak MOM10 AND negative median60
2026-05-27,3.1091156264913526,2.4841143807628616,Weak MOM10 AND negative median60
2026-05-28,3.15271534559733,2.5189495886610653,Weak MOM10 AND negative median60
2026-05-29,2.971411683759463,2.3740919867697308,Weak MOM10 AND negative median60
2026-06-01,2.816964055547076,2.2506917596929155,Weak MOM10 AND negative median60
2026-06-02,2.8617248877416426,2.2864546711787503,Weak MOM10 AND negative median60
2026-06-03,2.937676236573164,2.3471381132042355,Weak MOM10 AND negative median60
2026-06-04,3.044248859884138,2.432287273919488,Weak MOM10 AND negative median60
2026-06-05,2.9593739440288007,2.364474099894753,Weak MOM10 AND negative median60
2026-06-08,2.856911229763156,2.282608665289955,Weak MOM10 AND negative median60
2026-06-09,2.9684210267006925,2.3717025181554656,Weak MOM10 AND negative median60
2026-06-10,2.859713165830451,2.2848473500205704,Weak MOM10 AND negative median60
2026-06-11,2.85870137718239,2.284038953346762,Weak MOM10 AND negative median60
2026-06-12,2.8973969706311227,2.314955873688714,Weak MOM10 AND negative median60
2026-06-15,3.0237686661688223,2.41592405368556,Weak MOM10 AND negative median60
2026-06-16,3.0438381797282834,2.4319591495897397,Weak MOM10 AND negative median60
2026-06-17,3.0552220918495148,2.4410546427160615,Weak MOM10 AND negative median60
2026-06-18,3.071702521846669,2.4542221405113387,Weak MOM10 AND negative median60
2026-06-22,3.1658534320072866,2.5294466281113177,Weak MOM10 AND negative median60
2026-06-23,3.161741085857523,2.526160954808511,Weak MOM10 AND negative median60
2026-06-24,3.3350471986858277,2.664628692541616,Weak MOM10 AND negative median60
2026-06-25,3.433616400670111,2.743383297247585,Weak MOM10 AND negative median60
2026-06-26,3.540280788570502,2.828605775833126,Weak MOM10 AND negative median60
2026-06-29,3.856855892833147,3.081542257959975,Weak MOM10 AND negative median60
2026-06-30,3.994569197350782,3.1915721318121384,Weak MOM10 AND negative median60
2026-07-01,4.014382331565448,3.20740238631,Weak MOM10 AND negative median60
2026-07-02,3.616549305143158,2.8895426278444454,Weak MOM10 AND negative median60
2026-07-03,3.5021363243713934,2.798129195529668,Weak MOM10 AND negative median60
2026-07-06,3.5020032948344344,2.798022907882142,Weak MOM10 AND negative median60
2026-07-07,3.3499702380666903,2.676551869799751,Weak MOM10 AND negative median60
2026-07-08,3.310977289066696,2.6453973689719543,Weak MOM10 AND negative median60
2026-07-09,3.361282710503597,2.685590284203854,Weak MOM10 AND negative median60
2026-07-10,3.447487687193209,2.754466147315338,Weak MOM10 AND negative median60
2026-07-13,3.374092006743833,2.695824627605785,Weak MOM10 AND negative median60
2026-07-14,3.444286246169971,2.7519082669916766,Weak MOM10 AND negative median60
2026-07-15,3.573303086908643,2.8549898592968184,Weak MOM10 AND negative median60
2026-07-16,3.5367445221769453,2.825780377469812,Weak MOM10 AND negative median60
2026-07-17,3.2978730290322256,2.6349273560449604,Weak MOM10 AND negative median60
2026-07-20,3.3920885895885906,2.710203497876269,Weak MOM10 AND negative median60
2026-07-21,3.393726607187841,2.711512237583332,Weak MOM10 AND negative median60
2026-07-22,3.3234728654775645,2.6553810571930287,Weak MOM10 AND negative median60
2026-07-23,3.3638784032018134,2.6876641850600147,Weak MOM10 AND negative median60
2026-07-24,3.3052637076206035,2.640832344205759,Weak MOM10 AND negative median60
2026-07-27,3.364811249281352,2.688409508373652,Weak MOM10 AND negative median60
2026-07-28,3.370607115406643,2.6930402767722725,Weak MOM10 AND negative median60
2026-07-29,3.4542676797960916,2.7598832109275047,Weak MOM10 AND negative median60
2026-07-30,3.456985717014096,2.762054862339619,Weak MOM10 AND negative median60
2026-07-31,3.4469288923979087,2.7540196826759806,Weak MOM10 AND negative median60
2026-08-03,3.4271769447614444,2.738238314896106,Weak MOM10 AND negative median60
2026-08-04,3.3617267949307887,2.685945097805015,Weak MOM10 AND negative median60
2026-08-05,3.3417187535232387,2.669959116785878,Weak MOM10 AND negative median60
2026-08-06,3.328580980115857,2.6594623274177347,Weak MOM10 AND negative median60
2026-08-07,3.3140861679704408,2.647881294216497,Weak MOM10 AND negative median60
2026-08-10,3.336219057910035,2.6655649820531027,Weak MOM10 AND negative median60
2026-08-11,3.331296932116097,2.661632312787134,Weak MOM10 AND negative median60
2026-08-12,3.3150723934084554,2.648669266452837,Weak MOM10 AND negative median60
2026-08-13,3.313569702130633,2.6474686494731143,Weak MOM10 AND negative median60
2026-08-14,3.310168269820424,2.6447509805498406,Weak MOM10 AND negative median60
2026-08-17,3.3935293990146516,2.711354672629861,Weak MOM10 AND negative median60
2026-08-18,3.3863417069513706,2.7056118661974606,Weak MOM10 AND negative median60
2026-08-19,3.207587381436369,2.56279112744723,Weak MOM10 AND negative median60
2026-08-20,3.2453189595556933,2.592937820936679,Weak MOM10 AND negative median60
2026-08-21,3.252364445075161,2.598567007496755,Weak MOM10 AND negative median60
2026-08-24,3.210766664771219,2.565331304269645,Weak MOM10 AND negative median60
2026-08-25,3.2410373903228855,2.5895169421463167,Weak MOM10 AND negative median60
2026-08-26,3.239965819125139,2.5886607805421447,Weak MOM10 AND negative median60
2026-08-27,3.3117761560460397,2.646035645958116,Weak MOM10 AND negative median60
2026-08-28,3.3056731477589394,2.641159477789031,Weak MOM10 AND negative median60
2026-08-31,3.3043195544647275,2.640077986789081,Weak MOM10 AND negative median60
2026-09-01,3.3031509993342887,2.639144337175183,Weak MOM10 AND negative median60
2026-09-02,3.269765108775568,2.612469751596941,Weak MOM10 AND negative median60
2026-09-03,3.266172423141372,2.609599275512544,Weak MOM10 AND negative median60
2026-09-04,3.275220191487845,2.6168282416120294,Weak MOM10 AND negative median60
2026-09-07,3.2485650363240217,2.595531364230006,Weak MOM10 AND negative median60
2026-09-08,3.282592870925819,2.622718848851135,Weak MOM10 AND negative median60
2026-09-09,3.311689984553216,2.6459667968478704,Weak MOM10 AND negative median60
2026-09-10,3.2943310190952784,2.632097368717951,Weak MOM10 AND negative median60
2026-09-11,3.2606875850676467,2.60521701162406,Weak MOM10 AND negative median60
2022-01-13,0.9996999999999999,0.9996999999999999,All three
2022-01-14,0.9796322089973472,0.9796322089973472,All three
2022-01-17,0.9817285363589482,0.9817285363589482,All three
2022-01-18,0.9956456553248488,0.9956456553248488,All three
2022-01-19,1.0008939411627908,1.0008939411627908,All three
2022-01-20,1.0099871491482644,1.0099871491482644,All three
2022-01-21,1.006122132984746,1.006122132984746,All three
2022-01-24,1.0057434792381181,1.0057434792381181,All three
2022-01-25,0.9838298039712604,0.9838298039712604,All three
2022-01-26,0.9841786536360162,0.9841786536360162,All three
2022-01-27,0.9736190507184653,0.9738138621937726,All three
2022-01-28,0.9683736945399505,0.9738138621937726,All three
2022-02-07,0.9898854217879753,0.9738138621937726,All three
2022-02-08,0.9898236218110854,0.9738138621937726,All three
2022-02-09,0.993334625696742,0.9738138621937726,All three
2022-02-10,0.9899013146001399,0.9738138621937726,All three
2022-02-11,0.9912541981208622,0.9738138621937726,All three
2022-02-14,0.9723231407589951,0.9738138621937726,All three
2022-02-15,0.9686389996885398,0.9738138621937726,All three
2022-02-16,0.9740939628893402,0.9738138621937726,All three
2022-02-17,0.9747894991286506,0.9738138621937726,All three
2022-02-18,0.9840682158868963,0.9738138621937726,All three
2022-02-21,0.9890704336066021,0.9738138621937726,All three
2022-02-22,0.9931503874584439,0.9738138621937726,All three
2022-02-23,0.9937114985862834,0.9738138621937726,All three
2022-02-24,0.9791569020999967,0.9738138621937726,All three
2022-02-25,0.9836149071887307,0.9738138621937726,All three
2022-02-28,0.9972214427044419,0.9738138621937726,All three
2022-03-01,0.9936337482886332,0.9738138621937726,All three
2022-03-02,1.0006131437314711,0.9738138621937726,All three
2022-03-03,1.0057780728567647,0.9731323020442966,All three
2022-03-04,0.9954381490646855,0.96312799382333,All three
2022-03-07,0.9774351782525033,0.9457093674852809,All three
2022-03-08,0.9676855479973879,0.936276192920943,All three
2022-03-09,0.9701973339048993,0.9387064507167573,All three
2022-03-10,1.0011217525043854,0.9686271175847702,All three
2022-03-11,0.9923167780377935,0.9601079369589902,All three
2022-03-14,0.9652862131072358,0.9339547361820852,All three
2022-03-15,0.9370184505782799,0.9066044950445834,All three
2022-03-16,0.9729400032655517,0.9413600978986821,All three
2022-03-17,0.9726635963572899,0.9413280535290892,All three
2022-03-18,0.9798687787624073,0.9413280535290892,All three
2022-03-21,0.9931787915483301,0.9413280535290892,All three
2022-03-22,0.9808129950446965,0.9413280535290892,All three
2022-03-23,0.9991849286240169,0.9413280535290892,All three
2022-03-24,1.0021182576236578,0.9413280535290892,All three
2022-03-25,0.9941037191749418,0.9413280535290892,All three
2022-03-28,0.98630577082617,0.9413280535290892,All three
2022-03-29,0.999624496136283,0.9413280535290892,All three
2022-03-30,1.014770177609866,0.9413280535290892,All three
2022-03-31,1.0087644031952991,0.9407633390631766,All three
2022-04-01,1.0107485291087828,0.9426137145458743,All three
2022-04-06,1.017447218337851,0.9488608434359534,All three
2022-04-07,0.9950026140500141,0.9279292356126656,All three
2022-04-08,0.9984939341720975,0.9311852049603008,All three
2022-04-11,0.9852982162372105,0.9188790137164008,All three
2022-04-12,0.980620526006087,0.9145166477695096,All three
2022-04-13,0.9752355580613079,0.9094946818789293,All three
2022-04-14,0.9930435459581339,0.926102228797465,All three
2022-04-15,0.9803240913492167,0.9142401958480026,All three
2022-04-18,0.9811834495432873,0.9152704993319152,All three
2022-04-19,0.9821856846014775,0.9152704993319152,All three
2022-04-20,0.9653549385883676,0.9152704993319152,All three
2022-04-21,0.9534282854922582,0.9152704993319152,All three
2022-04-22,0.9676503633855463,0.9152704993319152,All three
2022-04-25,0.9303243670819165,0.9152704993319152,All three
2022-04-26,0.9169303834296844,0.9152704993319152,All three
2022-04-27,0.9232100610991717,0.9152704993319152,All three
2022-04-28,0.945127813776018,0.9152704993319152,All three
2022-04-29,0.9501433246380624,0.9152704993319152,All three
2022-05-05,0.9433922166580927,0.9152704993319152,All three
2022-05-06,0.8944505596784718,0.9152704993319152,All three
2022-05-09,0.872451413248792,0.9152704993319152,All three
2022-05-10,0.8725895569463044,0.9152704993319152,All three
2022-05-11,0.8947104290027987,0.9152704993319152,All three
2022-05-12,0.8732646713108815,0.9152704993319152,All three
2022-05-13,0.9083429063983722,0.9152704993319152,All three
2022-05-16,0.9084482781203129,0.9152704993319152,All three
2022-05-17,0.9566301709457374,0.9152704993319152,All three
2022-05-18,0.9479152274913851,0.9152704993319152,All three
2022-05-19,0.9217893901426547,0.9145841608662287,All three
2022-05-20,0.9299384223096653,0.9226694955707039,All three
2022-05-23,0.9313052438075344,0.924025633215648,All three
2022-05-24,0.9003117992284603,0.8932744509978534,All three
2022-05-25,0.910004421278275,0.9028913100101398,All three
2022-05-26,0.9194468515629848,0.912259932898219,All three
2022-05-27,0.9165278086452278,0.9093637068773748,All three
2022-05-30,0.9231415979277586,0.9159257990274846,All three
2022-05-31,0.9380733092240903,0.9307407955899194,All three
2022-06-01,0.9364166555232583,0.9290970912350809,All three
2022-06-02,0.9561740077677378,0.9487000087959561,All three
2022-06-06,0.9782953978576558,0.9706484855401407,All three
2022-06-07,0.9757489505823735,0.9681219427426652,All three
2022-06-08,0.995195688641142,0.9874166740546753,All three
2022-06-09,0.9863119289674446,0.9786023548908928,All three
2022-06-10,1.00438775596448,0.9965368909604482,All three
2022-06-13,1.0018905026935059,0.9940591576390101,All three
2022-06-14,1.0162477189304782,1.0083041497216747,All three
2022-06-15,1.006654559011815,0.9987859753880473,All three
2022-06-16,0.9968262127748932,0.989034453085966,All three
2022-06-17,1.0039466036248113,0.9960991869179575,All three
2022-06-20,1.0081965183184758,1.000315881865224,All three
2022-06-21,0.9901467118976021,0.9824071629802326,All three
2022-06-22,0.9899489731465894,0.9822109698675761,All three
2022-06-23,1.0016776430106464,0.9938479617882963,All three
2022-06-24,1.0093110589685126,1.0014217106326908,All three
2022-06-27,1.0251974138381228,1.0171838887321774,All three
2022-06-28,1.0341140387067822,1.0260308161978966,All three
2022-06-29,0.9993246241257029,0.9915133354350298,All three
2022-06-30,1.0168725211747602,1.0089240681568454,All three
2022-07-01,1.0203743343605944,1.0123985091824474,All three
2022-07-04,1.0292426955800682,1.0211975502550679,All three
2022-07-05,1.025179972104382,1.017166583332931,All three
2022-07-06,1.002683803713717,0.9948462577680015,All three
2022-07-07,0.9991821561500697,0.9913719810699891,All three
2022-07-08,0.9996489469665958,0.9918351231844439,All three
2022-07-11,0.9855904114202825,0.9778864771345657,All three
2022-07-12,0.97135570821973,0.9637630404568639,All three
2022-07-13,0.9774013636515478,0.9697614396130311,All three
2022-07-14,0.9817652778427475,0.9740912429730295,All three
2022-07-15,0.9706702010817273,0.9630828916318911,All three
2022-07-18,0.9775001451465939,0.9698594489758224,All three
2022-07-19,0.9656017402685736,0.9580540487863859,All three
2022-07-20,0.9666981780686675,0.9591419162060636,All three
2022-07-21,0.9580955410306428,0.9506065222638085,All three
2022-07-22,0.9563240529587842,0.9488488811485916,All three
2022-07-25,0.9357452979592583,0.928430981383006,All three
2022-07-26,0.9457101582739821,0.9383179506913428,All three
2022-07-27,0.9578001079982189,0.9503133985037163,All three
2022-07-28,0.9577856046634738,0.950299008535271,All three
2022-07-29,0.9606086691814867,0.9531000063780412,All three
2022-08-01,0.9669648837511351,0.9594065371654781,All three
2022-08-02,0.955565284721254,0.9480960438744437,All three
2022-08-03,0.9578699084744997,0.9503826533798411,All three
2022-08-04,0.9691168976984251,0.9615417297498169,All three
2022-08-05,0.9910282105595729,0.9832817713481359,All three
2022-08-08,0.9911888467635167,0.9834411519282984,All three
2022-08-09,0.9883415352068763,0.9806160965755223,All three
2022-08-10,0.9779147518809919,0.9702708149085655,All three
2022-08-11,0.9990928316777554,0.9912833548084701,All three
2022-08-12,0.9878612300697068,0.9801395457760279,All three
2022-08-15,0.9891885686989371,0.9814565091728534,All three
2022-08-16,0.990281505217761,0.9825409026792639,All three
2022-08-17,0.9901076989317665,0.98236845496189,All three
2022-08-18,0.9922895478695631,0.9845332493295088,All three
2022-08-19,0.977500161125033,0.969859464829365,All three
2022-08-22,0.9725260570642664,0.9649242411902933,All three
2022-08-23,0.9616375249655517,0.954120820041101,All three
2022-08-24,0.9383844605801858,0.9310495148103402,All three
2022-08-25,0.9387579031629341,0.9314200383538165,All three
2022-08-26,0.9340298618735934,0.9267289541198318,All three
2022-08-29,0.9372963045445576,0.9299698644201545,All three
2022-08-30,0.9250937344919812,0.9178626765838745,All three
2022-08-31,0.9095420274382353,0.9024325305029066,All three
2022-09-01,0.9143077633553098,0.9071610147220113,All three
2022-09-02,0.9156725157107759,0.9085150993981442,All three
2022-09-05,0.9302478950054237,0.9229765492521499,All three
2022-09-06,0.9424959684276689,0.9351288847779239,All three
2022-09-07,0.9404816864243345,0.9331303475464611,All three
2022-09-08,0.929501381123524,0.9222358705466307,All three
2022-09-09,0.9347506461795552,0.9276296766948093,All three
2022-09-13,0.9284214253362983,0.9276296766948093,All three
2022-09-14,0.920767386987137,0.9276296766948093,All three
2022-09-15,0.9220622554157885,0.9276296766948093,All three
2022-09-16,0.8923657097407791,0.9276296766948093,All three
2022-09-19,0.8886354389234069,0.9276296766948093,All three
2022-09-20,0.8847085328448936,0.9276296766948093,All three
2022-09-21,0.8914100276678499,0.9276296766948093,All three
2022-09-22,0.8863569065377104,0.9276296766948093,All three
2022-09-23,0.8801183553103253,0.9276296766948093,All three
2022-09-26,0.8625700555060657,0.9276296766948093,All three
2022-09-27,0.8712820670719164,0.9276296766948093,All three
2022-09-28,0.8654439297303209,0.9276296766948093,All three
2022-09-29,0.8582164499893514,0.9276296766948093,All three
2022-09-30,0.8580143440475408,0.9276296766948093,All three
2022-10-10,0.8405037220831898,0.9276296766948093,All three
2022-10-11,0.8398792533907422,0.9276296766948093,All three
2022-10-12,0.8421012389425089,0.9276296766948093,All three
2022-10-13,0.8321636772022148,0.9276296766948093,All three
2022-10-14,0.8441790706540375,0.9276296766948093,All three
2022-10-17,0.8433361611339414,0.9269340703909978,All three
2022-10-18,0.8562823867608258,0.9411636245943807,All three
2022-10-19,0.8392449497241892,0.9224373069179688,All three
2022-10-20,0.8422273256027935,0.925715318629068,All three
2022-10-21,0.8430581911881931,0.9266285459451916,All three
2022-10-24,0.8181802883123722,0.8992845556857558,All three
2022-10-25,0.8011510143683639,0.8805672102899428,All three
2022-10-26,0.8359960723214089,0.9188663760200085,All three
2022-10-27,0.83248467109144,0.9150068979318229,All three
2022-10-28,0.8127171694826901,0.8932798908709351,All three
2022-10-31,0.8136664915317904,0.894547009634042,All three
2022-11-01,0.8168772061629362,0.894547009634042,All three
2022-11-02,0.8207096755828613,0.894547009634042,All three
2022-11-03,0.8258864158843072,0.894547009634042,All three
2022-11-04,0.8374270555432559,0.894547009634042,All three
2022-11-07,0.8280369257470918,0.894547009634042,All three
2022-11-08,0.8248514611078304,0.894547009634042,All three
2022-11-09,0.819211476890285,0.894547009634042,All three
2022-11-10,0.806536811354176,0.894547009634042,All three
2022-11-11,0.8127258294862344,0.894547009634042,All three
2022-11-14,0.8115326718008788,0.8938762111951927,All three
2022-11-15,0.8239291477760591,0.9075305166371122,All three
2022-11-16,0.8230290133612914,0.9065390485567781,All three
2022-11-17,0.8354739488395885,0.920246730527515,All three
2022-11-18,0.8324224079557105,0.9168855598705962,All three
2022-11-21,0.8235791748243902,0.9071450330861367,All three
2022-11-22,0.816620898189537,0.899480723107084,All three
2022-11-23,0.8158395221162122,0.8986200633847932,All three
2022-11-24,0.8141012820980985,0.8967054498941358,All three
2022-11-25,0.8151776159606593,0.8978909957981741,All three
2022-11-28,0.8084102803543944,0.8904370010031271,All three
2022-11-29,0.8270018621319031,0.9109150091682532,All three
2022-11-30,0.8264184217488618,0.910272369016879,All three
2022-12-01,0.8281150611617142,0.9121411608262826,All three
2022-12-02,0.8210113197900561,0.9043166262841091,All three
2022-12-05,0.8401057167023186,0.9253484685747154,All three
2022-12-06,0.8366614709338235,0.9215547465657968,All three
2022-12-07,0.8289029261554139,0.9130089678782635,All three
2022-12-08,0.8281917459014767,0.9122256265132688,All three
2022-12-09,0.8323033365979984,0.9167544067355567,All three
2022-12-12,0.8204060941700727,0.9036499904197656,All three
2022-12-13,0.8278337976417842,0.91183135842611,All three
2022-12-14,0.8441137105968851,0.9297631403697749,All three
2022-12-15,0.8343751377833816,0.919036426743242,All three
2022-12-16,0.8366128021743016,0.9215011395480184,All three
2022-12-19,0.8271975793893892,0.9111305852093248,All three
2022-12-20,0.8003630108894798,0.8815732016889208,All three
2022-12-21,0.8083083966499105,0.8903247794957113,All three
2022-12-22,0.8253457801441368,0.9090908900118819,All three
2022-12-23,0.829052407670667,0.9131736167890726,All three
2022-12-26,0.8201643972989309,0.9033385911414163,All three
2022-12-27,0.8274246374547681,0.9033385911414163,All three
2022-12-28,0.8224183547808275,0.9033385911414163,All three
2022-12-29,0.8109957736524229,0.9033385911414163,All three
2022-12-30,0.8170883636232669,0.9033385911414163,All three
2023-01-03,0.8072498127360616,0.9033385911414163,All three
2023-01-04,0.8133558714573587,0.9033385911414163,All three
2023-01-05,0.8356417594146419,0.9033385911414163,All three
2023-01-06,0.8321155114045533,0.9033385911414163,All three
2023-01-09,0.8482029739171881,0.9033385911414163,All three
2023-01-10,0.850309554229125,0.9026612001153842,All three
2023-01-11,0.8500321012491092,0.902366664979714,All three
2023-01-12,0.8478416879910577,0.9000413929062349,All three
2023-01-13,0.8551357696947905,0.9077845548073147,All three
2023-01-16,0.8632007767920351,0.9163461062436474,All three
2023-01-17,0.8628524256739017,0.9159763079310307,All three
2023-01-18,0.8643149732892492,0.9175289013120287,All three
2023-01-19,0.8698654063129162,0.9234210620073714,All three
2023-01-20,0.8775605035776896,0.9315899290952195,All three
2023-01-30,0.8822749348882549,0.936594617333157,All three
2023-01-31,0.878040276045097,0.9320992400738604,All three
2023-02-01,0.8881458788702262,0.9428270221252926,All three
2023-02-02,0.8876964662874788,0.9423499402210942,All three
2023-02-03,0.884742877429867,0.9392145055436886,All three
2023-02-06,0.8754283254050577,0.9293264775103284,All three
2023-02-07,0.8730680314464805,0.9268208655638581,All three
2023-02-08,0.868600772526248,0.9220785675641385,All three
2023-02-09,0.8830898963621725,0.9374597541511963,All three
2023-02-10,0.8769964797963862,0.930991179638868,All three
2023-02-13,0.8832180284946541,0.9375957750907516,All three
2023-02-14,0.8820408635717093,0.9363461347723591,All three
2023-02-15,0.8908354321795883,0.9456821651798758,All three
2023-02-16,0.8782448053602113,0.9323163617986742,All three
2023-02-17,0.8636571911714799,0.9168306210294103,All three
2023-02-20,0.8841043803761988,0.9385366976631728,All three
2023-02-21,0.8812317944368846,0.9354872530714716,All three
2023-02-22,0.8797884156193843,0.9339550086680706,All three
2023-02-23,0.8717082518168612,0.9253773673622209,All three
2023-02-24,0.8712680370062899,0.9249100495163346,All three
2023-02-27,0.8635704412353163,0.9167385300948819,All three
2023-02-28,0.8702742124167631,0.923855037383136,All three
2023-03-01,0.874744593265011,0.9286006495209539,All three
2023-03-02,0.8763297890021776,0.9302834421926485,All three
2023-03-03,0.8790096571113154,0.9331283037510234,All three
2023-03-06,0.8763485806005971,0.9303033907474978,All three
2023-03-07,0.8689668022828042,0.9224671329491653,All three
2023-03-08,0.8677458085133568,0.9211709653408147,All three
2023-03-09,0.8669191298133097,0.920293389893399,All three
2023-03-10,0.8520783380978594,0.9045388840267967,All three
2023-03-13,0.8640576199645003,0.9172557033221714,All three
2023-03-14,0.8551894866933593,0.9078415790406111,All three
2023-03-15,0.8650326329714048,0.9182907456859357,All three
2023-03-16,0.8541680253172028,0.9067572285860184,All three
2023-03-17,0.8797844085168316,0.9339507548572306,All three
2023-03-20,0.8687264586754753,0.9222119919267547,All three
2023-03-21,0.8677847147818849,0.9212122669807491,All three
2023-03-22,0.8727702761809707,0.9265047781766602,All three
2023-03-23,0.8926403744687086,0.9475982337042538,All three
2023-03-24,0.8873891379215022,0.9420236903391751,All three
2023-03-27,0.8805087080362073,0.9347196478681946,All three
2023-03-28,0.8759090559144642,0.9298368055154587,All three
2023-03-29,0.8801087081194674,0.9342950208566612,All three
2023-03-30,0.8767935824671532,0.9307757903776339,All three
2023-03-31,0.9067247445559792,0.9625497467651304,All three
2023-04-03,0.9500292782721242,1.0085204431782622,All three
2023-04-04,0.9552520621641492,1.0140647821222042,All three
2023-04-06,0.9573872609958337,1.0163314403413284,All three
2023-04-07,0.9789278472937245,1.039198232066926,All three
2023-04-10,0.9347296545283358,0.9922788560278013,All three
2023-04-11,0.9495373546198929,1.0079982328936903,All three
2023-04-12,0.9867436659631154,1.0474952531046262,All three
2023-04-13,0.9831735165598987,1.0437052976362082,All three
2023-04-14,0.9883257349630877,1.0491747265329532,All three
2023-04-17,1.0002969674262918,1.0618830008412343,All three
2023-04-18,1.0006793214975214,1.062288895592256,All three
2023-04-19,0.9958481138820581,1.0571602413950982,All three
2023-04-20,0.9950721683238434,1.056336522614898,All three
2023-04-21,0.9796718365910048,1.0399880271111142,All three
2023-04-24,0.9735250190415857,1.033462763836754,All three
2023-04-25,0.969468306718098,1.0291562888639283,All three
2023-04-26,0.9705810879482321,1.030543741818856,All three
2023-04-27,0.9705790979201236,1.030543741818856,All three
2023-04-28,0.9823397404280294,1.030543741818856,All three
2023-05-04,1.0053220054984549,1.030543741818856,All three
2023-05-05,1.011599301555642,1.030543741818856,All three
2023-05-08,1.0468964542250885,1.030543741818856,All three
2023-05-09,1.034250146251489,1.030543741818856,All three
2023-05-10,1.0094779796353017,1.030543741818856,All three
2023-05-11,1.0082960904172515,1.030543741818856,All three
2023-05-12,0.9981899298788216,1.030543741818856,All three
2023-05-15,1.0044981219089848,1.0297709628304597,All three
2023-05-16,1.003802213923581,1.0290575460300293,All three
2023-05-17,1.0081603395925343,1.0335253207011506,All three
2023-05-18,1.0144386749587024,1.0399616169111474,All three
2023-05-19,1.0199913731670638,1.0456540191721537,All three
2023-05-22,1.02602902139589,1.0518435726359412,All three
2023-05-23,1.0202120442673825,1.0458802422844597,All three
2023-05-24,1.0061178268543574,1.031431419017205,All three
2023-05-25,1.0165080114129874,1.042083017187038,All three
2023-05-26,1.0196412264332086,1.0452950628621422,All three
2023-05-29,1.0446047241788383,1.070886633964614,All three
2023-05-30,1.0501565422210337,1.0765781339147644,All three
2023-05-31,1.0504293481379339,1.0768578035384153,All three
2023-06-01,1.050337679696738,1.0767638287495205,All three
2023-06-02,1.0554654914349968,1.082020654537193,All three
2023-06-05,1.059344173148109,1.0859969226009243,All three
2023-06-06,1.0440704772550498,1.0703389455647059,All three
2023-06-07,1.0480770903975967,1.0744463637703754,All three
2023-06-08,1.0279438464087705,1.0538065740136031,All three
2023-06-09,1.0428001966553557,1.069036705124748,All three
2023-06-12,1.0505645794898009,1.076996437266423,All three
2023-06-13,1.0622551068406463,1.0889810944235685,All three
2023-06-14,1.0652007811524102,1.092000880927943,All three
2023-06-15,1.0607594431790814,1.087447800358356,All three
2023-06-16,1.078087503290875,1.1052118287384136,All three
2023-06-19,1.0827892391106355,1.1100318586782287,All three
2023-06-20,1.088509064043975,1.115895592517405,All three
2023-06-21,1.0468462260727185,1.073184531305687,All three
2023-06-26,1.012991781555473,1.0384783201478596,All three
2023-06-27,1.0248110112870423,1.0505949177951128,All three
2023-06-28,1.0208907004592824,1.0465759732419615,All three
2023-06-29,1.0253086000229836,1.0511050256992769,All three
2023-06-30,1.032830738348327,1.058816418540024,All three
2023-07-03,1.0348991664540794,1.0609368876136327,All three
2023-07-04,1.0371869882623612,1.0632822702628522,All three
2023-07-05,1.0278983291219206,1.0537599115268521,All three
2023-07-06,1.0257614703084785,1.0515692900515539,All three
2023-07-07,1.013709360602298,1.0392139532464575,All three
2023-07-10,1.016005972378794,1.041568347016588,All three
2023-07-11,1.0243496399355734,1.0501219384928502,All three
2023-07-12,1.0246273356639304,1.0504066209539986,All three
2023-07-13,1.0407175332892693,1.0669016426363578,All three
2023-07-14,1.0390051817797004,1.065146208928466,All three
2023-07-17,1.0346435512357208,1.06067484120082,All three
2023-07-18,1.0366704505557596,1.0627527366381855,All three
2023-07-19,1.0408828228242881,1.067071090801476,All three
2023-07-20,1.0329847233518659,1.0589742777553843,All three
2023-07-21,1.034321621997069,1.0603448123288701,All three
2023-07-24,1.0330786630753737,1.0590705809713035,All three
2023-07-25,1.0724361503588526,1.0994182896334885,All three
2023-07-26,1.0709396532136872,1.0978841411145035,All three
2023-07-27,1.0777609023451764,1.1048770106208106,All three
2023-07-28,1.0995413627526478,1.1272054602171802,All three
2023-07-31,1.1072799147480208,1.1351387116244047,All three
2023-08-01,1.1041321610456003,1.1319117614786598,All three
2023-08-02,1.0885850749985342,1.1159735158824715,All three
2023-08-03,1.0965663381552746,1.1241555849837062,All three
2023-08-04,1.0994971738447292,1.1271601595309357,All three
2023-08-07,1.0897542232622643,1.1171720795303008,All three
2023-08-08,1.0877546863380767,1.1151222349176273,All three
2023-08-09,1.0881826659287086,1.115560982333381,All three
2023-08-10,1.1058753562909067,1.1336988149404914,All three
2023-08-11,1.065527927143677,1.0923362578042808,All three
2023-08-14,1.0548212316651726,1.0813601854043855,All three
2023-08-15,1.0676675593184972,1.0945297224178139,All three
2023-08-16,1.067108915400883,1.0939570232037745,All three
2023-08-17,1.0667113003645556,1.0935494043044816,All three
2023-08-18,1.0524602329703,1.0789397847622817,All three
2023-08-21,1.020193261632321,1.0458609870845055,All three
2023-08-22,1.0318005107526533,1.0577602707583684,All three
2023-08-23,1.0082391340598151,1.0338646284009978,All three
2023-08-24,1.0092670241652908,1.0338646284009978,All three
2023-08-25,0.9988667582837875,1.0338646284009978,All three
2023-08-28,1.0107917207647856,1.0338646284009978,All three
2023-08-29,1.0277021252020897,1.0338646284009978,All three
2023-08-30,1.0304530086309258,1.0338646284009978,All three
2023-08-31,1.023580751296676,1.0338646284009978,All three
2023-09-01,1.0220912190163396,1.0338646284009978,All three
2023-09-04,1.0337222719923331,1.0338646284009978,All three
2023-09-05,1.0290175938882018,1.0338646284009978,All three
2023-09-06,1.036767704834806,1.0330893591627759,All three
2023-09-07,1.0302344929436473,1.026579326438534,All three
2023-09-08,1.0225592541326671,1.018931318589061,All three
2023-09-11,1.026107780534468,1.0224672551824878,All three
2023-09-12,1.0266036869246744,1.022961402147593,All three
2023-09-13,1.0252055617246856,1.0215682373526729,All three
2023-09-14,1.033678095014725,1.0300107109620207,All three
2023-09-15,1.032615949696942,1.0289523340270823,All three
2023-09-18,1.0322343682625768,1.0285721064045796,All three
2023-09-19,1.0336491154536736,1.0299818342174851,All three
2023-09-20,1.0304974911293632,1.02699547937748,All three
2023-09-21,1.0216690278339977,1.02699547937748,All three
2023-09-22,1.026787162665602,1.02699547937748,All three
2023-09-25,1.0282132471431855,1.02699547937748,All three
2023-09-26,1.021929250071079,1.02699547937748,All three
2023-09-27,1.023141171487212,1.02699547937748,All three
2023-09-28,1.0232522335629395,1.02699547937748,All three
2023-10-09,1.0264721200909765,1.02699547937748,All three
2023-10-10,1.0120694202911906,1.02699547937748,All three
2023-10-11,1.0119815767463558,1.02699547937748,All three
2023-10-12,1.0181359142203532,1.026225361142382,All three
2023-10-13,1.0083507966617102,1.0163624973928709,All three
2023-10-16,0.9911201412496906,0.998994938380418,All three
2023-10-17,0.9938519189867078,1.0017484210496526,All three
2023-10-18,0.9769535006202312,0.9847157388225927,All three
2023-10-19,0.9665878086551251,0.9742676877993385,All three
2023-10-20,0.9435919355906978,0.9510891044582356,All three
2023-10-23,0.9281254865155006,0.9354997690206989,All three
2023-10-24,0.9339931609366454,0.9414140641730474,All three
2023-10-25,0.9390869110640594,0.946548285931718,All three
2023-10-26,0.9442329434497112,0.9519732581772564,All three
2023-10-27,0.9485830239902104,0.9519732581772564,All three
2023-10-30,0.943804256789008,0.9519732581772564,All three
2023-10-31,0.9458324075243019,0.9519732581772564,All three
2023-11-01,0.9444411755392106,0.9519732581772564,All three
2023-11-02,0.9374207167593291,0.9519732581772564,All three
2023-11-03,0.9468307070581674,0.9519732581772564,All three
2023-11-06,0.9844896031804311,0.9519732581772564,All three
2023-11-07,0.988821303861829,0.9519732581772564,All three
2023-11-08,0.9791915116995178,0.9519732581772564,All three
2023-11-09,0.9745591560762277,0.9512593972302807,All three
2023-11-10,0.9687849518575262,0.9456232426774043,All three
2023-11-13,0.9733757807577539,0.9501043140471513,All three
2023-11-14,0.9801608600589008,0.9567271756825141,All three
2023-11-15,0.9783590947682027,0.9549684869936911,All three
2023-11-16,0.9692446623595938,0.9460719624214761,All three
2023-11-17,0.977622319231637,0.9542493262855516,All three
2023-11-20,0.9849235538060717,0.9613760029547003,All three
2023-11-21,0.9819156613497406,0.9584400231867167,All three
2023-11-22,0.971666424095152,0.9484358246810825,All three
2023-11-23,0.9736136655886809,0.950574214507268,All three
2023-11-24,0.9774190572656422,0.950574214507268,All three
2023-11-27,0.9753025698914336,0.950574214507268,All three
2023-11-28,0.9763728460515981,0.950574214507268,All three
2023-11-29,0.9757071619458153,0.950574214507268,All three
2023-11-30,0.9788090032993099,0.950574214507268,All three
2023-12-01,0.9773816957766601,0.950574214507268,All three
2023-12-04,0.9799551642119247,0.950574214507268,All three
2023-12-05,0.9671768002376394,0.950574214507268,All three
2023-12-06,0.97817173617805,0.950574214507268,All three
2023-12-07,0.9716249242466153,0.950574214507268,All three
2023-12-08,0.9724794745477053,0.950574214507268,All three
2023-12-11,0.9805504281648011,0.950574214507268,All three
2023-12-12,0.9843544070574981,0.950574214507268,All three
2023-12-13,0.9873345124613225,0.950574214507268,All three
2023-12-14,0.9977121235418789,0.950574214507268,All three
2023-12-15,0.9965695876761174,0.950574214507268,All three
2023-12-18,0.9951268754589865,0.950574214507268,All three
2023-12-19,0.996806540675801,0.950574214507268,All three
2023-12-20,1.0038470688066563,0.950574214507268,All three
2023-12-21,0.9903336509901076,0.9499564363252596,All three
2023-12-22,0.9949453958811142,0.9543801542687242,All three
2023-12-25,0.9962094985801712,0.955592717826415,All three
2023-12-26,1.0021182364475596,0.9612605486247248,All three
2023-12-27,1.0057049401269331,0.9647010176444396,All three
2023-12-28,1.003000758577206,0.9621070891582297,All three
2023-12-29,1.0003310416328084,0.9595462201097414,All three
2024-01-02,0.9982395066359325,0.9575399597649623,All three
2024-01-03,0.985509563008162,0.9453290327999255,All three
2024-01-04,0.979414308361553,0.9394822897585287,All three
2024-01-05,0.9724605222820845,0.9328120187479293,All three
2024-01-08,0.9622104800712961,0.9229798843344323,All three
2024-01-09,0.9657046386832112,0.9263315814716663,All three
2024-01-10,0.9595109003585974,0.9203903700622602,All three
2024-01-11,0.9531142084807632,0.914254479784814,All three
2024-01-12,0.9593776559398772,0.9202625581949758,All three
2024-01-15,0.9625939440250554,0.9233477139548923,All three
2024-01-16,0.9627219113195205,0.9234704638532671,All three
2024-01-17,0.9457399397315195,0.9071808697398228,All three
2024-01-18,0.9428990171172206,0.90445577530336,All three
2024-01-19,0.936793593575227,0.898824040166504,All three
2024-01-22,0.9550649438582257,0.898824040166504,All three
2024-01-23,0.9558577522496944,0.898824040166504,All three
2024-01-24,0.9637761608785137,0.898824040166504,All three
2024-01-25,0.9554986917376005,0.898824040166504,All three
2024-01-26,0.9566739929616668,0.898824040166504,All three
2024-01-29,0.9660712791169382,0.898824040166504,All three
2024-01-30,0.9733959218218406,0.898824040166504,All three
2024-01-31,0.9591615498539885,0.898824040166504,All three
2024-02-01,0.9516524424672795,0.898824040166504,All three
2024-02-02,0.9636046869753525,0.898824040166504,All three
2024-02-05,0.9725762828279141,0.898824040166504,All three
2024-02-06,0.9811117201048373,0.898824040166504,All three
2024-02-07,0.9779413858882107,0.898824040166504,All three
2024-02-08,0.9761784964562883,0.898824040166504,All three
2024-02-19,0.9941446083772063,0.898824040166504,All three
2024-02-20,0.9991008256821724,0.898824040166504,All three
2024-02-21,1.0185384466142473,0.898824040166504,All three
2024-02-22,1.0244937830735403,0.898824040166504,All three
2024-02-23,1.0280317836260318,0.898824040166504,All three
2024-02-26,1.0057437544719672,0.898150034489384,All three
2024-02-27,1.0109230902815696,0.9027752888002784,All three
2024-02-28,1.0059213903017334,0.8983086669699952,All three
2024-02-29,1.0141049412552925,0.9056167477196924,All three
2024-03-01,1.0150513380864699,0.9064618997206697,All three
2024-03-04,1.0188274858468374,0.9098340779978211,All three
2024-03-05,1.025721929167354,0.9159909588917604,All three
2024-03-06,1.0247919551046496,0.9151604727636802,All three
2024-03-07,1.026312433406824,0.9165182914262037,All three
2024-03-08,1.0311535290438658,0.9208414902470188,All three
2024-03-11,1.0293980857484413,0.9192738429717371,All three
2024-03-12,1.0152982710728287,0.9066824159995219,All three
2024-03-13,1.0172152223400737,0.9083942932437353,All three
2024-03-14,1.022292881004377,0.9129287477548287,All three
2024-03-15,1.0249476846079641,0.9152995424403758,All three
2024-03-18,1.0330100660610677,0.9224994163127951,All three
2024-03-19,1.0278494025116365,0.917890836717545,All three
2024-03-20,1.02999583240707,0.9198076431367156,All three
2024-03-21,1.0335132114901926,0.9229487356175509,All three
2024-03-22,1.0260932127301199,0.9163225228146987,All three
2024-03-25,1.023021199782513,0.9135791515309332,All three
2024-03-26,1.0107867691020958,0.9026535511593518,All three
2024-03-27,0.9763592310299368,0.8719090455440738,All three
2024-03-28,1.0035851704490657,0.8962223741822762,All three
2024-03-29,1.0069425682315505,0.8992206000432128,All three
2024-04-01,1.0321574831460563,0.9217380420848987,All three
2024-04-02,1.0225295471664049,0.9131400955465925,All three
2024-04-03,1.007980291861263,0.9001473087696379,All three
2024-04-08,0.9889415297092586,0.8831452992543657,All three
2024-04-09,1.0008884472587918,0.8938141444362965,All three
2024-04-10,0.97776464274001,0.8731641073530697,All three
2024-04-11,0.9815929553556468,0.8765828699280117,All three
2024-04-12,0.9839516630076268,0.8786892447869721,All three
2024-04-15,0.9931738823127695,0.8869248779193213,All three
2024-04-16,0.971584443716636,0.8676450614317666,All three
2024-04-17,0.9874330582951301,0.8817982029919214,All three
2024-04-18,0.9905822979218489,0.8846105393020166,All three
2024-04-19,0.9917531943790507,0.885656174125741,All three
2024-04-22,0.9746514085047047,0.8703839246043527,All three
2024-04-23,0.9519734052682431,0.8501319973133181,All three
2024-04-24,0.9628284688252513,0.8598257942320273,All three
2024-04-25,0.973956613584311,0.8697634583285839,All three
2024-04-26,0.9698756209923232,0.8661190472935195,All three
2024-04-29,0.9795835051176255,0.8747883891842252,All three
2024-04-30,0.9870560136866123,0.8814614943356275,All three
2024-05-06,0.9971661540843407,0.8904900594214525,All three
2024-05-07,0.9965035728984769,0.8898983606788161,All three
2024-05-08,0.9951580078201117,0.8886967431533103,All three
2024-05-09,1.0019749122675465,0.8947843802252292,All three
2024-05-10,1.011133562119505,0.902963244517289,All three
2024-05-13,1.0172775350369643,0.9084499397745862,All three
2024-05-14,1.0123821552370496,0.9040782640703304,All three
2024-05-15,1.0069540796724084,0.899230879998676,All three
2024-05-16,1.0180121211100208,0.909105940375055,All three
2024-05-17,1.027162018217349,0.9172769882846048,All three
2024-05-20,1.039920893636213,0.9286709286859695,All three
2024-05-21,1.0270416005052323,0.9171694527699074,All three
2024-05-22,1.0267493288468186,0.9169084481164683,All three
2024-05-23,1.0151727599002063,0.9065703319189411,All three
2024-05-24,1.0031313024149966,0.8958170606134467,All three
2024-05-27,1.018579311894954,0.909612453511015,All three
2024-05-28,1.02226243235565,0.912901556479931,All three
2024-05-29,1.0183170223136924,0.9093782234743789,All three
2024-05-30,1.0064378742078461,0.8987698978113758,All three
2024-05-31,1.0017399839856809,0.8945745843964986,All three
2024-06-03,1.0091922280175434,0.9012295928959096,All three
2024-06-04,1.00574369417348,0.8981499806415844,All three
2024-06-05,1.0129286573901886,0.9045663018289625,All three
2024-06-06,1.0318260497415952,0.9214420651799227,All three
2024-06-07,1.033992295979189,0.9233765680036848,All three
2024-06-11,1.0340766950146885,0.923451938093042,All three
2024-06-12,1.0339991149366405,0.9233826574741322,All three
2024-06-13,1.0415977966209717,0.9301684378346964,All three
2024-06-14,1.0384856834642275,0.9273892562323883,All three
2024-06-17,1.062097071577449,0.9484747155792036,All three
2024-06-18,1.0619157769511098,0.9483128157173598,All three
2024-06-19,1.0583781396686185,0.9451536322442805,All three
2024-06-20,1.064756096780971,0.9508492802410596,All three
2024-06-21,1.0641330101531143,0.9502928509579434,All three
2024-06-24,1.0382432722803119,0.927172778016912,All three
2024-06-25,0.9981849232608799,0.8913998414280291,All three
2024-06-26,1.0116986960098147,0.9034679208036844,All three
2024-06-27,1.013228490096812,0.9048340586552885,All three
2024-06-28,1.0253747629399363,0.9156809322495445,All three
2024-07-01,1.0221171260413324,0.9127717949272139,All three
2024-07-02,1.0244840455726982,0.9148855031648016,All three
2024-07-03,1.0423775631720147,0.9308647855391675,All three
2024-07-04,1.045646448693634,0.9337839681151763,All three
2024-07-05,1.0532865502022954,0.9406067372380225,All three
2024-07-08,1.063137882052923,0.949404180922923,All three
2024-07-09,1.0711819298560044,0.9565876824655847,All three
2024-07-10,1.0667505091091325,0.9526303318194157,All three
2024-07-11,1.0699672395246398,0.9555029388038337,All three
2024-07-12,1.030592483612164,0.920340465038965,All three
2024-07-15,1.0565984363165515,0.9435643202352002,All three
2024-07-16,1.059962867433434,0.9465688270096436,All three
2024-07-17,1.0525792726445553,0.939975123708181,All three
2024-07-18,1.0387139722099472,0.9275931228176191,All three
2024-07-19,1.0202115758817873,0.911070099108665,All three
2024-07-22,1.0083263647151546,0.9004563590066156,All three
2024-07-23,1.0180112727145545,0.9091051827403053,All three
2024-07-24,1.0061659190524799,0.8985270362165748,All three
2024-07-25,1.0175285748776772,0.9086741235595632,All three
2024-07-26,1.0345670977342658,0.9238898778938546,All three
2024-07-29,1.026627708958823,0.9167998390337749,All three
2024-07-30,1.0305421752586927,0.9202955386357887,All three
2024-07-31,1.0827793290105547,0.9669444004708734,All three
2024-08-01,1.076064154149348,0.960947610029593,All three
2024-08-02,1.0550297026457152,0.9421634085275197,All three
2024-08-05,1.0506917759498315,0.9382895500081934,All three
2024-08-06,1.0504331915861775,0.9380586544576557,All three
2024-08-07,1.0444709737238007,0.9380586544576557,All three
2024-08-08,1.0470500984479145,0.9380586544576557,All three
2024-08-09,1.037552319171293,0.9380586544576557,All three
2024-08-12,1.0297961386497014,0.9380586544576557,All three
2024-08-13,1.0386027956442607,0.9380586544576557,All three
2024-08-14,1.030619752845783,0.9380586544576557,All three
2024-08-15,1.0428306705898018,0.9380586544576557,All three
2024-08-16,1.036697338161355,0.9380586544576557,All three
2024-08-19,1.0372188695594027,0.9380586544576557,All three
2024-08-20,1.025172351808936,0.9373552277241445,All three
2024-08-21,1.0217848058792371,0.9342578618219566,All three
2024-08-22,1.0265756160965096,0.9386382872150824,All three
2024-08-23,1.0295943807166195,0.9413984619241796,All three
2024-08-26,1.0336996324441634,0.9451520543431977,All three
2024-08-27,1.0401490003801872,0.9510489640088565,All three
2024-08-28,1.038831507999184,0.9498443291309836,All three
2024-08-29,1.0315347053825081,0.9431725767506708,All three
2024-08-30,1.0369864770484183,0.9481573450799979,All three
2024-09-02,1.0287473687096513,0.940624005676627,All three
2024-09-03,1.0273803865470896,0.9394211031542784,All three
2024-09-04,0.9935642032311668,0.9394211031542784,All three
2024-09-05,0.9979344043925926,0.9394211031542784,All three
2024-09-06,0.9935863760079531,0.9394211031542784,All three
2024-09-09,0.9878656912244042,0.9394211031542784,All three
2024-09-10,0.986799664579011,0.9394211031542784,All three
2024-09-11,0.9863659937406898,0.9394211031542784,All three
2024-09-12,1.0003315481460016,0.9394211031542784,All three
2024-09-13,1.0022918791990103,0.9394211031542784,All three
2024-09-18,1.0031078436437018,0.9394211031542784,All three
2024-09-19,1.0142645332785027,0.9387166547545505,All three
2024-09-20,1.0182838645049532,0.9424366045698597,All three
2024-09-23,1.0173533471943499,0.9415753971941297,All three
2024-09-24,1.0481023471806226,0.9700340462517476,All three
2024-09-25,1.0570866385630686,0.9783491392823684,All three
2024-09-26,1.102123449717354,1.020031366473048,All three
2024-09-27,1.1791578273242147,1.0913278092407606,All three
2024-09-30,1.287890400697194,1.191961395638196,All three
2024-10-08,1.344906144809151,1.2447303004209695,All three
2024-10-09,1.2681682737226925,1.173708278773007,All three
2024-10-10,1.2759158232594516,1.180878749143477,All three
2024-10-11,1.2169857137658977,1.1263380712107718,All three
2024-10-14,1.2667114572079234,1.1723599737889863,All three
2024-10-15,1.235366782564109,1.1433500191266637,All three
2024-10-16,1.2212314543556015,1.1302675662020236,All three
2024-10-17,1.229366679806428,1.1377968362990358,All three
2024-10-18,1.333160103584487,1.2338591675328026,All three
2024-10-21,1.3659685530697878,1.2642238672122583,All three
2024-10-22,1.3443002028316704,1.2441694922615467,All three
2024-10-23,1.3272241441671804,1.2283653503045087,All three
2024-10-24,1.320079880764858,1.2217532300718947,All three
2024-10-25,1.3207058016220903,1.222332528976632,All three
2024-10-28,1.3300698098017751,1.230999055454803,All three
2024-10-29,1.3290160143445844,1.2300237523520001,All three
2024-10-30,1.3368580554411522,1.2372816760426004,All three
2024-10-31,1.3132668961217464,1.2154477131744406,All three
2024-11-01,1.3011585016686757,1.2042412170755437,All three
2024-11-04,1.304991857793331,1.207789044215065,All three
2024-11-05,1.3037423885694568,1.2066326421803188,All three
2024-11-06,1.3443430772995493,1.244209173208421,All three
2024-11-07,1.35695615921116,1.255882764929055,All three
2024-11-08,1.3298462007024112,1.230792101964032,All three
2024-11-11,1.3332582976400817,1.2339500475669163,All three
2024-11-12,1.3238691104414306,1.2252602175385578,All three
2024-11-13,1.3285526222817587,1.2295948762227624,All three
2024-11-14,1.278753219673218,1.1835048010089937,All three
2024-11-15,1.2417193376883657,1.1492294017726392,All three
2024-11-18,1.231824782715349,1.140071846480301,All three
2024-11-19,1.2539559910547777,1.160554603371062,All three
2024-11-20,1.2628503863843037,1.1687864962903665,All three
2024-11-21,1.2598232410848917,1.165984829056933,All three
2024-11-22,1.269704536616106,1.1751301125420213,All three
2024-11-25,1.2834320593576076,1.187835135544567,All three
2024-11-26,1.2879402863307814,1.1920075655214413,All three
2024-11-27,1.2975827859780247,1.2009318399245639,All three
2024-11-28,1.296023054169583,1.1994882853315605,All three
2024-11-29,1.296901257542437,1.2003010753930394,All three
2024-12-02,1.3013149836090285,1.2043860433992075,All three
2024-12-03,1.3137038632714486,1.2158521326602332,All three
2024-12-04,1.3141444158904096,1.2162598705502468,All three
2024-12-05,1.322971356735901,1.2244293333583491,All three
2024-12-06,1.3122158123245222,1.214474919752583,All three
2024-12-09,1.3214654633020477,1.2230356069681791,All three
2024-12-10,1.311698391502562,1.2139960392168307,All three
2024-12-11,1.312958166317397,1.2151619792266857,All three
2024-12-12,1.3237013131558568,1.2251049186974543,All three
2024-12-13,1.3206039265770622,1.2222382421329794,All three
2024-12-16,1.322932532846256,1.2243934012808522,All three
2024-12-17,1.324384222827748,1.225736961583372,All three
2024-12-18,1.3226180714125595,1.224102362626336,All three
2024-12-19,1.2974018822629585,1.2007644108913405,All three
2024-12-20,1.2730327079510892,1.178210383772572,All three
2024-12-23,1.3179473094257994,1.2197795041180197,All three
2024-12-24,1.319489176813267,1.2212065249282222,All three
2024-12-25,1.342824028560168,1.242803271390646,All three
2024-12-26,1.3518152895555544,1.2511248148999434,All three
2024-12-27,1.3385457494005135,1.2388436614771696,All three
2024-12-30,1.320052169107766,1.2217275825280938,All three
2024-12-31,1.3156398502553586,1.2176439169192272,All three
2025-01-02,1.3260576379738338,1.2272857317674892,All three
2025-01-03,1.3114474897458746,1.2140066880257887,All three
2025-01-06,1.3150176228768227,1.2140066880257887,All three
2025-01-07,1.3231371744323028,1.2140066880257887,All three
2025-01-08,1.347906775382913,1.2140066880257887,All three
2025-01-09,1.3709672161381536,1.2140066880257887,All three
2025-01-10,1.3569356158547627,1.2140066880257887,All three
2025-01-13,1.3356084936345032,1.2140066880257887,All three
2025-01-14,1.3443338650177767,1.2140066880257887,All three
2025-01-15,1.3631385164413696,1.2140066880257887,All three
2025-01-16,1.3894514466053594,1.2140066880257887,All three
2025-01-17,1.4082945664872768,1.213157019919923,All three
2025-01-20,1.4093383155220507,1.2140561439375135,All three
2025-01-21,1.4198528482810289,1.2231137512955743,All three
2025-01-22,1.4452401964373218,1.2449833518506483,All three
2025-01-23,1.436615944018964,1.2375541018827323,All three
2025-01-24,1.4550043989328185,1.2533945969716729,All three
2025-01-27,1.3990241114289896,1.2051711071006574,All three
2025-02-05,1.4103654572381166,1.214940961796611,All three
2025-02-06,1.43095673659952,1.232679051327644,All three
2025-02-07,1.4458423598175294,1.2455020776550516,All three
2025-02-10,1.4363259839481128,1.2373043195546451,All three
2025-02-11,1.4135002359727025,1.217641376126295,All three
2025-02-12,1.437101430950612,1.2379723182795173,All three
2025-02-13,1.4445885394267217,1.244421990402694,All three
2025-02-14,1.4837316238006062,1.278141290838499,All three
2025-02-17,1.514476267498476,1.304625863892019,All three
2025-02-18,1.5335098635729232,1.321022107434754,All three
2025-02-19,1.5635775399139968,1.3469235157721005,All three
2025-02-20,1.547365229803337,1.3329576322929615,All three
2025-02-21,1.6256629787116985,1.4004062087431535,All three
2025-02-24,1.6170535737489993,1.3929897489226173,All three
2025-02-25,1.5887256609025964,1.3685870371980287,All three
2025-02-26,1.6547632189516341,1.4254742318460836,All three
2025-02-27,1.6503463705098658,1.4216693952582247,All three
2025-02-28,1.5822532598577213,1.3630114715811614,All three
2025-03-03,1.5794625878693378,1.3606074835281181,All three
2025-03-04,1.5847662010823933,1.3651762120835418,All three
2025-03-05,1.6149545446661961,1.3911815676461885,All three
2025-03-06,1.6547194026350387,1.4254364868505907,All three
2025-03-07,1.6457856047392392,1.4177405829610594,All three
2025-03-10,1.6159046459565558,1.3920000200335394,All three
2025-03-11,1.628148522627862,1.4025473481908004,All three
2025-03-12,1.6219057578957432,1.3971695997859557,All three
2025-03-13,1.618337883366053,1.3940961007219896,All three
2025-03-14,1.6445271524424845,1.4166565056136262,All three
2025-03-17,1.6467929977077207,1.4186083885186564,All three
2025-03-18,1.654026751247545,1.4248398113303613,All three
2025-03-19,1.650137285280094,1.4214892815090876,All three
2025-03-20,1.6412951828499394,1.4138723674846665,All three
2025-03-21,1.6243552018782597,1.3992796414157425,All three
2025-03-24,1.6305039406894732,1.404576392415133,All three
2025-03-25,1.6433158084469495,1.4156130090989825,All three
2025-03-26,1.639574688185187,1.4123902697545836,All three
2025-03-27,1.6345073214212973,1.4080250526271358,All three
2025-03-28,1.6256448133042758,1.4003905603894218,All three
2025-03-31,1.6200485909581788,1.395569767505775,All three
2025-04-01,1.6397010445245424,1.4124991177781065,All three
2025-04-02,1.6390644636064942,1.4119507434338074,All three
2025-04-03,1.6478728110414524,1.419538579657068,All three
2025-04-07,1.548055878177009,1.3335525823430117,All three
2025-04-08,1.5827180321227212,1.3637528670706796,All three
2025-04-09,1.584410962974352,1.3637528670706796,All three
2025-04-10,1.627137060091119,1.3637528670706796,All three
2025-04-11,1.652044698976845,1.3637528670706796,All three
2025-04-14,1.7073491569354018,1.3637528670706796,All three
2025-04-15,1.6897364588669486,1.3637528670706796,All three
2025-04-16,1.6547437827285145,1.3637528670706796,All three
2025-04-17,1.653486968272675,1.3637528670706796,All three
2025-04-18,1.6470650742293593,1.3637528670706796,All three
2025-04-21,1.6725053017859681,1.3637528670706796,All three
2025-04-22,1.7267310247736392,1.3627302228894849,All three
2025-04-23,1.7262062353572856,1.3623160608757972,All three
2025-04-24,1.7274423569621584,1.3632916038213738,All three
2025-04-25,1.7275397368453438,1.3633684556923455,All three
2025-04-28,1.7242106235637633,1.3607411308692292,All three
2025-04-29,1.7196055025393073,1.3571067850967529,All three
2025-04-30,1.716043371531545,1.3542955634805747,All three
2025-05-06,1.731874756318973,1.3667896382440998,All three
2025-05-07,1.744124136888247,1.3764568075217314,All three
2025-05-08,1.7545719528274548,1.3847021881509531,All three
2025-05-09,1.7520865457564785,1.3827407133855094,All three
2025-05-12,1.771388943157634,1.397974099440078,All three
2025-05-13,1.7607486979073785,1.3895768542562892,All three
2025-05-14,1.781316826715929,1.405809151211381,All three
2025-05-15,1.768896888084292,1.3960073780938898,All three
2025-05-16,1.775760048341467,1.401423760710987,All three
2025-05-19,1.766974965870435,1.3944906036517273,All three
2025-05-20,1.7887843481022256,1.4117024935659113,All three
2025-05-21,1.7829199823521973,1.4070743561600352,All three
2025-05-22,1.7753844354789767,1.4011273283237315,All three
2025-05-23,1.7736900849860409,1.3997901527058938,All three
2025-05-26,1.7803652987233787,1.405058208571925,All three
2025-05-27,1.7752110430544785,1.4009904876149624,All three
2025-05-28,1.7862568556499947,1.4097078051614262,All three
2025-05-29,1.7886777110811083,1.4116183359933243,All three
2025-05-30,1.7826981920931468,1.406899320045658,All three
2025-06-03,1.7869366261184028,1.4102442776916797,All three
2025-06-04,1.7897545844127245,1.4124682007459481,All three
2025-06-05,1.7841785093516374,1.4080675813664245,All three
2025-06-06,1.7958541966824988,1.4172819939011492,All three
2025-06-09,1.7981910863647674,1.4191262592510487,All three
2025-06-10,1.845472679725485,1.45644073112571,All three
2025-06-11,1.8518753776096355,1.4614937184118484,All three
2025-06-12,1.9192242475949035,1.514645216409871,All three
2025-06-13,1.881653481124789,1.4849944959262567,All three
2025-06-16,1.8740930969619227,1.479027866585857,All three
2025-06-17,1.8076643039497884,1.4266024901902643,All three
2025-06-18,1.8078996643453888,1.4267882358100246,All three
2025-06-19,1.754409422224247,1.3845739195544213,All three
2025-06-20,1.7638917768066877,1.3920573613807712,All three
2025-06-23,1.814562264750987,1.4320463372777588,All three
2025-06-24,1.7977433012507937,1.418772868769603,All three
2025-06-25,1.819313190129685,1.4357957513482527,All three
2025-06-26,1.8275641864720844,1.4423074094602693,All three
2025-06-27,1.7921981938835667,1.4143966889882282,All three
2025-06-30,1.7858253213893207,1.4093672397978607,All three
2025-07-01,1.801590192215044,1.4218088219701495,All three
2025-07-02,1.8139598095028657,1.4315708816550972,All three
2025-07-03,1.8194324396557737,1.4358898626666543,All three
2025-07-04,1.8443861084265347,1.4555832127704134,All three
2025-07-07,1.8490061473982689,1.4592293317358929,All three
2025-07-08,1.858313461462582,1.4665746321836142,All three
2025-07-09,1.862741200741648,1.4700689888889087,All three
2025-07-10,1.873777356179776,1.4787786850397695,All three
2025-07-11,1.8732456893935487,1.478359095429284,All three
2025-07-14,1.8831877126135146,1.4862053061732492,All three
2025-07-15,1.8665200496020526,1.473051243493664,All three
2025-07-16,1.8652646674773699,1.4720605002116844,All three
2025-07-17,1.870868926554859,1.4764833623206213,All three
2025-07-18,1.8815380822013719,1.4849034234903224,All three
2025-07-21,1.911812746361621,1.5087960849686262,All three
2025-07-22,1.9264690801828197,1.5203628135258564,All three
2025-07-23,1.935166912474238,1.5272271130415807,All three
2025-07-24,1.9544571273014302,1.542450884650417,All three
2025-07-25,1.9490249987083073,1.5381638673314102,All three
2025-07-28,1.9567893638774108,1.5442914777847376,All three
2025-07-29,1.966099477037004,1.5516389872688867,All three
2025-07-30,1.9505125976686146,1.539337875346362,All three
2025-07-31,1.9256901426063797,1.5197480786528914,All three
2025-08-01,1.9233338132992264,1.5178884716174765,All three
2025-08-04,1.9352327555229012,1.5272790761505382,All three
2025-08-05,1.944227017205205,1.5343773167283714,All three
2025-08-06,1.967689670835398,1.5528939627793934,All three
2025-08-07,1.9609807687998226,1.5475993202235376,All three
2025-08-08,1.9374774150086869,1.5290505537446104,All three
2025-08-11,1.9746103764201284,1.5583557599723108,All three
2025-08-12,1.9919485859613812,1.5720390156813195,All three
2025-08-13,2.0268080247957463,1.5995499656619538,All three
2025-08-14,2.008241209216067,1.58489709826672,All three
2025-08-15,2.0566309616733656,1.623086125512782,All three
2025-08-18,2.1083508518038747,1.6639032860283338,All three
2025-08-19,2.0987718817025702,1.6563435955647225,All three
2025-08-20,2.1197210039479675,1.6728765712379614,All three
2025-08-21,2.128110649751957,1.6794976510311697,All three
2025-08-22,2.172374661654608,1.7144306579330348,All three
2025-08-25,2.2190279994898616,1.751249312694339,All three
2025-08-26,2.204877514435974,1.7400817982553103,All three
2025-08-27,2.175585760470835,1.7169648461434603,All three
2025-08-28,2.212241656486728,1.745893553991575,All three
2025-08-29,2.231452836498323,1.7610549515940779,All three
2025-09-01,2.234434605004686,1.7634081531077963,All three
2025-09-02,2.153322500148865,1.6993947571918349,All three
2025-09-03,2.1473220577935828,1.6946592285941937,All three
2025-09-04,2.0341196048871155,1.6053202396795254,All three
2025-09-05,2.13446069354337,1.6845090838872887,All three
2025-09-08,2.117376975848367,1.6710266722735028,All three
2025-09-09,2.0779331515049995,1.6398977409183155,All three
2025-09-10,2.1133086280748525,1.6678159461160111,All three
2025-09-11,2.2423773709730495,1.7696765568621367,All three
2025-09-12,2.2277578626226227,1.7581388908405717,All three
2025-09-15,2.226671019704656,1.7572811581244758,All three
2025-09-16,2.2440733694296973,1.771015033047303,All three
2025-09-17,2.305466310103754,1.8194661319899221,All three
2025-09-18,2.265378125751036,1.7878286739177391,All three
2025-09-19,2.2682698177885396,1.7901107873901092,All three
2025-09-22,2.2617493352605957,1.784964844865669,All three
2025-09-23,2.244586095019496,1.771419674330307,All three
2025-09-24,2.2931435432770355,1.8097410465287456,All three
2025-09-25,2.305027695196385,1.819119978604186,All three
2025-09-26,2.261859872899908,1.7850520807928036,All three
2025-09-29,2.2850152335526226,1.8033262122763085,All three
2025-09-30,2.302727280843709,1.8173044994597307,All three
2025-10-09,2.3664026040934645,1.8675568469300465,All three
2025-10-10,2.2584064078225183,1.7823266179574615,All three
2025-10-13,2.30934454254428,1.8225268197764224,All three
2025-10-14,2.1866057038877136,1.7256617478225633,All three
2025-10-15,2.1998394281924183,1.7361057578117693,All three
2025-10-16,2.1869477359114953,1.725931678326687,All three
2025-10-17,2.10748953735569,1.6632235396097468,All three
2025-10-20,2.1192812412739865,1.672529512038738,All three
2025-10-21,2.1661036668815052,1.7094816102919816,All three
2025-10-22,2.163114734831115,1.7071227553338022,All three
2025-10-23,2.1780807632237265,1.7189338937882743,All three
2025-10-24,2.1651606763640916,1.7087374053987232,All three
2025-10-27,2.17789397702692,1.7187864827601784,All three
2025-10-28,2.1707646614011837,1.713160051235916,All three
2025-10-29,2.1733766425012786,1.7152214177925178,All three
2025-10-30,2.1669437578214987,1.710144607190445,All three
2025-10-31,2.1635090283199565,1.7074339304075246,All three
2025-11-03,2.1943386864947874,1.7317645912652004,All three
2025-11-04,2.1912954894792143,1.7293629105819728,All three
2025-11-05,2.1594388211765994,1.7042217368417083,All three
2025-11-06,2.187558494009338,1.72641368652997,All three
2025-11-07,2.1549474809652365,1.7006771864980288,All three
2025-11-10,2.177725937202345,1.718653866304974,All three
2025-11-11,2.1606291942357565,1.7051611751913724,All three
2025-11-12,2.150244315890691,1.6969654646963306,All three
2025-11-13,2.1642057278967015,1.707983763332215,All three
2025-11-14,2.1152136620651554,1.6693193924298673,All three
2025-11-17,2.1290042608409006,1.6802028858482552,All three
2025-11-18,2.1127503069702587,1.6673753210085727,All three
2025-11-19,2.1201806769448726,1.6732393435959847,All three
2025-11-20,2.1106352009906377,1.66570608659876,All three
2025-11-21,2.052429316359208,1.6197702013918176,All three
2025-11-24,2.049024959311161,1.6170834944453847,All three
2025-11-25,2.063324099962507,1.6283683273738319,All three
2025-11-26,2.059483646697472,1.6253374547835027,All three
2025-11-27,2.066330625471202,1.6307410670291724,All three
2025-11-28,2.0725320995477197,1.6356352491740977,All three
2025-12-01,2.084211274470424,1.6448524141043848,All three
2025-12-02,2.086771780282285,1.6468731565394523,All three
2025-12-03,2.0746370503882545,1.6372964691828538,All three
2025-12-04,2.1036403728375963,1.6601857921282779,All three
2025-12-05,2.1231859517526526,1.6756110962024373,All three
2025-12-08,2.2098811681803787,1.7440306646882096,All three
2025-12-09,2.257502670391958,1.781613391466183,All three
2025-12-10,2.2714646384830193,1.7926321289624885,All three
2025-12-11,2.2086811933790536,1.743083648676445,All three
2025-12-12,2.2303572283829336,1.7601903014141342,All three
2025-12-15,2.192627353155573,1.7304140128431256,All three
2025-12-16,2.131109680663342,1.681864475975929,All three
2025-12-17,2.1230756609879355,1.67552405510789,All three
2025-12-18,2.174674099863053,1.7162453667077995,All three
2025-12-19,2.19802872967594,1.7346767607314222,All three
2025-12-22,2.2198566206294186,1.7519032576655007,All three
2025-12-23,2.151909505410633,1.698279626573952,All three
2025-12-24,2.2391342586313745,1.767117103686847,All three
2025-12-25,2.342059468795702,1.8483453277564112,All three
2025-12-26,2.3973952933203058,1.8920161713367376,All three
2025-12-29,2.436812634138064,1.9231242019840336,All three
2025-12-30,2.419235828690574,1.9092526472013287,All three
2025-12-31,2.5024681982837396,1.974939348801066,All three
2026-01-05,2.559199705915848,2.019711660719475,All three
2026-01-06,2.697179494862128,2.128604838549333,All three
2026-01-07,2.668415151383094,2.1059041169904598,All three
2026-01-08,2.7422865556862637,2.164203176778544,All three
2026-01-09,2.8405718439970746,2.241769590380284,All three
2026-01-12,3.002710003799753,2.3697284719181657,All three
2026-01-13,2.8745730497621187,2.2686032257559985,All three
2026-01-14,2.892184408997833,2.2825020502702666,All three
2026-01-15,2.755556820308812,2.1746760242616996,All three
2026-01-16,2.7228418675384525,2.1488574953530555,All three
2026-01-19,2.7185219390263327,2.145448222536544,All three
2026-01-20,2.718558416165156,2.1454770101698264,All three
2026-01-21,2.76987522393766,2.1859760594661513,All three
2026-01-22,2.7657585047500395,2.1827271587539783,All three
2026-01-23,2.828444682707137,2.2321988761401665,All three
2026-01-26,2.922190736857812,2.3061829416575543,All three
2026-01-27,2.899803675681092,2.2885151494945033,All three
2026-01-28,3.0335406673697705,2.3940599262302857,All three
2026-01-29,3.073246277072654,2.425395457696436,All three
2026-01-30,2.944781360428273,2.3240113845659813,All three
2026-02-02,2.725152584458572,2.150681105248523,All three
2026-02-03,2.8105925753665115,2.218110054044364,All three
2026-02-04,2.828156226544813,2.2319712275227857,All three
2026-02-05,2.7399905153985205,2.162391149631183,All three
2026-02-06,2.7519698299718263,2.1718451837478656,All three
2026-02-09,2.7992201396499756,2.2091349666471696,All three
2026-02-10,2.802863433726545,2.2120102418798395,All three
2026-02-11,2.837386802969125,2.239255966887302,All three
2026-02-12,2.8608474800986623,2.2577710530907624,All three
2026-02-13,2.851236466838551,2.2501860742757427,All three
2026-02-24,2.8405800205188925,2.2417760432633553,All three
2026-02-25,2.844114937764521,2.244565787871472,All three
2026-02-26,2.8321547629313675,2.2351268587723,All three
2026-02-27,2.8450427850008966,2.245298041739095,All three
2026-03-02,2.8359759957220882,2.2381425626299944,All three
2026-03-03,2.8101927535346567,2.217794516021231,All three
2026-03-04,2.754375947536659,2.1737440835060675,All three
2026-03-05,2.7914232605354594,2.202981696299253,All three
2026-03-06,2.801229682122955,2.210720890698351,All three
2026-03-09,2.837038974179843,2.2389814615956594,All three
2026-03-10,2.812039123732,2.2192516650701934,All three
2026-03-11,2.864377727448525,2.2605571122331036,All three
2026-03-12,2.9244034710621403,2.307929223928619,All three
2026-03-13,2.872290862683587,2.266802131513998,All three
2026-03-16,2.8061077464088715,2.214570642359868,All three
2026-03-17,2.7875917059355664,2.1999578465050385,All three
2026-03-18,2.7915823834846667,2.2031072755868943,All three
2026-03-19,2.8118022414349473,2.2190647183710084,All three
2026-03-20,2.819590936752582,2.2252115300943984,All three
2026-03-23,2.732367066857124,2.1563747500987978,All three
2026-03-24,2.77953432175265,2.193598986447531,All three
2026-03-25,2.7991628150560213,2.209089726273553,All three
2026-03-26,2.8039532619394425,2.2128703305804924,All three
2026-03-27,2.7989029597201203,2.2088846493306296,All three
2026-03-30,2.8103415732752897,2.2179119640518827,All three
2026-03-31,2.8243375960176276,2.2289575773625794,All three
2026-04-01,2.8254737990431282,2.229854264906831,All three
2026-04-02,2.835267301127813,2.2375832632784687,All three
2026-04-03,2.804228620303325,2.2136411911450673,All three
2026-04-07,2.8067686281550466,2.2136411911450673,All three
2026-04-08,2.820182294876587,2.2136411911450673,All three
2026-04-09,2.7720998455600614,2.2136411911450673,All three
2026-04-10,2.772861473800374,2.2136411911450673,All three
2026-04-13,2.7601517623127902,2.2136411911450673,All three
2026-04-14,2.7696565405973557,2.2136411911450673,All three
2026-04-15,2.887921406798777,2.2136411911450673,All three
2026-04-16,2.8975590217608547,2.2136411911450673,All three
2026-04-17,2.8598347049711212,2.2136411911450673,All three
2026-04-20,2.8432914302905736,2.211981236956858,All three
2026-04-21,2.8293098108273673,2.201104026275812,All three
2026-04-22,2.9224406062658077,2.273556526184217,All three
2026-04-23,2.874090523581061,2.2359418537786375,All three
2026-04-24,2.865763279168816,2.2294635490226744,All three
2026-04-27,2.9407271067767025,2.2877827836788867,All three
2026-04-28,2.8890348752323973,2.2475680364129875,All three
2026-04-29,2.9085734351453456,2.262768352308915,All three
2026-04-30,3.011471239672223,2.3428192435094153,All three
2026-05-06,3.126376382009566,2.4322114233515237,All three
2026-05-07,3.215953365452648,2.5018991818867233,All three
2026-05-08,3.1977222781085306,2.4877160338967235,All three
2026-05-11,3.2319170496728162,2.5143183695899367,All three
2026-05-12,3.2294106488230447,2.512368477435751,All three
2026-05-13,3.2327763094925905,2.5149868436614873,All three
2026-05-14,3.1878594938650586,2.4800431328854877,All three
2026-05-15,3.1659633737291055,2.463008717634593,All three
2026-05-18,3.145431957606787,2.447035994350972,All three
2026-05-19,3.1638673764708405,2.461378105113272,All three
2026-05-20,3.158625349361636,2.4572999914575093,All three
2026-05-21,3.113453851854539,2.422158147091338,All three
2026-05-22,3.1439196783714753,2.445859494025359,All three
2026-05-25,3.3034820757922727,2.569993455623023,All three
2026-05-26,3.224339793662953,2.5084235295665476,All three
2026-05-27,3.1091156264913526,2.41878315956708,All three
2026-05-28,3.15271534559733,2.4527022153387064,All three
2026-05-29,2.971411683759463,2.3116543108205447,All three
2026-06-01,2.816964055547076,2.1914994606849834,All three
2026-06-02,2.8617248877416426,2.226321821808492,All three
2026-06-03,2.937676236573164,2.285409313420184,All three
2026-06-04,3.044248859884138,2.3683190850411155,All three
2026-06-05,2.9593739440288007,2.302289370548883,All three
2026-06-08,2.856911229763156,2.22257696434643,All three
2026-06-09,2.9684210267006925,2.3093276842814214,All three
2026-06-10,2.859713165830451,2.2247567725581314,All three
2026-06-11,2.85870137718239,2.2239696363956427,All three
2026-06-12,2.8973969706311227,2.2540734540168845,All three
2026-06-15,3.0237686661688223,2.3523862109977083,All three
2026-06-16,3.0438381797282834,2.3679995902508657,All three
2026-06-17,3.0552220918495148,2.3768558755218967,All three
2026-06-18,3.071702521846669,2.3896770733570265,All three
2026-06-22,3.1658534320072866,2.4629231868222274,All three
2026-06-23,3.161741085857523,2.4597239254217804,All three
2026-06-24,3.3350471986858277,2.5945500166701763,All three
2026-06-25,3.433616400670111,2.6712334065641077,All three
2026-06-26,3.540280788570502,2.754214567824471,All three
2026-06-29,3.856855892833147,3.0004989209711583,All three
2026-06-30,3.994569197350782,3.107635052859406,All three
2026-07-01,4.014382331565448,3.1230489779538413,All three
2026-07-02,3.616549305143158,2.8135488048400585,All three
2026-07-03,3.5021363243713934,2.7245395094736717,All three
2026-07-06,3.5020032948344344,2.7244360171490447,All three
2026-07-07,3.3499702380666903,2.6061596191038823,All three
2026-07-08,3.310977289066696,2.575824469269175,All three
2026-07-09,3.361282710503597,2.61496032680041,All three
2026-07-10,3.447487687193209,2.6820247820786496,All three
2026-07-13,3.374092006743833,2.624925511037303,All three
2026-07-14,3.444286246169971,2.679534172991173,All three
2026-07-15,3.573303086908643,2.7799047603763105,All three
2026-07-16,3.5367445221769453,2.7514634763154913,All three
2026-07-17,3.2978730290322256,2.5656298135220887,All three
2026-07-20,3.3920885895885906,2.6389262227328585,All three
2026-07-21,3.393726607187841,2.6402005431056303,All three
2026-07-22,3.3234728654775645,2.585545590456874,All three
2026-07-23,3.3638784032018134,2.6169796848880797,All three
2026-07-24,3.3052637076206035,2.5713795028404993,All three
2026-07-27,3.364811249281352,2.61770540649471,All three
2026-07-28,3.370607115406643,2.622214387524399,All three
2026-07-29,3.4542676797960916,2.6872993790701893,All three
2026-07-30,3.456985717014096,2.6894139169130313,All three
2026-07-31,3.4469288923979087,2.681590059281912,All three
2026-08-03,3.4271769447614444,2.666223735204205,All three
2026-08-04,3.3617267949307887,2.615305808944838,All three
2026-08-05,3.3417187535232387,2.5997402528747613,All three
2026-08-06,3.328580980115857,2.5895195248962897,All three
2026-08-07,3.3140861679704408,2.5782430682667288,All three
2026-08-10,3.336219057910035,2.595461682139528,All three
2026-08-11,3.331296932116097,2.591632440512679,All three
2026-08-12,3.3150723934084554,2.5790103171463397,All three
2026-08-13,3.313569702130633,2.57784127591614,All three
2026-08-14,3.310168269820424,2.575195080605731,All three
2026-08-17,3.3935293990146516,2.6400471220478297,All three
2026-08-18,3.3863417069513706,2.6344553491428004,All three
2026-08-19,3.207587381436369,2.4953907390744425,All three
2026-08-20,3.2453189595556933,2.5247445865033664,All three
2026-08-21,3.252364445075161,2.5302257276935687,All three
2026-08-24,3.210766664771219,2.4978641102557217,All three
2026-08-25,3.2410373903228855,2.5214136754659657,All three
2026-08-26,3.239965819125139,2.520580030571803,All three
2026-08-27,3.3117761560460397,2.5764459598242073,All three
2026-08-28,3.3056731477589394,2.571698032940512,All three
2026-08-31,3.3043195544647275,2.5706449847241495,All three
2026-09-01,3.3031509993342887,2.569735889724128,All three
2026-09-02,3.269765108775568,2.543762835147926,All three
2026-09-03,3.266172423141372,2.5409678514440164,All three
2026-09-04,3.275220191487845,2.5480066986073857,All three
2026-09-07,3.2485650363240217,2.5272699206385774,All three
2026-09-08,3.282592870925819,2.5537423852166294,All three
2026-09-09,3.311689984553216,2.576378921418206,All three
2026-09-10,3.2943310190952784,2.562874253737335,All three
2026-09-11,3.2606875850676467,2.5367008393545856,All three
