rule,year,signal_date,execution_date,holding_end_date,flagged,indicators_available,outcome,subsequent_net_return,participation,top10_mom10,median60,participation_threshold,mom10_threshold
Low participation,2022,2022-01-12T00:00:00,2022-01-13T00:00:00,2022-01-27T00:00:00,True,True,Correct warning (loss),-0.0259426234620928,0.2183098591549295,1.652073750256848,-0.0131413826334703,0.4513392316082898,1.4726844886460655
Low participation,2022,2022-01-26T00:00:00,2022-01-27T00:00:00,2022-02-17T00:00:00,True,True,False alarm (non-loss),0.0012522477514902,0.0602836879432624,0.2023914098778084,-0.0354813711251022,0.4513392316082898,1.4726844886460655
Low participation,2022,2022-02-16T00:00:00,2022-02-17T00:00:00,2022-03-03T00:00:00,True,True,False alarm (non-loss),0.0317384032264731,0.2544802867383512,0.897176222297286,-0.0684410646387833,0.4513392316082898,1.4726844886460655
Low participation,2022,2022-03-02T00:00:00,2022-03-03T00:00:00,2022-03-17T00:00:00,False,True,Not flagged,-0.0328758598773029,0.5333333333333333,2.85852595791638,-0.0941780821917807,0.4513392316082898,1.4726844886460655
Low participation,2022,2022-03-16T00:00:00,2022-03-17T00:00:00,2022-03-31T00:00:00,True,True,Unassessable outcome,,0.0069686411149825,-0.2688694286052249,-0.1818958155422716,0.4513392316082898,1.4726844886460655
Low participation,2022,2022-03-30T00:00:00,2022-03-31T00:00:00,2022-04-18T00:00:00,False,True,Not flagged,-0.0271953514835687,0.7526501766784452,2.893617969573187,-0.1438038436050364,0.4513392316082898,1.4726844886460655
Low participation,2022,2022-04-15T00:00:00,2022-04-18T00:00:00,2022-05-05T00:00:00,True,True,Correct warning (loss),-0.0385159705891748,0.1920289855072463,1.1201709750587854,-0.1591836734693877,0.4513392316082898,1.4726844886460655
Low participation,2022,2022-04-29T00:00:00,2022-05-05T00:00:00,2022-05-19T00:00:00,True,True,Correct warning (loss),-0.0228990934353527,0.104089219330855,0.6632203925454904,-0.1668316831683168,0.4513392316082898,1.4726844886460655
Low participation,2022,2022-05-18T00:00:00,2022-05-19T00:00:00,2022-06-02T00:00:00,False,True,Not flagged,0.0373020323218971,0.5353159851301115,1.798079107863458,-0.1350881719397826,0.4513392316082898,1.4726844886460655
Low participation,2022,2022-06-01T00:00:00,2022-06-02T00:00:00,2022-06-17T00:00:00,False,True,Not flagged,0.0499097188798676,0.9424460431654677,1.350422078188542,-0.1104972375690607,0.4513392316082898,1.4726844886460655
Low participation,2022,2022-06-16T00:00:00,2022-06-17T00:00:00,2022-07-01T00:00:00,False,True,Not flagged,0.0164139954407169,0.9321428571428572,2.062755312647343,0.026757934038581,0.4513392316082898,1.4726844886460655
Low participation,2022,2022-06-30T00:00:00,2022-07-01T00:00:00,2022-07-15T00:00:00,False,True,Not flagged,-0.0487116655183352,0.9554794520547946,2.2894462310639137,0.0372549019607844,0.4513392316082898,1.4726844886460655
Low participation,2022,2022-07-14T00:00:00,2022-07-15T00:00:00,2022-07-29T00:00:00,True,True,Correct warning (loss),-0.0103655514396425,0.2294520547945205,0.8786835124238823,0.0534154376976159,0.4513392316082898,1.4726844886460655
Low participation,2022,2022-07-28T00:00:00,2022-07-29T00:00:00,2022-08-12T00:00:00,True,True,False alarm (non-loss),0.0281129399414516,0.3367697594501718,1.4106783966355367,0.0829694323144103,0.4513392316082898,1.4726844886460655
Low participation,2022,2022-08-11T00:00:00,2022-08-12T00:00:00,2022-08-26T00:00:00,True,True,Correct warning (loss),-0.0542563492594243,0.4161073825503356,1.3366370158173388,0.085050896378756,0.4513392316082898,1.4726844886460655
Low participation,2022,2022-08-25T00:00:00,2022-08-26T00:00:00,2022-09-09T00:00:00,True,True,False alarm (non-loss),0.0007216318875959,0.1447811447811448,1.524682045295524,0.0272108843537415,0.4513392316082898,1.4726844886460655
Low participation,2022,2022-09-08T00:00:00,2022-09-09T00:00:00,2022-09-26T00:00:00,True,True,Correct warning (loss),-0.0771729240204437,0.1633333333333333,1.0257605109910295,-0.0337301587301586,0.4513392316082898,1.4726844886460655
Low participation,2022,2022-09-23T00:00:00,2022-09-26T00:00:00,2022-10-17T00:00:00,True,True,Correct warning (loss),-0.0222983562312972,0.0299003322259136,0.1389097312653686,-0.1320224719101123,0.4513392316082898,1.4726844886460655
Low participation,2022,2022-10-14T00:00:00,2022-10-17T00:00:00,2022-10-31T00:00:00,True,True,Correct warning (loss),-0.0351813084384495,0.3967213114754098,1.4793529890608037,-0.10543118602006,0.4513392316082898,1.4726844886460655
Low participation,2022,2022-10-28T00:00:00,2022-10-31T00:00:00,2022-11-14T00:00:00,True,True,Correct warning (loss),-0.0026224746294934,0.1245901639344262,1.1637167798433496,-0.1450276243093922,0.4513392316082898,1.4726844886460655
Low participation,2022,2022-11-11T00:00:00,2022-11-14T00:00:00,2022-11-28T00:00:00,False,True,Not flagged,-0.0038475240184175,0.970873786407767,2.3474470600021293,-0.0901122975688561,0.4513392316082898,1.4726844886460655
Low participation,2022,2022-11-25T00:00:00,2022-11-28T00:00:00,2022-12-12T00:00:00,True,True,False alarm (non-loss),0.0148387695050333,0.3462783171521035,1.5103571711925263,-0.0699603023546686,0.4513392316082898,1.4726844886460655
Low participation,2022,2022-12-09T00:00:00,2022-12-12T00:00:00,2022-12-26T00:00:00,False,True,Not flagged,-0.0005945779943685,0.896551724137931,3.078260241142192,-0.0104852475006097,0.4513392316082898,1.4726844886460655
Low participation,2022,2022-12-23T00:00:00,2022-12-26T00:00:00,2023-01-10T00:00:00,True,True,False alarm (non-loss),0.0370661997848476,0.01875,0.3287795431481295,-0.0075926753014737,0.4513392316082898,1.4726844886460655
Weak Top10 MOM10,2022,2022-01-12T00:00:00,2022-01-13T00:00:00,2022-01-27T00:00:00,False,True,Not flagged,-0.0259426234620928,0.2183098591549295,1.652073750256848,-0.0131413826334703,0.4513392316082898,1.4726844886460655
Weak Top10 MOM10,2022,2022-01-26T00:00:00,2022-01-27T00:00:00,2022-02-17T00:00:00,True,True,False alarm (non-loss),0.0012522477514902,0.0602836879432624,0.2023914098778084,-0.0354813711251022,0.4513392316082898,1.4726844886460655
Weak Top10 MOM10,2022,2022-02-16T00:00:00,2022-02-17T00:00:00,2022-03-03T00:00:00,True,True,False alarm (non-loss),0.0317384032264731,0.2544802867383512,0.897176222297286,-0.0684410646387833,0.4513392316082898,1.4726844886460655
Weak Top10 MOM10,2022,2022-03-02T00:00:00,2022-03-03T00:00:00,2022-03-17T00:00:00,False,True,Not flagged,-0.0328758598773029,0.5333333333333333,2.85852595791638,-0.0941780821917807,0.4513392316082898,1.4726844886460655
Weak Top10 MOM10,2022,2022-03-16T00:00:00,2022-03-17T00:00:00,2022-03-31T00:00:00,True,True,Unassessable outcome,,0.0069686411149825,-0.2688694286052249,-0.1818958155422716,0.4513392316082898,1.4726844886460655
Weak Top10 MOM10,2022,2022-03-30T00:00:00,2022-03-31T00:00:00,2022-04-18T00:00:00,False,True,Not flagged,-0.0271953514835687,0.7526501766784452,2.893617969573187,-0.1438038436050364,0.4513392316082898,1.4726844886460655
Weak Top10 MOM10,2022,2022-04-15T00:00:00,2022-04-18T00:00:00,2022-05-05T00:00:00,True,True,Correct warning (loss),-0.0385159705891748,0.1920289855072463,1.1201709750587854,-0.1591836734693877,0.4513392316082898,1.4726844886460655
Weak Top10 MOM10,2022,2022-04-29T00:00:00,2022-05-05T00:00:00,2022-05-19T00:00:00,True,True,Correct warning (loss),-0.0228990934353527,0.104089219330855,0.6632203925454904,-0.1668316831683168,0.4513392316082898,1.4726844886460655
Weak Top10 MOM10,2022,2022-05-18T00:00:00,2022-05-19T00:00:00,2022-06-02T00:00:00,False,True,Not flagged,0.0373020323218971,0.5353159851301115,1.798079107863458,-0.1350881719397826,0.4513392316082898,1.4726844886460655
Weak Top10 MOM10,2022,2022-06-01T00:00:00,2022-06-02T00:00:00,2022-06-17T00:00:00,True,True,False alarm (non-loss),0.0499097188798676,0.9424460431654677,1.350422078188542,-0.1104972375690607,0.4513392316082898,1.4726844886460655
Weak Top10 MOM10,2022,2022-06-16T00:00:00,2022-06-17T00:00:00,2022-07-01T00:00:00,False,True,Not flagged,0.0164139954407169,0.9321428571428572,2.062755312647343,0.026757934038581,0.4513392316082898,1.4726844886460655
Weak Top10 MOM10,2022,2022-06-30T00:00:00,2022-07-01T00:00:00,2022-07-15T00:00:00,False,True,Not flagged,-0.0487116655183352,0.9554794520547946,2.2894462310639137,0.0372549019607844,0.4513392316082898,1.4726844886460655
Weak Top10 MOM10,2022,2022-07-14T00:00:00,2022-07-15T00:00:00,2022-07-29T00:00:00,True,True,Correct warning (loss),-0.0103655514396425,0.2294520547945205,0.8786835124238823,0.0534154376976159,0.4513392316082898,1.4726844886460655
Weak Top10 MOM10,2022,2022-07-28T00:00:00,2022-07-29T00:00:00,2022-08-12T00:00:00,True,True,False alarm (non-loss),0.0281129399414516,0.3367697594501718,1.4106783966355367,0.0829694323144103,0.4513392316082898,1.4726844886460655
Weak Top10 MOM10,2022,2022-08-11T00:00:00,2022-08-12T00:00:00,2022-08-26T00:00:00,True,True,Correct warning (loss),-0.0542563492594243,0.4161073825503356,1.3366370158173388,0.085050896378756,0.4513392316082898,1.4726844886460655
Weak Top10 MOM10,2022,2022-08-25T00:00:00,2022-08-26T00:00:00,2022-09-09T00:00:00,False,True,Not flagged,0.0007216318875959,0.1447811447811448,1.524682045295524,0.0272108843537415,0.4513392316082898,1.4726844886460655
Weak Top10 MOM10,2022,2022-09-08T00:00:00,2022-09-09T00:00:00,2022-09-26T00:00:00,True,True,Correct warning (loss),-0.0771729240204437,0.1633333333333333,1.0257605109910295,-0.0337301587301586,0.4513392316082898,1.4726844886460655
Weak Top10 MOM10,2022,2022-09-23T00:00:00,2022-09-26T00:00:00,2022-10-17T00:00:00,True,True,Correct warning (loss),-0.0222983562312972,0.0299003322259136,0.1389097312653686,-0.1320224719101123,0.4513392316082898,1.4726844886460655
Weak Top10 MOM10,2022,2022-10-14T00:00:00,2022-10-17T00:00:00,2022-10-31T00:00:00,False,True,Not flagged,-0.0351813084384495,0.3967213114754098,1.4793529890608037,-0.10543118602006,0.4513392316082898,1.4726844886460655
Weak Top10 MOM10,2022,2022-10-28T00:00:00,2022-10-31T00:00:00,2022-11-14T00:00:00,True,True,Correct warning (loss),-0.0026224746294934,0.1245901639344262,1.1637167798433496,-0.1450276243093922,0.4513392316082898,1.4726844886460655
Weak Top10 MOM10,2022,2022-11-11T00:00:00,2022-11-14T00:00:00,2022-11-28T00:00:00,False,True,Not flagged,-0.0038475240184175,0.970873786407767,2.3474470600021293,-0.0901122975688561,0.4513392316082898,1.4726844886460655
Weak Top10 MOM10,2022,2022-11-25T00:00:00,2022-11-28T00:00:00,2022-12-12T00:00:00,False,True,Not flagged,0.0148387695050333,0.3462783171521035,1.5103571711925263,-0.0699603023546686,0.4513392316082898,1.4726844886460655
Weak Top10 MOM10,2022,2022-12-09T00:00:00,2022-12-12T00:00:00,2022-12-26T00:00:00,False,True,Not flagged,-0.0005945779943685,0.896551724137931,3.078260241142192,-0.0104852475006097,0.4513392316082898,1.4726844886460655
Weak Top10 MOM10,2022,2022-12-23T00:00:00,2022-12-26T00:00:00,2023-01-10T00:00:00,True,True,False alarm (non-loss),0.0370661997848476,0.01875,0.3287795431481295,-0.0075926753014737,0.4513392316082898,1.4726844886460655
Negative median60,2022,2022-01-12T00:00:00,2022-01-13T00:00:00,2022-01-27T00:00:00,True,True,Correct warning (loss),-0.0259426234620928,0.2183098591549295,1.652073750256848,-0.0131413826334703,0.4513392316082898,1.4726844886460655
Negative median60,2022,2022-01-26T00:00:00,2022-01-27T00:00:00,2022-02-17T00:00:00,True,True,False alarm (non-loss),0.0012522477514902,0.0602836879432624,0.2023914098778084,-0.0354813711251022,0.4513392316082898,1.4726844886460655
Negative median60,2022,2022-02-16T00:00:00,2022-02-17T00:00:00,2022-03-03T00:00:00,True,True,False alarm (non-loss),0.0317384032264731,0.2544802867383512,0.897176222297286,-0.0684410646387833,0.4513392316082898,1.4726844886460655
Negative median60,2022,2022-03-02T00:00:00,2022-03-03T00:00:00,2022-03-17T00:00:00,True,True,Correct warning (loss),-0.0328758598773029,0.5333333333333333,2.85852595791638,-0.0941780821917807,0.4513392316082898,1.4726844886460655
Negative median60,2022,2022-03-16T00:00:00,2022-03-17T00:00:00,2022-03-31T00:00:00,True,True,Unassessable outcome,,0.0069686411149825,-0.2688694286052249,-0.1818958155422716,0.4513392316082898,1.4726844886460655
Negative median60,2022,2022-03-30T00:00:00,2022-03-31T00:00:00,2022-04-18T00:00:00,True,True,Correct warning (loss),-0.0271953514835687,0.7526501766784452,2.893617969573187,-0.1438038436050364,0.4513392316082898,1.4726844886460655
Negative median60,2022,2022-04-15T00:00:00,2022-04-18T00:00:00,2022-05-05T00:00:00,True,True,Correct warning (loss),-0.0385159705891748,0.1920289855072463,1.1201709750587854,-0.1591836734693877,0.4513392316082898,1.4726844886460655
Negative median60,2022,2022-04-29T00:00:00,2022-05-05T00:00:00,2022-05-19T00:00:00,True,True,Correct warning (loss),-0.0228990934353527,0.104089219330855,0.6632203925454904,-0.1668316831683168,0.4513392316082898,1.4726844886460655
Negative median60,2022,2022-05-18T00:00:00,2022-05-19T00:00:00,2022-06-02T00:00:00,True,True,False alarm (non-loss),0.0373020323218971,0.5353159851301115,1.798079107863458,-0.1350881719397826,0.4513392316082898,1.4726844886460655
Negative median60,2022,2022-06-01T00:00:00,2022-06-02T00:00:00,2022-06-17T00:00:00,True,True,False alarm (non-loss),0.0499097188798676,0.9424460431654677,1.350422078188542,-0.1104972375690607,0.4513392316082898,1.4726844886460655
Negative median60,2022,2022-06-16T00:00:00,2022-06-17T00:00:00,2022-07-01T00:00:00,False,True,Not flagged,0.0164139954407169,0.9321428571428572,2.062755312647343,0.026757934038581,0.4513392316082898,1.4726844886460655
Negative median60,2022,2022-06-30T00:00:00,2022-07-01T00:00:00,2022-07-15T00:00:00,False,True,Not flagged,-0.0487116655183352,0.9554794520547946,2.2894462310639137,0.0372549019607844,0.4513392316082898,1.4726844886460655
Negative median60,2022,2022-07-14T00:00:00,2022-07-15T00:00:00,2022-07-29T00:00:00,False,True,Not flagged,-0.0103655514396425,0.2294520547945205,0.8786835124238823,0.0534154376976159,0.4513392316082898,1.4726844886460655
Negative median60,2022,2022-07-28T00:00:00,2022-07-29T00:00:00,2022-08-12T00:00:00,False,True,Not flagged,0.0281129399414516,0.3367697594501718,1.4106783966355367,0.0829694323144103,0.4513392316082898,1.4726844886460655
Negative median60,2022,2022-08-11T00:00:00,2022-08-12T00:00:00,2022-08-26T00:00:00,False,True,Not flagged,-0.0542563492594243,0.4161073825503356,1.3366370158173388,0.085050896378756,0.4513392316082898,1.4726844886460655
Negative median60,2022,2022-08-25T00:00:00,2022-08-26T00:00:00,2022-09-09T00:00:00,False,True,Not flagged,0.0007216318875959,0.1447811447811448,1.524682045295524,0.0272108843537415,0.4513392316082898,1.4726844886460655
Negative median60,2022,2022-09-08T00:00:00,2022-09-09T00:00:00,2022-09-26T00:00:00,True,True,Correct warning (loss),-0.0771729240204437,0.1633333333333333,1.0257605109910295,-0.0337301587301586,0.4513392316082898,1.4726844886460655
Negative median60,2022,2022-09-23T00:00:00,2022-09-26T00:00:00,2022-10-17T00:00:00,True,True,Correct warning (loss),-0.0222983562312972,0.0299003322259136,0.1389097312653686,-0.1320224719101123,0.4513392316082898,1.4726844886460655
Negative median60,2022,2022-10-14T00:00:00,2022-10-17T00:00:00,2022-10-31T00:00:00,True,True,Correct warning (loss),-0.0351813084384495,0.3967213114754098,1.4793529890608037,-0.10543118602006,0.4513392316082898,1.4726844886460655
Negative median60,2022,2022-10-28T00:00:00,2022-10-31T00:00:00,2022-11-14T00:00:00,True,True,Correct warning (loss),-0.0026224746294934,0.1245901639344262,1.1637167798433496,-0.1450276243093922,0.4513392316082898,1.4726844886460655
Negative median60,2022,2022-11-11T00:00:00,2022-11-14T00:00:00,2022-11-28T00:00:00,True,True,Correct warning (loss),-0.0038475240184175,0.970873786407767,2.3474470600021293,-0.0901122975688561,0.4513392316082898,1.4726844886460655
Negative median60,2022,2022-11-25T00:00:00,2022-11-28T00:00:00,2022-12-12T00:00:00,True,True,False alarm (non-loss),0.0148387695050333,0.3462783171521035,1.5103571711925263,-0.0699603023546686,0.4513392316082898,1.4726844886460655
Negative median60,2022,2022-12-09T00:00:00,2022-12-12T00:00:00,2022-12-26T00:00:00,True,True,Correct warning (loss),-0.0005945779943685,0.896551724137931,3.078260241142192,-0.0104852475006097,0.4513392316082898,1.4726844886460655
Negative median60,2022,2022-12-23T00:00:00,2022-12-26T00:00:00,2023-01-10T00:00:00,True,True,False alarm (non-loss),0.0370661997848476,0.01875,0.3287795431481295,-0.0075926753014737,0.4513392316082898,1.4726844886460655
Low participation AND weak MOM10,2022,2022-01-12T00:00:00,2022-01-13T00:00:00,2022-01-27T00:00:00,False,True,Not flagged,-0.0259426234620928,0.2183098591549295,1.652073750256848,-0.0131413826334703,0.4513392316082898,1.4726844886460655
Low participation AND weak MOM10,2022,2022-01-26T00:00:00,2022-01-27T00:00:00,2022-02-17T00:00:00,True,True,False alarm (non-loss),0.0012522477514902,0.0602836879432624,0.2023914098778084,-0.0354813711251022,0.4513392316082898,1.4726844886460655
Low participation AND weak MOM10,2022,2022-02-16T00:00:00,2022-02-17T00:00:00,2022-03-03T00:00:00,True,True,False alarm (non-loss),0.0317384032264731,0.2544802867383512,0.897176222297286,-0.0684410646387833,0.4513392316082898,1.4726844886460655
Low participation AND weak MOM10,2022,2022-03-02T00:00:00,2022-03-03T00:00:00,2022-03-17T00:00:00,False,True,Not flagged,-0.0328758598773029,0.5333333333333333,2.85852595791638,-0.0941780821917807,0.4513392316082898,1.4726844886460655
Low participation AND weak MOM10,2022,2022-03-16T00:00:00,2022-03-17T00:00:00,2022-03-31T00:00:00,True,True,Unassessable outcome,,0.0069686411149825,-0.2688694286052249,-0.1818958155422716,0.4513392316082898,1.4726844886460655
Low participation AND weak MOM10,2022,2022-03-30T00:00:00,2022-03-31T00:00:00,2022-04-18T00:00:00,False,True,Not flagged,-0.0271953514835687,0.7526501766784452,2.893617969573187,-0.1438038436050364,0.4513392316082898,1.4726844886460655
Low participation AND weak MOM10,2022,2022-04-15T00:00:00,2022-04-18T00:00:00,2022-05-05T00:00:00,True,True,Correct warning (loss),-0.0385159705891748,0.1920289855072463,1.1201709750587854,-0.1591836734693877,0.4513392316082898,1.4726844886460655
Low participation AND weak MOM10,2022,2022-04-29T00:00:00,2022-05-05T00:00:00,2022-05-19T00:00:00,True,True,Correct warning (loss),-0.0228990934353527,0.104089219330855,0.6632203925454904,-0.1668316831683168,0.4513392316082898,1.4726844886460655
Low participation AND weak MOM10,2022,2022-05-18T00:00:00,2022-05-19T00:00:00,2022-06-02T00:00:00,False,True,Not flagged,0.0373020323218971,0.5353159851301115,1.798079107863458,-0.1350881719397826,0.4513392316082898,1.4726844886460655
Low participation AND weak MOM10,2022,2022-06-01T00:00:00,2022-06-02T00:00:00,2022-06-17T00:00:00,False,True,Not flagged,0.0499097188798676,0.9424460431654677,1.350422078188542,-0.1104972375690607,0.4513392316082898,1.4726844886460655
Low participation AND weak MOM10,2022,2022-06-16T00:00:00,2022-06-17T00:00:00,2022-07-01T00:00:00,False,True,Not flagged,0.0164139954407169,0.9321428571428572,2.062755312647343,0.026757934038581,0.4513392316082898,1.4726844886460655
Low participation AND weak MOM10,2022,2022-06-30T00:00:00,2022-07-01T00:00:00,2022-07-15T00:00:00,False,True,Not flagged,-0.0487116655183352,0.9554794520547946,2.2894462310639137,0.0372549019607844,0.4513392316082898,1.4726844886460655
Low participation AND weak MOM10,2022,2022-07-14T00:00:00,2022-07-15T00:00:00,2022-07-29T00:00:00,True,True,Correct warning (loss),-0.0103655514396425,0.2294520547945205,0.8786835124238823,0.0534154376976159,0.4513392316082898,1.4726844886460655
Low participation AND weak MOM10,2022,2022-07-28T00:00:00,2022-07-29T00:00:00,2022-08-12T00:00:00,True,True,False alarm (non-loss),0.0281129399414516,0.3367697594501718,1.4106783966355367,0.0829694323144103,0.4513392316082898,1.4726844886460655
Low participation AND weak MOM10,2022,2022-08-11T00:00:00,2022-08-12T00:00:00,2022-08-26T00:00:00,True,True,Correct warning (loss),-0.0542563492594243,0.4161073825503356,1.3366370158173388,0.085050896378756,0.4513392316082898,1.4726844886460655
Low participation AND weak MOM10,2022,2022-08-25T00:00:00,2022-08-26T00:00:00,2022-09-09T00:00:00,False,True,Not flagged,0.0007216318875959,0.1447811447811448,1.524682045295524,0.0272108843537415,0.4513392316082898,1.4726844886460655
Low participation AND weak MOM10,2022,2022-09-08T00:00:00,2022-09-09T00:00:00,2022-09-26T00:00:00,True,True,Correct warning (loss),-0.0771729240204437,0.1633333333333333,1.0257605109910295,-0.0337301587301586,0.4513392316082898,1.4726844886460655
Low participation AND weak MOM10,2022,2022-09-23T00:00:00,2022-09-26T00:00:00,2022-10-17T00:00:00,True,True,Correct warning (loss),-0.0222983562312972,0.0299003322259136,0.1389097312653686,-0.1320224719101123,0.4513392316082898,1.4726844886460655
Low participation AND weak MOM10,2022,2022-10-14T00:00:00,2022-10-17T00:00:00,2022-10-31T00:00:00,False,True,Not flagged,-0.0351813084384495,0.3967213114754098,1.4793529890608037,-0.10543118602006,0.4513392316082898,1.4726844886460655
Low participation AND weak MOM10,2022,2022-10-28T00:00:00,2022-10-31T00:00:00,2022-11-14T00:00:00,True,True,Correct warning (loss),-0.0026224746294934,0.1245901639344262,1.1637167798433496,-0.1450276243093922,0.4513392316082898,1.4726844886460655
Low participation AND weak MOM10,2022,2022-11-11T00:00:00,2022-11-14T00:00:00,2022-11-28T00:00:00,False,True,Not flagged,-0.0038475240184175,0.970873786407767,2.3474470600021293,-0.0901122975688561,0.4513392316082898,1.4726844886460655
Low participation AND weak MOM10,2022,2022-11-25T00:00:00,2022-11-28T00:00:00,2022-12-12T00:00:00,False,True,Not flagged,0.0148387695050333,0.3462783171521035,1.5103571711925263,-0.0699603023546686,0.4513392316082898,1.4726844886460655
Low participation AND weak MOM10,2022,2022-12-09T00:00:00,2022-12-12T00:00:00,2022-12-26T00:00:00,False,True,Not flagged,-0.0005945779943685,0.896551724137931,3.078260241142192,-0.0104852475006097,0.4513392316082898,1.4726844886460655
Low participation AND weak MOM10,2022,2022-12-23T00:00:00,2022-12-26T00:00:00,2023-01-10T00:00:00,True,True,False alarm (non-loss),0.0370661997848476,0.01875,0.3287795431481295,-0.0075926753014737,0.4513392316082898,1.4726844886460655
Low participation AND negative median60,2022,2022-01-12T00:00:00,2022-01-13T00:00:00,2022-01-27T00:00:00,True,True,Correct warning (loss),-0.0259426234620928,0.2183098591549295,1.652073750256848,-0.0131413826334703,0.4513392316082898,1.4726844886460655
Low participation AND negative median60,2022,2022-01-26T00:00:00,2022-01-27T00:00:00,2022-02-17T00:00:00,True,True,False alarm (non-loss),0.0012522477514902,0.0602836879432624,0.2023914098778084,-0.0354813711251022,0.4513392316082898,1.4726844886460655
Low participation AND negative median60,2022,2022-02-16T00:00:00,2022-02-17T00:00:00,2022-03-03T00:00:00,True,True,False alarm (non-loss),0.0317384032264731,0.2544802867383512,0.897176222297286,-0.0684410646387833,0.4513392316082898,1.4726844886460655
Low participation AND negative median60,2022,2022-03-02T00:00:00,2022-03-03T00:00:00,2022-03-17T00:00:00,False,True,Not flagged,-0.0328758598773029,0.5333333333333333,2.85852595791638,-0.0941780821917807,0.4513392316082898,1.4726844886460655
Low participation AND negative median60,2022,2022-03-16T00:00:00,2022-03-17T00:00:00,2022-03-31T00:00:00,True,True,Unassessable outcome,,0.0069686411149825,-0.2688694286052249,-0.1818958155422716,0.4513392316082898,1.4726844886460655
Low participation AND negative median60,2022,2022-03-30T00:00:00,2022-03-31T00:00:00,2022-04-18T00:00:00,False,True,Not flagged,-0.0271953514835687,0.7526501766784452,2.893617969573187,-0.1438038436050364,0.4513392316082898,1.4726844886460655
Low participation AND negative median60,2022,2022-04-15T00:00:00,2022-04-18T00:00:00,2022-05-05T00:00:00,True,True,Correct warning (loss),-0.0385159705891748,0.1920289855072463,1.1201709750587854,-0.1591836734693877,0.4513392316082898,1.4726844886460655
Low participation AND negative median60,2022,2022-04-29T00:00:00,2022-05-05T00:00:00,2022-05-19T00:00:00,True,True,Correct warning (loss),-0.0228990934353527,0.104089219330855,0.6632203925454904,-0.1668316831683168,0.4513392316082898,1.4726844886460655
Low participation AND negative median60,2022,2022-05-18T00:00:00,2022-05-19T00:00:00,2022-06-02T00:00:00,False,True,Not flagged,0.0373020323218971,0.5353159851301115,1.798079107863458,-0.1350881719397826,0.4513392316082898,1.4726844886460655
Low participation AND negative median60,2022,2022-06-01T00:00:00,2022-06-02T00:00:00,2022-06-17T00:00:00,False,True,Not flagged,0.0499097188798676,0.9424460431654677,1.350422078188542,-0.1104972375690607,0.4513392316082898,1.4726844886460655
Low participation AND negative median60,2022,2022-06-16T00:00:00,2022-06-17T00:00:00,2022-07-01T00:00:00,False,True,Not flagged,0.0164139954407169,0.9321428571428572,2.062755312647343,0.026757934038581,0.4513392316082898,1.4726844886460655
Low participation AND negative median60,2022,2022-06-30T00:00:00,2022-07-01T00:00:00,2022-07-15T00:00:00,False,True,Not flagged,-0.0487116655183352,0.9554794520547946,2.2894462310639137,0.0372549019607844,0.4513392316082898,1.4726844886460655
Low participation AND negative median60,2022,2022-07-14T00:00:00,2022-07-15T00:00:00,2022-07-29T00:00:00,False,True,Not flagged,-0.0103655514396425,0.2294520547945205,0.8786835124238823,0.0534154376976159,0.4513392316082898,1.4726844886460655
Low participation AND negative median60,2022,2022-07-28T00:00:00,2022-07-29T00:00:00,2022-08-12T00:00:00,False,True,Not flagged,0.0281129399414516,0.3367697594501718,1.4106783966355367,0.0829694323144103,0.4513392316082898,1.4726844886460655
Low participation AND negative median60,2022,2022-08-11T00:00:00,2022-08-12T00:00:00,2022-08-26T00:00:00,False,True,Not flagged,-0.0542563492594243,0.4161073825503356,1.3366370158173388,0.085050896378756,0.4513392316082898,1.4726844886460655
Low participation AND negative median60,2022,2022-08-25T00:00:00,2022-08-26T00:00:00,2022-09-09T00:00:00,False,True,Not flagged,0.0007216318875959,0.1447811447811448,1.524682045295524,0.0272108843537415,0.4513392316082898,1.4726844886460655
Low participation AND negative median60,2022,2022-09-08T00:00:00,2022-09-09T00:00:00,2022-09-26T00:00:00,True,True,Correct warning (loss),-0.0771729240204437,0.1633333333333333,1.0257605109910295,-0.0337301587301586,0.4513392316082898,1.4726844886460655
Low participation AND negative median60,2022,2022-09-23T00:00:00,2022-09-26T00:00:00,2022-10-17T00:00:00,True,True,Correct warning (loss),-0.0222983562312972,0.0299003322259136,0.1389097312653686,-0.1320224719101123,0.4513392316082898,1.4726844886460655
Low participation AND negative median60,2022,2022-10-14T00:00:00,2022-10-17T00:00:00,2022-10-31T00:00:00,True,True,Correct warning (loss),-0.0351813084384495,0.3967213114754098,1.4793529890608037,-0.10543118602006,0.4513392316082898,1.4726844886460655
Low participation AND negative median60,2022,2022-10-28T00:00:00,2022-10-31T00:00:00,2022-11-14T00:00:00,True,True,Correct warning (loss),-0.0026224746294934,0.1245901639344262,1.1637167798433496,-0.1450276243093922,0.4513392316082898,1.4726844886460655
Low participation AND negative median60,2022,2022-11-11T00:00:00,2022-11-14T00:00:00,2022-11-28T00:00:00,False,True,Not flagged,-0.0038475240184175,0.970873786407767,2.3474470600021293,-0.0901122975688561,0.4513392316082898,1.4726844886460655
Low participation AND negative median60,2022,2022-11-25T00:00:00,2022-11-28T00:00:00,2022-12-12T00:00:00,True,True,False alarm (non-loss),0.0148387695050333,0.3462783171521035,1.5103571711925263,-0.0699603023546686,0.4513392316082898,1.4726844886460655
Low participation AND negative median60,2022,2022-12-09T00:00:00,2022-12-12T00:00:00,2022-12-26T00:00:00,False,True,Not flagged,-0.0005945779943685,0.896551724137931,3.078260241142192,-0.0104852475006097,0.4513392316082898,1.4726844886460655
Low participation AND negative median60,2022,2022-12-23T00:00:00,2022-12-26T00:00:00,2023-01-10T00:00:00,True,True,False alarm (non-loss),0.0370661997848476,0.01875,0.3287795431481295,-0.0075926753014737,0.4513392316082898,1.4726844886460655
Weak MOM10 AND negative median60,2022,2022-01-12T00:00:00,2022-01-13T00:00:00,2022-01-27T00:00:00,False,True,Not flagged,-0.0259426234620928,0.2183098591549295,1.652073750256848,-0.0131413826334703,0.4513392316082898,1.4726844886460655
Weak MOM10 AND negative median60,2022,2022-01-26T00:00:00,2022-01-27T00:00:00,2022-02-17T00:00:00,True,True,False alarm (non-loss),0.0012522477514902,0.0602836879432624,0.2023914098778084,-0.0354813711251022,0.4513392316082898,1.4726844886460655
Weak MOM10 AND negative median60,2022,2022-02-16T00:00:00,2022-02-17T00:00:00,2022-03-03T00:00:00,True,True,False alarm (non-loss),0.0317384032264731,0.2544802867383512,0.897176222297286,-0.0684410646387833,0.4513392316082898,1.4726844886460655
Weak MOM10 AND negative median60,2022,2022-03-02T00:00:00,2022-03-03T00:00:00,2022-03-17T00:00:00,False,True,Not flagged,-0.0328758598773029,0.5333333333333333,2.85852595791638,-0.0941780821917807,0.4513392316082898,1.4726844886460655
Weak MOM10 AND negative median60,2022,2022-03-16T00:00:00,2022-03-17T00:00:00,2022-03-31T00:00:00,True,True,Unassessable outcome,,0.0069686411149825,-0.2688694286052249,-0.1818958155422716,0.4513392316082898,1.4726844886460655
Weak MOM10 AND negative median60,2022,2022-03-30T00:00:00,2022-03-31T00:00:00,2022-04-18T00:00:00,False,True,Not flagged,-0.0271953514835687,0.7526501766784452,2.893617969573187,-0.1438038436050364,0.4513392316082898,1.4726844886460655
Weak MOM10 AND negative median60,2022,2022-04-15T00:00:00,2022-04-18T00:00:00,2022-05-05T00:00:00,True,True,Correct warning (loss),-0.0385159705891748,0.1920289855072463,1.1201709750587854,-0.1591836734693877,0.4513392316082898,1.4726844886460655
Weak MOM10 AND negative median60,2022,2022-04-29T00:00:00,2022-05-05T00:00:00,2022-05-19T00:00:00,True,True,Correct warning (loss),-0.0228990934353527,0.104089219330855,0.6632203925454904,-0.1668316831683168,0.4513392316082898,1.4726844886460655
Weak MOM10 AND negative median60,2022,2022-05-18T00:00:00,2022-05-19T00:00:00,2022-06-02T00:00:00,False,True,Not flagged,0.0373020323218971,0.5353159851301115,1.798079107863458,-0.1350881719397826,0.4513392316082898,1.4726844886460655
Weak MOM10 AND negative median60,2022,2022-06-01T00:00:00,2022-06-02T00:00:00,2022-06-17T00:00:00,True,True,False alarm (non-loss),0.0499097188798676,0.9424460431654677,1.350422078188542,-0.1104972375690607,0.4513392316082898,1.4726844886460655
Weak MOM10 AND negative median60,2022,2022-06-16T00:00:00,2022-06-17T00:00:00,2022-07-01T00:00:00,False,True,Not flagged,0.0164139954407169,0.9321428571428572,2.062755312647343,0.026757934038581,0.4513392316082898,1.4726844886460655
Weak MOM10 AND negative median60,2022,2022-06-30T00:00:00,2022-07-01T00:00:00,2022-07-15T00:00:00,False,True,Not flagged,-0.0487116655183352,0.9554794520547946,2.2894462310639137,0.0372549019607844,0.4513392316082898,1.4726844886460655
Weak MOM10 AND negative median60,2022,2022-07-14T00:00:00,2022-07-15T00:00:00,2022-07-29T00:00:00,False,True,Not flagged,-0.0103655514396425,0.2294520547945205,0.8786835124238823,0.0534154376976159,0.4513392316082898,1.4726844886460655
Weak MOM10 AND negative median60,2022,2022-07-28T00:00:00,2022-07-29T00:00:00,2022-08-12T00:00:00,False,True,Not flagged,0.0281129399414516,0.3367697594501718,1.4106783966355367,0.0829694323144103,0.4513392316082898,1.4726844886460655
Weak MOM10 AND negative median60,2022,2022-08-11T00:00:00,2022-08-12T00:00:00,2022-08-26T00:00:00,False,True,Not flagged,-0.0542563492594243,0.4161073825503356,1.3366370158173388,0.085050896378756,0.4513392316082898,1.4726844886460655
Weak MOM10 AND negative median60,2022,2022-08-25T00:00:00,2022-08-26T00:00:00,2022-09-09T00:00:00,False,True,Not flagged,0.0007216318875959,0.1447811447811448,1.524682045295524,0.0272108843537415,0.4513392316082898,1.4726844886460655
Weak MOM10 AND negative median60,2022,2022-09-08T00:00:00,2022-09-09T00:00:00,2022-09-26T00:00:00,True,True,Correct warning (loss),-0.0771729240204437,0.1633333333333333,1.0257605109910295,-0.0337301587301586,0.4513392316082898,1.4726844886460655
Weak MOM10 AND negative median60,2022,2022-09-23T00:00:00,2022-09-26T00:00:00,2022-10-17T00:00:00,True,True,Correct warning (loss),-0.0222983562312972,0.0299003322259136,0.1389097312653686,-0.1320224719101123,0.4513392316082898,1.4726844886460655
Weak MOM10 AND negative median60,2022,2022-10-14T00:00:00,2022-10-17T00:00:00,2022-10-31T00:00:00,False,True,Not flagged,-0.0351813084384495,0.3967213114754098,1.4793529890608037,-0.10543118602006,0.4513392316082898,1.4726844886460655
Weak MOM10 AND negative median60,2022,2022-10-28T00:00:00,2022-10-31T00:00:00,2022-11-14T00:00:00,True,True,Correct warning (loss),-0.0026224746294934,0.1245901639344262,1.1637167798433496,-0.1450276243093922,0.4513392316082898,1.4726844886460655
Weak MOM10 AND negative median60,2022,2022-11-11T00:00:00,2022-11-14T00:00:00,2022-11-28T00:00:00,False,True,Not flagged,-0.0038475240184175,0.970873786407767,2.3474470600021293,-0.0901122975688561,0.4513392316082898,1.4726844886460655
Weak MOM10 AND negative median60,2022,2022-11-25T00:00:00,2022-11-28T00:00:00,2022-12-12T00:00:00,False,True,Not flagged,0.0148387695050333,0.3462783171521035,1.5103571711925263,-0.0699603023546686,0.4513392316082898,1.4726844886460655
Weak MOM10 AND negative median60,2022,2022-12-09T00:00:00,2022-12-12T00:00:00,2022-12-26T00:00:00,False,True,Not flagged,-0.0005945779943685,0.896551724137931,3.078260241142192,-0.0104852475006097,0.4513392316082898,1.4726844886460655
Weak MOM10 AND negative median60,2022,2022-12-23T00:00:00,2022-12-26T00:00:00,2023-01-10T00:00:00,True,True,False alarm (non-loss),0.0370661997848476,0.01875,0.3287795431481295,-0.0075926753014737,0.4513392316082898,1.4726844886460655
All three,2022,2022-01-12T00:00:00,2022-01-13T00:00:00,2022-01-27T00:00:00,False,True,Not flagged,-0.0259426234620928,0.2183098591549295,1.652073750256848,-0.0131413826334703,0.4513392316082898,1.4726844886460655
All three,2022,2022-01-26T00:00:00,2022-01-27T00:00:00,2022-02-17T00:00:00,True,True,False alarm (non-loss),0.0012522477514902,0.0602836879432624,0.2023914098778084,-0.0354813711251022,0.4513392316082898,1.4726844886460655
All three,2022,2022-02-16T00:00:00,2022-02-17T00:00:00,2022-03-03T00:00:00,True,True,False alarm (non-loss),0.0317384032264731,0.2544802867383512,0.897176222297286,-0.0684410646387833,0.4513392316082898,1.4726844886460655
All three,2022,2022-03-02T00:00:00,2022-03-03T00:00:00,2022-03-17T00:00:00,False,True,Not flagged,-0.0328758598773029,0.5333333333333333,2.85852595791638,-0.0941780821917807,0.4513392316082898,1.4726844886460655
All three,2022,2022-03-16T00:00:00,2022-03-17T00:00:00,2022-03-31T00:00:00,True,True,Unassessable outcome,,0.0069686411149825,-0.2688694286052249,-0.1818958155422716,0.4513392316082898,1.4726844886460655
All three,2022,2022-03-30T00:00:00,2022-03-31T00:00:00,2022-04-18T00:00:00,False,True,Not flagged,-0.0271953514835687,0.7526501766784452,2.893617969573187,-0.1438038436050364,0.4513392316082898,1.4726844886460655
All three,2022,2022-04-15T00:00:00,2022-04-18T00:00:00,2022-05-05T00:00:00,True,True,Correct warning (loss),-0.0385159705891748,0.1920289855072463,1.1201709750587854,-0.1591836734693877,0.4513392316082898,1.4726844886460655
All three,2022,2022-04-29T00:00:00,2022-05-05T00:00:00,2022-05-19T00:00:00,True,True,Correct warning (loss),-0.0228990934353527,0.104089219330855,0.6632203925454904,-0.1668316831683168,0.4513392316082898,1.4726844886460655
All three,2022,2022-05-18T00:00:00,2022-05-19T00:00:00,2022-06-02T00:00:00,False,True,Not flagged,0.0373020323218971,0.5353159851301115,1.798079107863458,-0.1350881719397826,0.4513392316082898,1.4726844886460655
All three,2022,2022-06-01T00:00:00,2022-06-02T00:00:00,2022-06-17T00:00:00,False,True,Not flagged,0.0499097188798676,0.9424460431654677,1.350422078188542,-0.1104972375690607,0.4513392316082898,1.4726844886460655
All three,2022,2022-06-16T00:00:00,2022-06-17T00:00:00,2022-07-01T00:00:00,False,True,Not flagged,0.0164139954407169,0.9321428571428572,2.062755312647343,0.026757934038581,0.4513392316082898,1.4726844886460655
All three,2022,2022-06-30T00:00:00,2022-07-01T00:00:00,2022-07-15T00:00:00,False,True,Not flagged,-0.0487116655183352,0.9554794520547946,2.2894462310639137,0.0372549019607844,0.4513392316082898,1.4726844886460655
All three,2022,2022-07-14T00:00:00,2022-07-15T00:00:00,2022-07-29T00:00:00,False,True,Not flagged,-0.0103655514396425,0.2294520547945205,0.8786835124238823,0.0534154376976159,0.4513392316082898,1.4726844886460655
All three,2022,2022-07-28T00:00:00,2022-07-29T00:00:00,2022-08-12T00:00:00,False,True,Not flagged,0.0281129399414516,0.3367697594501718,1.4106783966355367,0.0829694323144103,0.4513392316082898,1.4726844886460655
All three,2022,2022-08-11T00:00:00,2022-08-12T00:00:00,2022-08-26T00:00:00,False,True,Not flagged,-0.0542563492594243,0.4161073825503356,1.3366370158173388,0.085050896378756,0.4513392316082898,1.4726844886460655
All three,2022,2022-08-25T00:00:00,2022-08-26T00:00:00,2022-09-09T00:00:00,False,True,Not flagged,0.0007216318875959,0.1447811447811448,1.524682045295524,0.0272108843537415,0.4513392316082898,1.4726844886460655
All three,2022,2022-09-08T00:00:00,2022-09-09T00:00:00,2022-09-26T00:00:00,True,True,Correct warning (loss),-0.0771729240204437,0.1633333333333333,1.0257605109910295,-0.0337301587301586,0.4513392316082898,1.4726844886460655
All three,2022,2022-09-23T00:00:00,2022-09-26T00:00:00,2022-10-17T00:00:00,True,True,Correct warning (loss),-0.0222983562312972,0.0299003322259136,0.1389097312653686,-0.1320224719101123,0.4513392316082898,1.4726844886460655
All three,2022,2022-10-14T00:00:00,2022-10-17T00:00:00,2022-10-31T00:00:00,False,True,Not flagged,-0.0351813084384495,0.3967213114754098,1.4793529890608037,-0.10543118602006,0.4513392316082898,1.4726844886460655
All three,2022,2022-10-28T00:00:00,2022-10-31T00:00:00,2022-11-14T00:00:00,True,True,Correct warning (loss),-0.0026224746294934,0.1245901639344262,1.1637167798433496,-0.1450276243093922,0.4513392316082898,1.4726844886460655
All three,2022,2022-11-11T00:00:00,2022-11-14T00:00:00,2022-11-28T00:00:00,False,True,Not flagged,-0.0038475240184175,0.970873786407767,2.3474470600021293,-0.0901122975688561,0.4513392316082898,1.4726844886460655
All three,2022,2022-11-25T00:00:00,2022-11-28T00:00:00,2022-12-12T00:00:00,False,True,Not flagged,0.0148387695050333,0.3462783171521035,1.5103571711925263,-0.0699603023546686,0.4513392316082898,1.4726844886460655
All three,2022,2022-12-09T00:00:00,2022-12-12T00:00:00,2022-12-26T00:00:00,False,True,Not flagged,-0.0005945779943685,0.896551724137931,3.078260241142192,-0.0104852475006097,0.4513392316082898,1.4726844886460655
All three,2022,2022-12-23T00:00:00,2022-12-26T00:00:00,2023-01-10T00:00:00,True,True,False alarm (non-loss),0.0370661997848476,0.01875,0.3287795431481295,-0.0075926753014737,0.4513392316082898,1.4726844886460655
Low participation,2023,2023-01-09T00:00:00,2023-01-10T00:00:00,2023-01-31T00:00:00,False,True,Not flagged,0.0326125017389837,0.9753846153846154,3.094194367745884,0.0335396942990933,0.314516129032258,1.3366370158173388
Low participation,2023,2023-01-30T00:00:00,2023-01-31T00:00:00,2023-02-14T00:00:00,False,True,Not flagged,0.0045562688133533,0.9478527607361964,3.0998041953447317,0.1376936316695354,0.314516129032258,1.3366370158173388
Low participation,2023,2023-02-13T00:00:00,2023-02-14T00:00:00,2023-02-28T00:00:00,False,True,Not flagged,-0.0133402562635235,0.3825301204819277,1.7077113585784556,0.0739870394125713,0.314516129032258,1.3366370158173388
Low participation,2023,2023-02-27T00:00:00,2023-02-28T00:00:00,2023-03-14T00:00:00,True,True,Correct warning (loss),-0.0173333019733094,0.072072072072072,0.8776440424427395,0.0485671048898136,0.314516129032258,1.3366370158173388
Low participation,2023,2023-03-13T00:00:00,2023-03-14T00:00:00,2023-03-28T00:00:00,True,True,False alarm (non-loss),0.0242280448292437,0.2282282282282282,1.3770384219170415,-0.0077220077220077,0.314516129032258,1.3366370158173388
Low participation,2023,2023-03-27T00:00:00,2023-03-28T00:00:00,2023-04-12T00:00:00,False,True,Not flagged,0.1265366641665073,0.5589123867069486,2.371806177712176,0.0468319559228651,0.314516129032258,1.3366370158173388
Low participation,2023,2023-04-11T00:00:00,2023-04-12T00:00:00,2023-04-26T00:00:00,False,True,Not flagged,-0.0164289161170988,0.930635838150289,2.306961103928645,0.0095617590589096,0.314516129032258,1.3366370158173388
Low participation,2023,2023-04-25T00:00:00,2023-04-26T00:00:00,2023-05-15T00:00:00,True,True,False alarm (non-loss),0.0349968533424336,0.0890804597701149,1.2742590026923095,-0.0704941145737292,0.314516129032258,1.3366370158173388
Low participation,2023,2023-05-12T00:00:00,2023-05-15T00:00:00,2023-05-29T00:00:00,False,True,Not flagged,0.0396669589674929,0.3636363636363636,1.5104230535275864,-0.070428829543865,0.314516129032258,1.3366370158173388
Low participation,2023,2023-05-26T00:00:00,2023-05-29T00:00:00,2023-06-12T00:00:00,True,True,False alarm (non-loss),0.0059569210229184,0.3048433048433048,1.4914094356196872,-0.0488929889298894,0.314516129032258,1.3366370158173388
Low participation,2023,2023-06-09T00:00:00,2023-06-12T00:00:00,2023-06-28T00:00:00,False,True,Not flagged,-0.0283428639551065,0.3954154727793696,1.6708886547722597,-0.0394731324060387,0.314516129032258,1.3366370158173388
Low participation,2023,2023-06-27T00:00:00,2023-06-28T00:00:00,2023-07-12T00:00:00,False,True,Not flagged,0.0037605878802524,0.5852272727272727,1.504251753838917,-0.0475527407618985,0.314516129032258,1.3366370158173388
Low participation,2023,2023-07-11T00:00:00,2023-07-12T00:00:00,2023-07-26T00:00:00,False,True,Not flagged,0.0451991821199533,0.7702702702702703,1.4383738574058589,-0.0516159150310278,0.314516129032258,1.3366370158173388
Low participation,2023,2023-07-25T00:00:00,2023-07-26T00:00:00,2023-08-09T00:00:00,False,True,Not flagged,0.0161008257218591,0.5324324324324324,1.3523179642536527,-0.0012561551602853,0.314516129032258,1.3366370158173388
Low participation,2023,2023-08-08T00:00:00,2023-08-09T00:00:00,2023-08-23T00:00:00,False,True,Not flagged,-0.0734651767317629,0.7203166226912929,1.3477952020284958,0.0148883374689825,0.314516129032258,1.3366370158173388
Low participation,2023,2023-08-22T00:00:00,2023-08-23T00:00:00,2023-09-06T00:00:00,True,True,False alarm (non-loss),0.0282954408445907,0.0,-0.2293906608636098,-0.0320381499308232,0.314516129032258,1.3366370158173388
Low participation,2023,2023-09-05T00:00:00,2023-09-06T00:00:00,2023-09-20T00:00:00,False,True,Not flagged,-0.0061472831968329,0.8015665796344648,1.530653546367541,-0.0116110549376473,0.314516129032258,1.3366370158173388
Low participation,2023,2023-09-19T00:00:00,2023-09-20T00:00:00,2023-10-12T00:00:00,True,True,Correct warning (loss),-0.0118968871742617,0.1424870466321243,0.8162034977194501,-0.0348958465463993,0.314516129032258,1.3366370158173388
Low participation,2023,2023-10-11T00:00:00,2023-10-12T00:00:00,2023-10-26T00:00:00,False,True,Not flagged,-0.0725865473739171,0.3493670886075949,1.31686058981793,-0.0562560620756547,0.314516129032258,1.3366370158173388
Low participation,2023,2023-10-25T00:00:00,2023-10-26T00:00:00,2023-11-09T00:00:00,True,True,False alarm (non-loss),0.0321172999066532,0.035264483627204,0.3228007430734975,-0.1045197740112994,0.314516129032258,1.3366370158173388
Low participation,2023,2023-11-08T00:00:00,2023-11-09T00:00:00,2023-11-23T00:00:00,False,True,Not flagged,-0.0009701724945596,0.9205128205128204,2.355052804907139,-0.0747268485707535,0.314516129032258,1.3366370158173388
Low participation,2023,2023-11-22T00:00:00,2023-11-23T00:00:00,2023-12-07T00:00:00,True,True,Correct warning (loss),-0.0022422566634758,0.1897435897435897,1.235237031075996,-0.0371114833426391,0.314516129032258,1.3366370158173388
Low participation,2023,2023-12-06T00:00:00,2023-12-07T00:00:00,2023-12-21T00:00:00,True,True,False alarm (non-loss),0.0193570231805053,0.0745501285347043,0.9760860576985166,-0.0858070179854757,0.314516129032258,1.3366370158173388
Low participation,2023,2023-12-20T00:00:00,2023-12-21T00:00:00,2024-01-05T00:00:00,True,True,Correct warning (loss),-0.0179493385796528,0.0794871794871794,1.991418295682556,-0.0763417324841884,0.314516129032258,1.3366370158173388
Weak Top10 MOM10,2023,2023-01-09T00:00:00,2023-01-10T00:00:00,2023-01-31T00:00:00,False,True,Not flagged,0.0326125017389837,0.9753846153846154,3.094194367745884,0.0335396942990933,0.314516129032258,1.3366370158173388
Weak Top10 MOM10,2023,2023-01-30T00:00:00,2023-01-31T00:00:00,2023-02-14T00:00:00,False,True,Not flagged,0.0045562688133533,0.9478527607361964,3.0998041953447317,0.1376936316695354,0.314516129032258,1.3366370158173388
Weak Top10 MOM10,2023,2023-02-13T00:00:00,2023-02-14T00:00:00,2023-02-28T00:00:00,False,True,Not flagged,-0.0133402562635235,0.3825301204819277,1.7077113585784556,0.0739870394125713,0.314516129032258,1.3366370158173388
Weak Top10 MOM10,2023,2023-02-27T00:00:00,2023-02-28T00:00:00,2023-03-14T00:00:00,True,True,Correct warning (loss),-0.0173333019733094,0.072072072072072,0.8776440424427395,0.0485671048898136,0.314516129032258,1.3366370158173388
Weak Top10 MOM10,2023,2023-03-13T00:00:00,2023-03-14T00:00:00,2023-03-28T00:00:00,False,True,Not flagged,0.0242280448292437,0.2282282282282282,1.3770384219170415,-0.0077220077220077,0.314516129032258,1.3366370158173388
Weak Top10 MOM10,2023,2023-03-27T00:00:00,2023-03-28T00:00:00,2023-04-12T00:00:00,False,True,Not flagged,0.1265366641665073,0.5589123867069486,2.371806177712176,0.0468319559228651,0.314516129032258,1.3366370158173388
Weak Top10 MOM10,2023,2023-04-11T00:00:00,2023-04-12T00:00:00,2023-04-26T00:00:00,False,True,Not flagged,-0.0164289161170988,0.930635838150289,2.306961103928645,0.0095617590589096,0.314516129032258,1.3366370158173388
Weak Top10 MOM10,2023,2023-04-25T00:00:00,2023-04-26T00:00:00,2023-05-15T00:00:00,True,True,False alarm (non-loss),0.0349968533424336,0.0890804597701149,1.2742590026923095,-0.0704941145737292,0.314516129032258,1.3366370158173388
Weak Top10 MOM10,2023,2023-05-12T00:00:00,2023-05-15T00:00:00,2023-05-29T00:00:00,False,True,Not flagged,0.0396669589674929,0.3636363636363636,1.5104230535275864,-0.070428829543865,0.314516129032258,1.3366370158173388
Weak Top10 MOM10,2023,2023-05-26T00:00:00,2023-05-29T00:00:00,2023-06-12T00:00:00,False,True,Not flagged,0.0059569210229184,0.3048433048433048,1.4914094356196872,-0.0488929889298894,0.314516129032258,1.3366370158173388
Weak Top10 MOM10,2023,2023-06-09T00:00:00,2023-06-12T00:00:00,2023-06-28T00:00:00,False,True,Not flagged,-0.0283428639551065,0.3954154727793696,1.6708886547722597,-0.0394731324060387,0.314516129032258,1.3366370158173388
Weak Top10 MOM10,2023,2023-06-27T00:00:00,2023-06-28T00:00:00,2023-07-12T00:00:00,False,True,Not flagged,0.0037605878802524,0.5852272727272727,1.504251753838917,-0.0475527407618985,0.314516129032258,1.3366370158173388
Weak Top10 MOM10,2023,2023-07-11T00:00:00,2023-07-12T00:00:00,2023-07-26T00:00:00,False,True,Not flagged,0.0451991821199533,0.7702702702702703,1.4383738574058589,-0.0516159150310278,0.314516129032258,1.3366370158173388
Weak Top10 MOM10,2023,2023-07-25T00:00:00,2023-07-26T00:00:00,2023-08-09T00:00:00,False,True,Not flagged,0.0161008257218591,0.5324324324324324,1.3523179642536527,-0.0012561551602853,0.314516129032258,1.3366370158173388
Weak Top10 MOM10,2023,2023-08-08T00:00:00,2023-08-09T00:00:00,2023-08-23T00:00:00,False,True,Not flagged,-0.0734651767317629,0.7203166226912929,1.3477952020284958,0.0148883374689825,0.314516129032258,1.3366370158173388
Weak Top10 MOM10,2023,2023-08-22T00:00:00,2023-08-23T00:00:00,2023-09-06T00:00:00,True,True,False alarm (non-loss),0.0282954408445907,0.0,-0.2293906608636098,-0.0320381499308232,0.314516129032258,1.3366370158173388
Weak Top10 MOM10,2023,2023-09-05T00:00:00,2023-09-06T00:00:00,2023-09-20T00:00:00,False,True,Not flagged,-0.0061472831968329,0.8015665796344648,1.530653546367541,-0.0116110549376473,0.314516129032258,1.3366370158173388
Weak Top10 MOM10,2023,2023-09-19T00:00:00,2023-09-20T00:00:00,2023-10-12T00:00:00,True,True,Correct warning (loss),-0.0118968871742617,0.1424870466321243,0.8162034977194501,-0.0348958465463993,0.314516129032258,1.3366370158173388
Weak Top10 MOM10,2023,2023-10-11T00:00:00,2023-10-12T00:00:00,2023-10-26T00:00:00,True,True,Correct warning (loss),-0.0725865473739171,0.3493670886075949,1.31686058981793,-0.0562560620756547,0.314516129032258,1.3366370158173388
Weak Top10 MOM10,2023,2023-10-25T00:00:00,2023-10-26T00:00:00,2023-11-09T00:00:00,True,True,False alarm (non-loss),0.0321172999066532,0.035264483627204,0.3228007430734975,-0.1045197740112994,0.314516129032258,1.3366370158173388
Weak Top10 MOM10,2023,2023-11-08T00:00:00,2023-11-09T00:00:00,2023-11-23T00:00:00,False,True,Not flagged,-0.0009701724945596,0.9205128205128204,2.355052804907139,-0.0747268485707535,0.314516129032258,1.3366370158173388
Weak Top10 MOM10,2023,2023-11-22T00:00:00,2023-11-23T00:00:00,2023-12-07T00:00:00,True,True,Correct warning (loss),-0.0022422566634758,0.1897435897435897,1.235237031075996,-0.0371114833426391,0.314516129032258,1.3366370158173388
Weak Top10 MOM10,2023,2023-12-06T00:00:00,2023-12-07T00:00:00,2023-12-21T00:00:00,True,True,False alarm (non-loss),0.0193570231805053,0.0745501285347043,0.9760860576985166,-0.0858070179854757,0.314516129032258,1.3366370158173388
Weak Top10 MOM10,2023,2023-12-20T00:00:00,2023-12-21T00:00:00,2024-01-05T00:00:00,False,True,Not flagged,-0.0179493385796528,0.0794871794871794,1.991418295682556,-0.0763417324841884,0.314516129032258,1.3366370158173388
Negative median60,2023,2023-01-09T00:00:00,2023-01-10T00:00:00,2023-01-31T00:00:00,False,True,Not flagged,0.0326125017389837,0.9753846153846154,3.094194367745884,0.0335396942990933,0.314516129032258,1.3366370158173388
Negative median60,2023,2023-01-30T00:00:00,2023-01-31T00:00:00,2023-02-14T00:00:00,False,True,Not flagged,0.0045562688133533,0.9478527607361964,3.0998041953447317,0.1376936316695354,0.314516129032258,1.3366370158173388
Negative median60,2023,2023-02-13T00:00:00,2023-02-14T00:00:00,2023-02-28T00:00:00,False,True,Not flagged,-0.0133402562635235,0.3825301204819277,1.7077113585784556,0.0739870394125713,0.314516129032258,1.3366370158173388
Negative median60,2023,2023-02-27T00:00:00,2023-02-28T00:00:00,2023-03-14T00:00:00,False,True,Not flagged,-0.0173333019733094,0.072072072072072,0.8776440424427395,0.0485671048898136,0.314516129032258,1.3366370158173388
Negative median60,2023,2023-03-13T00:00:00,2023-03-14T00:00:00,2023-03-28T00:00:00,True,True,False alarm (non-loss),0.0242280448292437,0.2282282282282282,1.3770384219170415,-0.0077220077220077,0.314516129032258,1.3366370158173388
Negative median60,2023,2023-03-27T00:00:00,2023-03-28T00:00:00,2023-04-12T00:00:00,False,True,Not flagged,0.1265366641665073,0.5589123867069486,2.371806177712176,0.0468319559228651,0.314516129032258,1.3366370158173388
Negative median60,2023,2023-04-11T00:00:00,2023-04-12T00:00:00,2023-04-26T00:00:00,False,True,Not flagged,-0.0164289161170988,0.930635838150289,2.306961103928645,0.0095617590589096,0.314516129032258,1.3366370158173388
Negative median60,2023,2023-04-25T00:00:00,2023-04-26T00:00:00,2023-05-15T00:00:00,True,True,False alarm (non-loss),0.0349968533424336,0.0890804597701149,1.2742590026923095,-0.0704941145737292,0.314516129032258,1.3366370158173388
Negative median60,2023,2023-05-12T00:00:00,2023-05-15T00:00:00,2023-05-29T00:00:00,True,True,False alarm (non-loss),0.0396669589674929,0.3636363636363636,1.5104230535275864,-0.070428829543865,0.314516129032258,1.3366370158173388
Negative median60,2023,2023-05-26T00:00:00,2023-05-29T00:00:00,2023-06-12T00:00:00,True,True,False alarm (non-loss),0.0059569210229184,0.3048433048433048,1.4914094356196872,-0.0488929889298894,0.314516129032258,1.3366370158173388
Negative median60,2023,2023-06-09T00:00:00,2023-06-12T00:00:00,2023-06-28T00:00:00,True,True,Correct warning (loss),-0.0283428639551065,0.3954154727793696,1.6708886547722597,-0.0394731324060387,0.314516129032258,1.3366370158173388
Negative median60,2023,2023-06-27T00:00:00,2023-06-28T00:00:00,2023-07-12T00:00:00,True,True,False alarm (non-loss),0.0037605878802524,0.5852272727272727,1.504251753838917,-0.0475527407618985,0.314516129032258,1.3366370158173388
Negative median60,2023,2023-07-11T00:00:00,2023-07-12T00:00:00,2023-07-26T00:00:00,True,True,False alarm (non-loss),0.0451991821199533,0.7702702702702703,1.4383738574058589,-0.0516159150310278,0.314516129032258,1.3366370158173388
Negative median60,2023,2023-07-25T00:00:00,2023-07-26T00:00:00,2023-08-09T00:00:00,True,True,False alarm (non-loss),0.0161008257218591,0.5324324324324324,1.3523179642536527,-0.0012561551602853,0.314516129032258,1.3366370158173388
Negative median60,2023,2023-08-08T00:00:00,2023-08-09T00:00:00,2023-08-23T00:00:00,False,True,Not flagged,-0.0734651767317629,0.7203166226912929,1.3477952020284958,0.0148883374689825,0.314516129032258,1.3366370158173388
Negative median60,2023,2023-08-22T00:00:00,2023-08-23T00:00:00,2023-09-06T00:00:00,True,True,False alarm (non-loss),0.0282954408445907,0.0,-0.2293906608636098,-0.0320381499308232,0.314516129032258,1.3366370158173388
Negative median60,2023,2023-09-05T00:00:00,2023-09-06T00:00:00,2023-09-20T00:00:00,True,True,Correct warning (loss),-0.0061472831968329,0.8015665796344648,1.530653546367541,-0.0116110549376473,0.314516129032258,1.3366370158173388
Negative median60,2023,2023-09-19T00:00:00,2023-09-20T00:00:00,2023-10-12T00:00:00,True,True,Correct warning (loss),-0.0118968871742617,0.1424870466321243,0.8162034977194501,-0.0348958465463993,0.314516129032258,1.3366370158173388
Negative median60,2023,2023-10-11T00:00:00,2023-10-12T00:00:00,2023-10-26T00:00:00,True,True,Correct warning (loss),-0.0725865473739171,0.3493670886075949,1.31686058981793,-0.0562560620756547,0.314516129032258,1.3366370158173388
Negative median60,2023,2023-10-25T00:00:00,2023-10-26T00:00:00,2023-11-09T00:00:00,True,True,False alarm (non-loss),0.0321172999066532,0.035264483627204,0.3228007430734975,-0.1045197740112994,0.314516129032258,1.3366370158173388
Negative median60,2023,2023-11-08T00:00:00,2023-11-09T00:00:00,2023-11-23T00:00:00,True,True,Correct warning (loss),-0.0009701724945596,0.9205128205128204,2.355052804907139,-0.0747268485707535,0.314516129032258,1.3366370158173388
Negative median60,2023,2023-11-22T00:00:00,2023-11-23T00:00:00,2023-12-07T00:00:00,True,True,Correct warning (loss),-0.0022422566634758,0.1897435897435897,1.235237031075996,-0.0371114833426391,0.314516129032258,1.3366370158173388
Negative median60,2023,2023-12-06T00:00:00,2023-12-07T00:00:00,2023-12-21T00:00:00,True,True,False alarm (non-loss),0.0193570231805053,0.0745501285347043,0.9760860576985166,-0.0858070179854757,0.314516129032258,1.3366370158173388
Negative median60,2023,2023-12-20T00:00:00,2023-12-21T00:00:00,2024-01-05T00:00:00,True,True,Correct warning (loss),-0.0179493385796528,0.0794871794871794,1.991418295682556,-0.0763417324841884,0.314516129032258,1.3366370158173388
Low participation AND weak MOM10,2023,2023-01-09T00:00:00,2023-01-10T00:00:00,2023-01-31T00:00:00,False,True,Not flagged,0.0326125017389837,0.9753846153846154,3.094194367745884,0.0335396942990933,0.314516129032258,1.3366370158173388
Low participation AND weak MOM10,2023,2023-01-30T00:00:00,2023-01-31T00:00:00,2023-02-14T00:00:00,False,True,Not flagged,0.0045562688133533,0.9478527607361964,3.0998041953447317,0.1376936316695354,0.314516129032258,1.3366370158173388
Low participation AND weak MOM10,2023,2023-02-13T00:00:00,2023-02-14T00:00:00,2023-02-28T00:00:00,False,True,Not flagged,-0.0133402562635235,0.3825301204819277,1.7077113585784556,0.0739870394125713,0.314516129032258,1.3366370158173388
Low participation AND weak MOM10,2023,2023-02-27T00:00:00,2023-02-28T00:00:00,2023-03-14T00:00:00,True,True,Correct warning (loss),-0.0173333019733094,0.072072072072072,0.8776440424427395,0.0485671048898136,0.314516129032258,1.3366370158173388
Low participation AND weak MOM10,2023,2023-03-13T00:00:00,2023-03-14T00:00:00,2023-03-28T00:00:00,False,True,Not flagged,0.0242280448292437,0.2282282282282282,1.3770384219170415,-0.0077220077220077,0.314516129032258,1.3366370158173388
Low participation AND weak MOM10,2023,2023-03-27T00:00:00,2023-03-28T00:00:00,2023-04-12T00:00:00,False,True,Not flagged,0.1265366641665073,0.5589123867069486,2.371806177712176,0.0468319559228651,0.314516129032258,1.3366370158173388
Low participation AND weak MOM10,2023,2023-04-11T00:00:00,2023-04-12T00:00:00,2023-04-26T00:00:00,False,True,Not flagged,-0.0164289161170988,0.930635838150289,2.306961103928645,0.0095617590589096,0.314516129032258,1.3366370158173388
Low participation AND weak MOM10,2023,2023-04-25T00:00:00,2023-04-26T00:00:00,2023-05-15T00:00:00,True,True,False alarm (non-loss),0.0349968533424336,0.0890804597701149,1.2742590026923095,-0.0704941145737292,0.314516129032258,1.3366370158173388
Low participation AND weak MOM10,2023,2023-05-12T00:00:00,2023-05-15T00:00:00,2023-05-29T00:00:00,False,True,Not flagged,0.0396669589674929,0.3636363636363636,1.5104230535275864,-0.070428829543865,0.314516129032258,1.3366370158173388
Low participation AND weak MOM10,2023,2023-05-26T00:00:00,2023-05-29T00:00:00,2023-06-12T00:00:00,False,True,Not flagged,0.0059569210229184,0.3048433048433048,1.4914094356196872,-0.0488929889298894,0.314516129032258,1.3366370158173388
Low participation AND weak MOM10,2023,2023-06-09T00:00:00,2023-06-12T00:00:00,2023-06-28T00:00:00,False,True,Not flagged,-0.0283428639551065,0.3954154727793696,1.6708886547722597,-0.0394731324060387,0.314516129032258,1.3366370158173388
Low participation AND weak MOM10,2023,2023-06-27T00:00:00,2023-06-28T00:00:00,2023-07-12T00:00:00,False,True,Not flagged,0.0037605878802524,0.5852272727272727,1.504251753838917,-0.0475527407618985,0.314516129032258,1.3366370158173388
Low participation AND weak MOM10,2023,2023-07-11T00:00:00,2023-07-12T00:00:00,2023-07-26T00:00:00,False,True,Not flagged,0.0451991821199533,0.7702702702702703,1.4383738574058589,-0.0516159150310278,0.314516129032258,1.3366370158173388
Low participation AND weak MOM10,2023,2023-07-25T00:00:00,2023-07-26T00:00:00,2023-08-09T00:00:00,False,True,Not flagged,0.0161008257218591,0.5324324324324324,1.3523179642536527,-0.0012561551602853,0.314516129032258,1.3366370158173388
Low participation AND weak MOM10,2023,2023-08-08T00:00:00,2023-08-09T00:00:00,2023-08-23T00:00:00,False,True,Not flagged,-0.0734651767317629,0.7203166226912929,1.3477952020284958,0.0148883374689825,0.314516129032258,1.3366370158173388
Low participation AND weak MOM10,2023,2023-08-22T00:00:00,2023-08-23T00:00:00,2023-09-06T00:00:00,True,True,False alarm (non-loss),0.0282954408445907,0.0,-0.2293906608636098,-0.0320381499308232,0.314516129032258,1.3366370158173388
Low participation AND weak MOM10,2023,2023-09-05T00:00:00,2023-09-06T00:00:00,2023-09-20T00:00:00,False,True,Not flagged,-0.0061472831968329,0.8015665796344648,1.530653546367541,-0.0116110549376473,0.314516129032258,1.3366370158173388
Low participation AND weak MOM10,2023,2023-09-19T00:00:00,2023-09-20T00:00:00,2023-10-12T00:00:00,True,True,Correct warning (loss),-0.0118968871742617,0.1424870466321243,0.8162034977194501,-0.0348958465463993,0.314516129032258,1.3366370158173388
Low participation AND weak MOM10,2023,2023-10-11T00:00:00,2023-10-12T00:00:00,2023-10-26T00:00:00,False,True,Not flagged,-0.0725865473739171,0.3493670886075949,1.31686058981793,-0.0562560620756547,0.314516129032258,1.3366370158173388
Low participation AND weak MOM10,2023,2023-10-25T00:00:00,2023-10-26T00:00:00,2023-11-09T00:00:00,True,True,False alarm (non-loss),0.0321172999066532,0.035264483627204,0.3228007430734975,-0.1045197740112994,0.314516129032258,1.3366370158173388
Low participation AND weak MOM10,2023,2023-11-08T00:00:00,2023-11-09T00:00:00,2023-11-23T00:00:00,False,True,Not flagged,-0.0009701724945596,0.9205128205128204,2.355052804907139,-0.0747268485707535,0.314516129032258,1.3366370158173388
Low participation AND weak MOM10,2023,2023-11-22T00:00:00,2023-11-23T00:00:00,2023-12-07T00:00:00,True,True,Correct warning (loss),-0.0022422566634758,0.1897435897435897,1.235237031075996,-0.0371114833426391,0.314516129032258,1.3366370158173388
Low participation AND weak MOM10,2023,2023-12-06T00:00:00,2023-12-07T00:00:00,2023-12-21T00:00:00,True,True,False alarm (non-loss),0.0193570231805053,0.0745501285347043,0.9760860576985166,-0.0858070179854757,0.314516129032258,1.3366370158173388
Low participation AND weak MOM10,2023,2023-12-20T00:00:00,2023-12-21T00:00:00,2024-01-05T00:00:00,False,True,Not flagged,-0.0179493385796528,0.0794871794871794,1.991418295682556,-0.0763417324841884,0.314516129032258,1.3366370158173388
Low participation AND negative median60,2023,2023-01-09T00:00:00,2023-01-10T00:00:00,2023-01-31T00:00:00,False,True,Not flagged,0.0326125017389837,0.9753846153846154,3.094194367745884,0.0335396942990933,0.314516129032258,1.3366370158173388
Low participation AND negative median60,2023,2023-01-30T00:00:00,2023-01-31T00:00:00,2023-02-14T00:00:00,False,True,Not flagged,0.0045562688133533,0.9478527607361964,3.0998041953447317,0.1376936316695354,0.314516129032258,1.3366370158173388
Low participation AND negative median60,2023,2023-02-13T00:00:00,2023-02-14T00:00:00,2023-02-28T00:00:00,False,True,Not flagged,-0.0133402562635235,0.3825301204819277,1.7077113585784556,0.0739870394125713,0.314516129032258,1.3366370158173388
Low participation AND negative median60,2023,2023-02-27T00:00:00,2023-02-28T00:00:00,2023-03-14T00:00:00,False,True,Not flagged,-0.0173333019733094,0.072072072072072,0.8776440424427395,0.0485671048898136,0.314516129032258,1.3366370158173388
Low participation AND negative median60,2023,2023-03-13T00:00:00,2023-03-14T00:00:00,2023-03-28T00:00:00,True,True,False alarm (non-loss),0.0242280448292437,0.2282282282282282,1.3770384219170415,-0.0077220077220077,0.314516129032258,1.3366370158173388
Low participation AND negative median60,2023,2023-03-27T00:00:00,2023-03-28T00:00:00,2023-04-12T00:00:00,False,True,Not flagged,0.1265366641665073,0.5589123867069486,2.371806177712176,0.0468319559228651,0.314516129032258,1.3366370158173388
Low participation AND negative median60,2023,2023-04-11T00:00:00,2023-04-12T00:00:00,2023-04-26T00:00:00,False,True,Not flagged,-0.0164289161170988,0.930635838150289,2.306961103928645,0.0095617590589096,0.314516129032258,1.3366370158173388
Low participation AND negative median60,2023,2023-04-25T00:00:00,2023-04-26T00:00:00,2023-05-15T00:00:00,True,True,False alarm (non-loss),0.0349968533424336,0.0890804597701149,1.2742590026923095,-0.0704941145737292,0.314516129032258,1.3366370158173388
Low participation AND negative median60,2023,2023-05-12T00:00:00,2023-05-15T00:00:00,2023-05-29T00:00:00,False,True,Not flagged,0.0396669589674929,0.3636363636363636,1.5104230535275864,-0.070428829543865,0.314516129032258,1.3366370158173388
Low participation AND negative median60,2023,2023-05-26T00:00:00,2023-05-29T00:00:00,2023-06-12T00:00:00,True,True,False alarm (non-loss),0.0059569210229184,0.3048433048433048,1.4914094356196872,-0.0488929889298894,0.314516129032258,1.3366370158173388
Low participation AND negative median60,2023,2023-06-09T00:00:00,2023-06-12T00:00:00,2023-06-28T00:00:00,False,True,Not flagged,-0.0283428639551065,0.3954154727793696,1.6708886547722597,-0.0394731324060387,0.314516129032258,1.3366370158173388
Low participation AND negative median60,2023,2023-06-27T00:00:00,2023-06-28T00:00:00,2023-07-12T00:00:00,False,True,Not flagged,0.0037605878802524,0.5852272727272727,1.504251753838917,-0.0475527407618985,0.314516129032258,1.3366370158173388
Low participation AND negative median60,2023,2023-07-11T00:00:00,2023-07-12T00:00:00,2023-07-26T00:00:00,False,True,Not flagged,0.0451991821199533,0.7702702702702703,1.4383738574058589,-0.0516159150310278,0.314516129032258,1.3366370158173388
Low participation AND negative median60,2023,2023-07-25T00:00:00,2023-07-26T00:00:00,2023-08-09T00:00:00,False,True,Not flagged,0.0161008257218591,0.5324324324324324,1.3523179642536527,-0.0012561551602853,0.314516129032258,1.3366370158173388
Low participation AND negative median60,2023,2023-08-08T00:00:00,2023-08-09T00:00:00,2023-08-23T00:00:00,False,True,Not flagged,-0.0734651767317629,0.7203166226912929,1.3477952020284958,0.0148883374689825,0.314516129032258,1.3366370158173388
Low participation AND negative median60,2023,2023-08-22T00:00:00,2023-08-23T00:00:00,2023-09-06T00:00:00,True,True,False alarm (non-loss),0.0282954408445907,0.0,-0.2293906608636098,-0.0320381499308232,0.314516129032258,1.3366370158173388
Low participation AND negative median60,2023,2023-09-05T00:00:00,2023-09-06T00:00:00,2023-09-20T00:00:00,False,True,Not flagged,-0.0061472831968329,0.8015665796344648,1.530653546367541,-0.0116110549376473,0.314516129032258,1.3366370158173388
Low participation AND negative median60,2023,2023-09-19T00:00:00,2023-09-20T00:00:00,2023-10-12T00:00:00,True,True,Correct warning (loss),-0.0118968871742617,0.1424870466321243,0.8162034977194501,-0.0348958465463993,0.314516129032258,1.3366370158173388
Low participation AND negative median60,2023,2023-10-11T00:00:00,2023-10-12T00:00:00,2023-10-26T00:00:00,False,True,Not flagged,-0.0725865473739171,0.3493670886075949,1.31686058981793,-0.0562560620756547,0.314516129032258,1.3366370158173388
Low participation AND negative median60,2023,2023-10-25T00:00:00,2023-10-26T00:00:00,2023-11-09T00:00:00,True,True,False alarm (non-loss),0.0321172999066532,0.035264483627204,0.3228007430734975,-0.1045197740112994,0.314516129032258,1.3366370158173388
Low participation AND negative median60,2023,2023-11-08T00:00:00,2023-11-09T00:00:00,2023-11-23T00:00:00,False,True,Not flagged,-0.0009701724945596,0.9205128205128204,2.355052804907139,-0.0747268485707535,0.314516129032258,1.3366370158173388
Low participation AND negative median60,2023,2023-11-22T00:00:00,2023-11-23T00:00:00,2023-12-07T00:00:00,True,True,Correct warning (loss),-0.0022422566634758,0.1897435897435897,1.235237031075996,-0.0371114833426391,0.314516129032258,1.3366370158173388
Low participation AND negative median60,2023,2023-12-06T00:00:00,2023-12-07T00:00:00,2023-12-21T00:00:00,True,True,False alarm (non-loss),0.0193570231805053,0.0745501285347043,0.9760860576985166,-0.0858070179854757,0.314516129032258,1.3366370158173388
Low participation AND negative median60,2023,2023-12-20T00:00:00,2023-12-21T00:00:00,2024-01-05T00:00:00,True,True,Correct warning (loss),-0.0179493385796528,0.0794871794871794,1.991418295682556,-0.0763417324841884,0.314516129032258,1.3366370158173388
Weak MOM10 AND negative median60,2023,2023-01-09T00:00:00,2023-01-10T00:00:00,2023-01-31T00:00:00,False,True,Not flagged,0.0326125017389837,0.9753846153846154,3.094194367745884,0.0335396942990933,0.314516129032258,1.3366370158173388
Weak MOM10 AND negative median60,2023,2023-01-30T00:00:00,2023-01-31T00:00:00,2023-02-14T00:00:00,False,True,Not flagged,0.0045562688133533,0.9478527607361964,3.0998041953447317,0.1376936316695354,0.314516129032258,1.3366370158173388
Weak MOM10 AND negative median60,2023,2023-02-13T00:00:00,2023-02-14T00:00:00,2023-02-28T00:00:00,False,True,Not flagged,-0.0133402562635235,0.3825301204819277,1.7077113585784556,0.0739870394125713,0.314516129032258,1.3366370158173388
Weak MOM10 AND negative median60,2023,2023-02-27T00:00:00,2023-02-28T00:00:00,2023-03-14T00:00:00,False,True,Not flagged,-0.0173333019733094,0.072072072072072,0.8776440424427395,0.0485671048898136,0.314516129032258,1.3366370158173388
Weak MOM10 AND negative median60,2023,2023-03-13T00:00:00,2023-03-14T00:00:00,2023-03-28T00:00:00,False,True,Not flagged,0.0242280448292437,0.2282282282282282,1.3770384219170415,-0.0077220077220077,0.314516129032258,1.3366370158173388
Weak MOM10 AND negative median60,2023,2023-03-27T00:00:00,2023-03-28T00:00:00,2023-04-12T00:00:00,False,True,Not flagged,0.1265366641665073,0.5589123867069486,2.371806177712176,0.0468319559228651,0.314516129032258,1.3366370158173388
Weak MOM10 AND negative median60,2023,2023-04-11T00:00:00,2023-04-12T00:00:00,2023-04-26T00:00:00,False,True,Not flagged,-0.0164289161170988,0.930635838150289,2.306961103928645,0.0095617590589096,0.314516129032258,1.3366370158173388
Weak MOM10 AND negative median60,2023,2023-04-25T00:00:00,2023-04-26T00:00:00,2023-05-15T00:00:00,True,True,False alarm (non-loss),0.0349968533424336,0.0890804597701149,1.2742590026923095,-0.0704941145737292,0.314516129032258,1.3366370158173388
Weak MOM10 AND negative median60,2023,2023-05-12T00:00:00,2023-05-15T00:00:00,2023-05-29T00:00:00,False,True,Not flagged,0.0396669589674929,0.3636363636363636,1.5104230535275864,-0.070428829543865,0.314516129032258,1.3366370158173388
Weak MOM10 AND negative median60,2023,2023-05-26T00:00:00,2023-05-29T00:00:00,2023-06-12T00:00:00,False,True,Not flagged,0.0059569210229184,0.3048433048433048,1.4914094356196872,-0.0488929889298894,0.314516129032258,1.3366370158173388
Weak MOM10 AND negative median60,2023,2023-06-09T00:00:00,2023-06-12T00:00:00,2023-06-28T00:00:00,False,True,Not flagged,-0.0283428639551065,0.3954154727793696,1.6708886547722597,-0.0394731324060387,0.314516129032258,1.3366370158173388
Weak MOM10 AND negative median60,2023,2023-06-27T00:00:00,2023-06-28T00:00:00,2023-07-12T00:00:00,False,True,Not flagged,0.0037605878802524,0.5852272727272727,1.504251753838917,-0.0475527407618985,0.314516129032258,1.3366370158173388
Weak MOM10 AND negative median60,2023,2023-07-11T00:00:00,2023-07-12T00:00:00,2023-07-26T00:00:00,False,True,Not flagged,0.0451991821199533,0.7702702702702703,1.4383738574058589,-0.0516159150310278,0.314516129032258,1.3366370158173388
Weak MOM10 AND negative median60,2023,2023-07-25T00:00:00,2023-07-26T00:00:00,2023-08-09T00:00:00,False,True,Not flagged,0.0161008257218591,0.5324324324324324,1.3523179642536527,-0.0012561551602853,0.314516129032258,1.3366370158173388
Weak MOM10 AND negative median60,2023,2023-08-08T00:00:00,2023-08-09T00:00:00,2023-08-23T00:00:00,False,True,Not flagged,-0.0734651767317629,0.7203166226912929,1.3477952020284958,0.0148883374689825,0.314516129032258,1.3366370158173388
Weak MOM10 AND negative median60,2023,2023-08-22T00:00:00,2023-08-23T00:00:00,2023-09-06T00:00:00,True,True,False alarm (non-loss),0.0282954408445907,0.0,-0.2293906608636098,-0.0320381499308232,0.314516129032258,1.3366370158173388
Weak MOM10 AND negative median60,2023,2023-09-05T00:00:00,2023-09-06T00:00:00,2023-09-20T00:00:00,False,True,Not flagged,-0.0061472831968329,0.8015665796344648,1.530653546367541,-0.0116110549376473,0.314516129032258,1.3366370158173388
Weak MOM10 AND negative median60,2023,2023-09-19T00:00:00,2023-09-20T00:00:00,2023-10-12T00:00:00,True,True,Correct warning (loss),-0.0118968871742617,0.1424870466321243,0.8162034977194501,-0.0348958465463993,0.314516129032258,1.3366370158173388
Weak MOM10 AND negative median60,2023,2023-10-11T00:00:00,2023-10-12T00:00:00,2023-10-26T00:00:00,True,True,Correct warning (loss),-0.0725865473739171,0.3493670886075949,1.31686058981793,-0.0562560620756547,0.314516129032258,1.3366370158173388
Weak MOM10 AND negative median60,2023,2023-10-25T00:00:00,2023-10-26T00:00:00,2023-11-09T00:00:00,True,True,False alarm (non-loss),0.0321172999066532,0.035264483627204,0.3228007430734975,-0.1045197740112994,0.314516129032258,1.3366370158173388
Weak MOM10 AND negative median60,2023,2023-11-08T00:00:00,2023-11-09T00:00:00,2023-11-23T00:00:00,False,True,Not flagged,-0.0009701724945596,0.9205128205128204,2.355052804907139,-0.0747268485707535,0.314516129032258,1.3366370158173388
Weak MOM10 AND negative median60,2023,2023-11-22T00:00:00,2023-11-23T00:00:00,2023-12-07T00:00:00,True,True,Correct warning (loss),-0.0022422566634758,0.1897435897435897,1.235237031075996,-0.0371114833426391,0.314516129032258,1.3366370158173388
Weak MOM10 AND negative median60,2023,2023-12-06T00:00:00,2023-12-07T00:00:00,2023-12-21T00:00:00,True,True,False alarm (non-loss),0.0193570231805053,0.0745501285347043,0.9760860576985166,-0.0858070179854757,0.314516129032258,1.3366370158173388
Weak MOM10 AND negative median60,2023,2023-12-20T00:00:00,2023-12-21T00:00:00,2024-01-05T00:00:00,False,True,Not flagged,-0.0179493385796528,0.0794871794871794,1.991418295682556,-0.0763417324841884,0.314516129032258,1.3366370158173388
All three,2023,2023-01-09T00:00:00,2023-01-10T00:00:00,2023-01-31T00:00:00,False,True,Not flagged,0.0326125017389837,0.9753846153846154,3.094194367745884,0.0335396942990933,0.314516129032258,1.3366370158173388
All three,2023,2023-01-30T00:00:00,2023-01-31T00:00:00,2023-02-14T00:00:00,False,True,Not flagged,0.0045562688133533,0.9478527607361964,3.0998041953447317,0.1376936316695354,0.314516129032258,1.3366370158173388
All three,2023,2023-02-13T00:00:00,2023-02-14T00:00:00,2023-02-28T00:00:00,False,True,Not flagged,-0.0133402562635235,0.3825301204819277,1.7077113585784556,0.0739870394125713,0.314516129032258,1.3366370158173388
All three,2023,2023-02-27T00:00:00,2023-02-28T00:00:00,2023-03-14T00:00:00,False,True,Not flagged,-0.0173333019733094,0.072072072072072,0.8776440424427395,0.0485671048898136,0.314516129032258,1.3366370158173388
All three,2023,2023-03-13T00:00:00,2023-03-14T00:00:00,2023-03-28T00:00:00,False,True,Not flagged,0.0242280448292437,0.2282282282282282,1.3770384219170415,-0.0077220077220077,0.314516129032258,1.3366370158173388
All three,2023,2023-03-27T00:00:00,2023-03-28T00:00:00,2023-04-12T00:00:00,False,True,Not flagged,0.1265366641665073,0.5589123867069486,2.371806177712176,0.0468319559228651,0.314516129032258,1.3366370158173388
All three,2023,2023-04-11T00:00:00,2023-04-12T00:00:00,2023-04-26T00:00:00,False,True,Not flagged,-0.0164289161170988,0.930635838150289,2.306961103928645,0.0095617590589096,0.314516129032258,1.3366370158173388
All three,2023,2023-04-25T00:00:00,2023-04-26T00:00:00,2023-05-15T00:00:00,True,True,False alarm (non-loss),0.0349968533424336,0.0890804597701149,1.2742590026923095,-0.0704941145737292,0.314516129032258,1.3366370158173388
All three,2023,2023-05-12T00:00:00,2023-05-15T00:00:00,2023-05-29T00:00:00,False,True,Not flagged,0.0396669589674929,0.3636363636363636,1.5104230535275864,-0.070428829543865,0.314516129032258,1.3366370158173388
All three,2023,2023-05-26T00:00:00,2023-05-29T00:00:00,2023-06-12T00:00:00,False,True,Not flagged,0.0059569210229184,0.3048433048433048,1.4914094356196872,-0.0488929889298894,0.314516129032258,1.3366370158173388
All three,2023,2023-06-09T00:00:00,2023-06-12T00:00:00,2023-06-28T00:00:00,False,True,Not flagged,-0.0283428639551065,0.3954154727793696,1.6708886547722597,-0.0394731324060387,0.314516129032258,1.3366370158173388
All three,2023,2023-06-27T00:00:00,2023-06-28T00:00:00,2023-07-12T00:00:00,False,True,Not flagged,0.0037605878802524,0.5852272727272727,1.504251753838917,-0.0475527407618985,0.314516129032258,1.3366370158173388
All three,2023,2023-07-11T00:00:00,2023-07-12T00:00:00,2023-07-26T00:00:00,False,True,Not flagged,0.0451991821199533,0.7702702702702703,1.4383738574058589,-0.0516159150310278,0.314516129032258,1.3366370158173388
All three,2023,2023-07-25T00:00:00,2023-07-26T00:00:00,2023-08-09T00:00:00,False,True,Not flagged,0.0161008257218591,0.5324324324324324,1.3523179642536527,-0.0012561551602853,0.314516129032258,1.3366370158173388
All three,2023,2023-08-08T00:00:00,2023-08-09T00:00:00,2023-08-23T00:00:00,False,True,Not flagged,-0.0734651767317629,0.7203166226912929,1.3477952020284958,0.0148883374689825,0.314516129032258,1.3366370158173388
All three,2023,2023-08-22T00:00:00,2023-08-23T00:00:00,2023-09-06T00:00:00,True,True,False alarm (non-loss),0.0282954408445907,0.0,-0.2293906608636098,-0.0320381499308232,0.314516129032258,1.3366370158173388
All three,2023,2023-09-05T00:00:00,2023-09-06T00:00:00,2023-09-20T00:00:00,False,True,Not flagged,-0.0061472831968329,0.8015665796344648,1.530653546367541,-0.0116110549376473,0.314516129032258,1.3366370158173388
All three,2023,2023-09-19T00:00:00,2023-09-20T00:00:00,2023-10-12T00:00:00,True,True,Correct warning (loss),-0.0118968871742617,0.1424870466321243,0.8162034977194501,-0.0348958465463993,0.314516129032258,1.3366370158173388
All three,2023,2023-10-11T00:00:00,2023-10-12T00:00:00,2023-10-26T00:00:00,False,True,Not flagged,-0.0725865473739171,0.3493670886075949,1.31686058981793,-0.0562560620756547,0.314516129032258,1.3366370158173388
All three,2023,2023-10-25T00:00:00,2023-10-26T00:00:00,2023-11-09T00:00:00,True,True,False alarm (non-loss),0.0321172999066532,0.035264483627204,0.3228007430734975,-0.1045197740112994,0.314516129032258,1.3366370158173388
All three,2023,2023-11-08T00:00:00,2023-11-09T00:00:00,2023-11-23T00:00:00,False,True,Not flagged,-0.0009701724945596,0.9205128205128204,2.355052804907139,-0.0747268485707535,0.314516129032258,1.3366370158173388
All three,2023,2023-11-22T00:00:00,2023-11-23T00:00:00,2023-12-07T00:00:00,True,True,Correct warning (loss),-0.0022422566634758,0.1897435897435897,1.235237031075996,-0.0371114833426391,0.314516129032258,1.3366370158173388
All three,2023,2023-12-06T00:00:00,2023-12-07T00:00:00,2023-12-21T00:00:00,True,True,False alarm (non-loss),0.0193570231805053,0.0745501285347043,0.9760860576985166,-0.0858070179854757,0.314516129032258,1.3366370158173388
All three,2023,2023-12-20T00:00:00,2023-12-21T00:00:00,2024-01-05T00:00:00,False,True,Not flagged,-0.0179493385796528,0.0794871794871794,1.991418295682556,-0.0763417324841884,0.314516129032258,1.3366370158173388
Low participation,2024,2024-01-04T00:00:00,2024-01-05T00:00:00,2024-01-19T00:00:00,False,True,Not flagged,-0.036676993964914,0.5873417721518988,3.046533710921666,-0.0796109359303492,0.2544802867383512,1.31686058981793
Low participation,2024,2024-01-18T00:00:00,2024-01-19T00:00:00,2024-02-02T00:00:00,True,True,False alarm (non-loss),0.0284142791023065,0.1032745591939546,0.9736175565320604,-0.0676317008306938,0.2544802867383512,1.31686058981793
Low participation,2024,2024-02-01T00:00:00,2024-02-02T00:00:00,2024-02-26T00:00:00,True,True,False alarm (non-loss),0.0439395090585312,0.1916010498687664,1.1225581772151083,-0.1720450684340229,0.2544802867383512,1.31686058981793
Low participation,2024,2024-02-23T00:00:00,2024-02-26T00:00:00,2024-03-11T00:00:00,False,True,Not flagged,0.0235192425220607,1.0,2.9807032454396336,-0.0781586160827401,0.2544802867383512,1.31686058981793
Low participation,2024,2024-03-08T00:00:00,2024-03-11T00:00:00,2024-03-25T00:00:00,False,True,Not flagged,-0.0061947715409748,0.7506234413965087,1.632071984094679,-0.0203458563307778,0.2544802867383512,1.31686058981793
Low participation,2024,2024-03-22T00:00:00,2024-03-25T00:00:00,2024-04-10T00:00:00,False,True,Not flagged,-0.0442381419389197,0.685785536159601,1.559419580495088,0.0313778990450204,0.2544802867383512,1.31686058981793
Low participation,2024,2024-04-09T00:00:00,2024-04-10T00:00:00,2024-04-24T00:00:00,False,True,Not flagged,-0.0152758376217234,0.3789731051344743,1.7138294964929035,0.0168888888888889,0.2544802867383512,1.31686058981793
Low participation,2024,2024-04-23T00:00:00,2024-04-24T00:00:00,2024-05-13T00:00:00,True,True,False alarm (non-loss),0.0564983080551027,0.19559902200489,0.9115123559860588,0.0283285645457853,0.2544802867383512,1.31686058981793
Low participation,2024,2024-05-10T00:00:00,2024-05-13T00:00:00,2024-05-27T00:00:00,False,True,Not flagged,0.0013297563882179,1.0,3.1904963726078828,0.1482091646836292,0.2544802867383512,1.31686058981793
Low participation,2024,2024-05-24T00:00:00,2024-05-27T00:00:00,2024-06-11T00:00:00,True,True,False alarm (non-loss),0.0152147043816384,0.1270983213429256,1.1617518685083366,0.0330641864126541,0.2544802867383512,1.31686058981793
Low participation,2024,2024-06-07T00:00:00,2024-06-11T00:00:00,2024-06-25T00:00:00,False,True,Not flagged,-0.0347090036230808,0.327710843373494,1.6132608381722957,0.0027173913043478,0.2544802867383512,1.31686058981793
Low participation,2024,2024-06-24T00:00:00,2024-06-25T00:00:00,2024-07-09T00:00:00,True,True,False alarm (non-loss),0.0729152592125608,0.1414868105515587,1.4804575382721146,-0.0388349514563106,0.2544802867383512,1.31686058981793
Low participation,2024,2024-07-08T00:00:00,2024-07-09T00:00:00,2024-07-23T00:00:00,True,True,Correct warning (loss),-0.0494473888043652,0.1809523809523809,2.6574129215055327,-0.0483425414364641,0.2544802867383512,1.31686058981793
Low participation,2024,2024-07-22T00:00:00,2024-07-23T00:00:00,2024-08-06T00:00:00,False,True,Not flagged,0.0315902922518185,0.8333333333333334,3.5600417560462096,0.0179640718562874,0.2544802867383512,1.31686058981793
Low participation,2024,2024-08-05T00:00:00,2024-08-06T00:00:00,2024-08-20T00:00:00,True,True,Correct warning (loss),-0.0238039379542231,0.0374707259953161,0.1638019908011287,-0.1016260162601625,0.2544802867383512,1.31686058981793
Low participation,2024,2024-08-19T00:00:00,2024-08-20T00:00:00,2024-09-03T00:00:00,False,True,Not flagged,0.0019533271610272,0.5141509433962265,3.386063677731204,-0.0605623470992544,0.2544802867383512,1.31686058981793
Low participation,2024,2024-09-02T00:00:00,2024-09-03T00:00:00,2024-09-19T00:00:00,True,True,Correct warning (loss),-0.0125687613408094,0.1002386634844868,1.252935824217671,-0.0838206627680312,0.2544802867383512,1.31686058981793
Low participation,2024,2024-09-18T00:00:00,2024-09-19T00:00:00,2024-10-10T00:00:00,True,True,False alarm (non-loss),0.257971447680605,0.18854415274463,1.3330908734272562,-0.0866543460490402,0.2544802867383512,1.31686058981793
Low participation,2024,2024-10-09T00:00:00,2024-10-10T00:00:00,2024-10-24T00:00:00,False,True,Not flagged,0.0346136137669217,0.9823788546255506,4.515161495880319,0.2115869017632241,0.2544802867383512,1.31686058981793
Low participation,2024,2024-10-23T00:00:00,2024-10-24T00:00:00,2024-11-07T00:00:00,False,True,Not flagged,0.0279348840806026,0.5701754385964912,1.3978766092942432,0.164756446991404,0.2544802867383512,1.31686058981793
Low participation,2024,2024-11-06T00:00:00,2024-11-07T00:00:00,2024-11-21T00:00:00,False,True,Not flagged,-0.0715814711233816,0.8139059304703476,1.7951742497670975,0.2631955425043295,0.2544802867383512,1.31686058981793
Low participation,2024,2024-11-20T00:00:00,2024-11-21T00:00:00,2024-12-05T00:00:00,False,True,Not flagged,0.0499670099854452,0.2959183673469387,1.0553900641501737,0.2262896825396826,0.2544802867383512,1.31686058981793
Low participation,2024,2024-12-04T00:00:00,2024-12-05T00:00:00,2024-12-19T00:00:00,False,True,Not flagged,-0.0192782544312483,0.2600806451612903,1.824593536275729,0.2388535031847134,0.2544802867383512,1.31686058981793
Low participation,2024,2024-12-18T00:00:00,2024-12-19T00:00:00,2025-01-03T00:00:00,False,True,Not flagged,0.0108765137242157,0.5130260521042084,2.111220822299284,0.2585812356979406,0.2544802867383512,1.31686058981793
Weak Top10 MOM10,2024,2024-01-04T00:00:00,2024-01-05T00:00:00,2024-01-19T00:00:00,False,True,Not flagged,-0.036676993964914,0.5873417721518988,3.046533710921666,-0.0796109359303492,0.2544802867383512,1.31686058981793
Weak Top10 MOM10,2024,2024-01-18T00:00:00,2024-01-19T00:00:00,2024-02-02T00:00:00,True,True,False alarm (non-loss),0.0284142791023065,0.1032745591939546,0.9736175565320604,-0.0676317008306938,0.2544802867383512,1.31686058981793
Weak Top10 MOM10,2024,2024-02-01T00:00:00,2024-02-02T00:00:00,2024-02-26T00:00:00,True,True,False alarm (non-loss),0.0439395090585312,0.1916010498687664,1.1225581772151083,-0.1720450684340229,0.2544802867383512,1.31686058981793
Weak Top10 MOM10,2024,2024-02-23T00:00:00,2024-02-26T00:00:00,2024-03-11T00:00:00,False,True,Not flagged,0.0235192425220607,1.0,2.9807032454396336,-0.0781586160827401,0.2544802867383512,1.31686058981793
Weak Top10 MOM10,2024,2024-03-08T00:00:00,2024-03-11T00:00:00,2024-03-25T00:00:00,False,True,Not flagged,-0.0061947715409748,0.7506234413965087,1.632071984094679,-0.0203458563307778,0.2544802867383512,1.31686058981793
Weak Top10 MOM10,2024,2024-03-22T00:00:00,2024-03-25T00:00:00,2024-04-10T00:00:00,False,True,Not flagged,-0.0442381419389197,0.685785536159601,1.559419580495088,0.0313778990450204,0.2544802867383512,1.31686058981793
Weak Top10 MOM10,2024,2024-04-09T00:00:00,2024-04-10T00:00:00,2024-04-24T00:00:00,False,True,Not flagged,-0.0152758376217234,0.3789731051344743,1.7138294964929035,0.0168888888888889,0.2544802867383512,1.31686058981793
Weak Top10 MOM10,2024,2024-04-23T00:00:00,2024-04-24T00:00:00,2024-05-13T00:00:00,True,True,False alarm (non-loss),0.0564983080551027,0.19559902200489,0.9115123559860588,0.0283285645457853,0.2544802867383512,1.31686058981793
Weak Top10 MOM10,2024,2024-05-10T00:00:00,2024-05-13T00:00:00,2024-05-27T00:00:00,False,True,Not flagged,0.0013297563882179,1.0,3.1904963726078828,0.1482091646836292,0.2544802867383512,1.31686058981793
Weak Top10 MOM10,2024,2024-05-24T00:00:00,2024-05-27T00:00:00,2024-06-11T00:00:00,True,True,False alarm (non-loss),0.0152147043816384,0.1270983213429256,1.1617518685083366,0.0330641864126541,0.2544802867383512,1.31686058981793
Weak Top10 MOM10,2024,2024-06-07T00:00:00,2024-06-11T00:00:00,2024-06-25T00:00:00,False,True,Not flagged,-0.0347090036230808,0.327710843373494,1.6132608381722957,0.0027173913043478,0.2544802867383512,1.31686058981793
Weak Top10 MOM10,2024,2024-06-24T00:00:00,2024-06-25T00:00:00,2024-07-09T00:00:00,False,True,Not flagged,0.0729152592125608,0.1414868105515587,1.4804575382721146,-0.0388349514563106,0.2544802867383512,1.31686058981793
Weak Top10 MOM10,2024,2024-07-08T00:00:00,2024-07-09T00:00:00,2024-07-23T00:00:00,False,True,Not flagged,-0.0494473888043652,0.1809523809523809,2.6574129215055327,-0.0483425414364641,0.2544802867383512,1.31686058981793
Weak Top10 MOM10,2024,2024-07-22T00:00:00,2024-07-23T00:00:00,2024-08-06T00:00:00,False,True,Not flagged,0.0315902922518185,0.8333333333333334,3.5600417560462096,0.0179640718562874,0.2544802867383512,1.31686058981793
Weak Top10 MOM10,2024,2024-08-05T00:00:00,2024-08-06T00:00:00,2024-08-20T00:00:00,True,True,Correct warning (loss),-0.0238039379542231,0.0374707259953161,0.1638019908011287,-0.1016260162601625,0.2544802867383512,1.31686058981793
Weak Top10 MOM10,2024,2024-08-19T00:00:00,2024-08-20T00:00:00,2024-09-03T00:00:00,False,True,Not flagged,0.0019533271610272,0.5141509433962265,3.386063677731204,-0.0605623470992544,0.2544802867383512,1.31686058981793
Weak Top10 MOM10,2024,2024-09-02T00:00:00,2024-09-03T00:00:00,2024-09-19T00:00:00,True,True,Correct warning (loss),-0.0125687613408094,0.1002386634844868,1.252935824217671,-0.0838206627680312,0.2544802867383512,1.31686058981793
Weak Top10 MOM10,2024,2024-09-18T00:00:00,2024-09-19T00:00:00,2024-10-10T00:00:00,False,True,Not flagged,0.257971447680605,0.18854415274463,1.3330908734272562,-0.0866543460490402,0.2544802867383512,1.31686058981793
Weak Top10 MOM10,2024,2024-10-09T00:00:00,2024-10-10T00:00:00,2024-10-24T00:00:00,False,True,Not flagged,0.0346136137669217,0.9823788546255506,4.515161495880319,0.2115869017632241,0.2544802867383512,1.31686058981793
Weak Top10 MOM10,2024,2024-10-23T00:00:00,2024-10-24T00:00:00,2024-11-07T00:00:00,False,True,Not flagged,0.0279348840806026,0.5701754385964912,1.3978766092942432,0.164756446991404,0.2544802867383512,1.31686058981793
Weak Top10 MOM10,2024,2024-11-06T00:00:00,2024-11-07T00:00:00,2024-11-21T00:00:00,False,True,Not flagged,-0.0715814711233816,0.8139059304703476,1.7951742497670975,0.2631955425043295,0.2544802867383512,1.31686058981793
Weak Top10 MOM10,2024,2024-11-20T00:00:00,2024-11-21T00:00:00,2024-12-05T00:00:00,True,True,False alarm (non-loss),0.0499670099854452,0.2959183673469387,1.0553900641501737,0.2262896825396826,0.2544802867383512,1.31686058981793
Weak Top10 MOM10,2024,2024-12-04T00:00:00,2024-12-05T00:00:00,2024-12-19T00:00:00,False,True,Not flagged,-0.0192782544312483,0.2600806451612903,1.824593536275729,0.2388535031847134,0.2544802867383512,1.31686058981793
Weak Top10 MOM10,2024,2024-12-18T00:00:00,2024-12-19T00:00:00,2025-01-03T00:00:00,False,True,Not flagged,0.0108765137242157,0.5130260521042084,2.111220822299284,0.2585812356979406,0.2544802867383512,1.31686058981793
Negative median60,2024,2024-01-04T00:00:00,2024-01-05T00:00:00,2024-01-19T00:00:00,True,True,Correct warning (loss),-0.036676993964914,0.5873417721518988,3.046533710921666,-0.0796109359303492,0.2544802867383512,1.31686058981793
Negative median60,2024,2024-01-18T00:00:00,2024-01-19T00:00:00,2024-02-02T00:00:00,True,True,False alarm (non-loss),0.0284142791023065,0.1032745591939546,0.9736175565320604,-0.0676317008306938,0.2544802867383512,1.31686058981793
Negative median60,2024,2024-02-01T00:00:00,2024-02-02T00:00:00,2024-02-26T00:00:00,True,True,False alarm (non-loss),0.0439395090585312,0.1916010498687664,1.1225581772151083,-0.1720450684340229,0.2544802867383512,1.31686058981793
Negative median60,2024,2024-02-23T00:00:00,2024-02-26T00:00:00,2024-03-11T00:00:00,True,True,False alarm (non-loss),0.0235192425220607,1.0,2.9807032454396336,-0.0781586160827401,0.2544802867383512,1.31686058981793
Negative median60,2024,2024-03-08T00:00:00,2024-03-11T00:00:00,2024-03-25T00:00:00,True,True,Correct warning (loss),-0.0061947715409748,0.7506234413965087,1.632071984094679,-0.0203458563307778,0.2544802867383512,1.31686058981793
Negative median60,2024,2024-03-22T00:00:00,2024-03-25T00:00:00,2024-04-10T00:00:00,False,True,Not flagged,-0.0442381419389197,0.685785536159601,1.559419580495088,0.0313778990450204,0.2544802867383512,1.31686058981793
Negative median60,2024,2024-04-09T00:00:00,2024-04-10T00:00:00,2024-04-24T00:00:00,False,True,Not flagged,-0.0152758376217234,0.3789731051344743,1.7138294964929035,0.0168888888888889,0.2544802867383512,1.31686058981793
Negative median60,2024,2024-04-23T00:00:00,2024-04-24T00:00:00,2024-05-13T00:00:00,False,True,Not flagged,0.0564983080551027,0.19559902200489,0.9115123559860588,0.0283285645457853,0.2544802867383512,1.31686058981793
Negative median60,2024,2024-05-10T00:00:00,2024-05-13T00:00:00,2024-05-27T00:00:00,False,True,Not flagged,0.0013297563882179,1.0,3.1904963726078828,0.1482091646836292,0.2544802867383512,1.31686058981793
Negative median60,2024,2024-05-24T00:00:00,2024-05-27T00:00:00,2024-06-11T00:00:00,False,True,Not flagged,0.0152147043816384,0.1270983213429256,1.1617518685083366,0.0330641864126541,0.2544802867383512,1.31686058981793
Negative median60,2024,2024-06-07T00:00:00,2024-06-11T00:00:00,2024-06-25T00:00:00,False,True,Not flagged,-0.0347090036230808,0.327710843373494,1.6132608381722957,0.0027173913043478,0.2544802867383512,1.31686058981793
Negative median60,2024,2024-06-24T00:00:00,2024-06-25T00:00:00,2024-07-09T00:00:00,True,True,False alarm (non-loss),0.0729152592125608,0.1414868105515587,1.4804575382721146,-0.0388349514563106,0.2544802867383512,1.31686058981793
Negative median60,2024,2024-07-08T00:00:00,2024-07-09T00:00:00,2024-07-23T00:00:00,True,True,Correct warning (loss),-0.0494473888043652,0.1809523809523809,2.6574129215055327,-0.0483425414364641,0.2544802867383512,1.31686058981793
Negative median60,2024,2024-07-22T00:00:00,2024-07-23T00:00:00,2024-08-06T00:00:00,False,True,Not flagged,0.0315902922518185,0.8333333333333334,3.5600417560462096,0.0179640718562874,0.2544802867383512,1.31686058981793
Negative median60,2024,2024-08-05T00:00:00,2024-08-06T00:00:00,2024-08-20T00:00:00,True,True,Correct warning (loss),-0.0238039379542231,0.0374707259953161,0.1638019908011287,-0.1016260162601625,0.2544802867383512,1.31686058981793
Negative median60,2024,2024-08-19T00:00:00,2024-08-20T00:00:00,2024-09-03T00:00:00,True,True,False alarm (non-loss),0.0019533271610272,0.5141509433962265,3.386063677731204,-0.0605623470992544,0.2544802867383512,1.31686058981793
Negative median60,2024,2024-09-02T00:00:00,2024-09-03T00:00:00,2024-09-19T00:00:00,True,True,Correct warning (loss),-0.0125687613408094,0.1002386634844868,1.252935824217671,-0.0838206627680312,0.2544802867383512,1.31686058981793
Negative median60,2024,2024-09-18T00:00:00,2024-09-19T00:00:00,2024-10-10T00:00:00,True,True,False alarm (non-loss),0.257971447680605,0.18854415274463,1.3330908734272562,-0.0866543460490402,0.2544802867383512,1.31686058981793
Negative median60,2024,2024-10-09T00:00:00,2024-10-10T00:00:00,2024-10-24T00:00:00,False,True,Not flagged,0.0346136137669217,0.9823788546255506,4.515161495880319,0.2115869017632241,0.2544802867383512,1.31686058981793
Negative median60,2024,2024-10-23T00:00:00,2024-10-24T00:00:00,2024-11-07T00:00:00,False,True,Not flagged,0.0279348840806026,0.5701754385964912,1.3978766092942432,0.164756446991404,0.2544802867383512,1.31686058981793
Negative median60,2024,2024-11-06T00:00:00,2024-11-07T00:00:00,2024-11-21T00:00:00,False,True,Not flagged,-0.0715814711233816,0.8139059304703476,1.7951742497670975,0.2631955425043295,0.2544802867383512,1.31686058981793
Negative median60,2024,2024-11-20T00:00:00,2024-11-21T00:00:00,2024-12-05T00:00:00,False,True,Not flagged,0.0499670099854452,0.2959183673469387,1.0553900641501737,0.2262896825396826,0.2544802867383512,1.31686058981793
Negative median60,2024,2024-12-04T00:00:00,2024-12-05T00:00:00,2024-12-19T00:00:00,False,True,Not flagged,-0.0192782544312483,0.2600806451612903,1.824593536275729,0.2388535031847134,0.2544802867383512,1.31686058981793
Negative median60,2024,2024-12-18T00:00:00,2024-12-19T00:00:00,2025-01-03T00:00:00,False,True,Not flagged,0.0108765137242157,0.5130260521042084,2.111220822299284,0.2585812356979406,0.2544802867383512,1.31686058981793
Low participation AND weak MOM10,2024,2024-01-04T00:00:00,2024-01-05T00:00:00,2024-01-19T00:00:00,False,True,Not flagged,-0.036676993964914,0.5873417721518988,3.046533710921666,-0.0796109359303492,0.2544802867383512,1.31686058981793
Low participation AND weak MOM10,2024,2024-01-18T00:00:00,2024-01-19T00:00:00,2024-02-02T00:00:00,True,True,False alarm (non-loss),0.0284142791023065,0.1032745591939546,0.9736175565320604,-0.0676317008306938,0.2544802867383512,1.31686058981793
Low participation AND weak MOM10,2024,2024-02-01T00:00:00,2024-02-02T00:00:00,2024-02-26T00:00:00,True,True,False alarm (non-loss),0.0439395090585312,0.1916010498687664,1.1225581772151083,-0.1720450684340229,0.2544802867383512,1.31686058981793
Low participation AND weak MOM10,2024,2024-02-23T00:00:00,2024-02-26T00:00:00,2024-03-11T00:00:00,False,True,Not flagged,0.0235192425220607,1.0,2.9807032454396336,-0.0781586160827401,0.2544802867383512,1.31686058981793
Low participation AND weak MOM10,2024,2024-03-08T00:00:00,2024-03-11T00:00:00,2024-03-25T00:00:00,False,True,Not flagged,-0.0061947715409748,0.7506234413965087,1.632071984094679,-0.0203458563307778,0.2544802867383512,1.31686058981793
Low participation AND weak MOM10,2024,2024-03-22T00:00:00,2024-03-25T00:00:00,2024-04-10T00:00:00,False,True,Not flagged,-0.0442381419389197,0.685785536159601,1.559419580495088,0.0313778990450204,0.2544802867383512,1.31686058981793
Low participation AND weak MOM10,2024,2024-04-09T00:00:00,2024-04-10T00:00:00,2024-04-24T00:00:00,False,True,Not flagged,-0.0152758376217234,0.3789731051344743,1.7138294964929035,0.0168888888888889,0.2544802867383512,1.31686058981793
Low participation AND weak MOM10,2024,2024-04-23T00:00:00,2024-04-24T00:00:00,2024-05-13T00:00:00,True,True,False alarm (non-loss),0.0564983080551027,0.19559902200489,0.9115123559860588,0.0283285645457853,0.2544802867383512,1.31686058981793
Low participation AND weak MOM10,2024,2024-05-10T00:00:00,2024-05-13T00:00:00,2024-05-27T00:00:00,False,True,Not flagged,0.0013297563882179,1.0,3.1904963726078828,0.1482091646836292,0.2544802867383512,1.31686058981793
Low participation AND weak MOM10,2024,2024-05-24T00:00:00,2024-05-27T00:00:00,2024-06-11T00:00:00,True,True,False alarm (non-loss),0.0152147043816384,0.1270983213429256,1.1617518685083366,0.0330641864126541,0.2544802867383512,1.31686058981793
Low participation AND weak MOM10,2024,2024-06-07T00:00:00,2024-06-11T00:00:00,2024-06-25T00:00:00,False,True,Not flagged,-0.0347090036230808,0.327710843373494,1.6132608381722957,0.0027173913043478,0.2544802867383512,1.31686058981793
Low participation AND weak MOM10,2024,2024-06-24T00:00:00,2024-06-25T00:00:00,2024-07-09T00:00:00,False,True,Not flagged,0.0729152592125608,0.1414868105515587,1.4804575382721146,-0.0388349514563106,0.2544802867383512,1.31686058981793
Low participation AND weak MOM10,2024,2024-07-08T00:00:00,2024-07-09T00:00:00,2024-07-23T00:00:00,False,True,Not flagged,-0.0494473888043652,0.1809523809523809,2.6574129215055327,-0.0483425414364641,0.2544802867383512,1.31686058981793
Low participation AND weak MOM10,2024,2024-07-22T00:00:00,2024-07-23T00:00:00,2024-08-06T00:00:00,False,True,Not flagged,0.0315902922518185,0.8333333333333334,3.5600417560462096,0.0179640718562874,0.2544802867383512,1.31686058981793
Low participation AND weak MOM10,2024,2024-08-05T00:00:00,2024-08-06T00:00:00,2024-08-20T00:00:00,True,True,Correct warning (loss),-0.0238039379542231,0.0374707259953161,0.1638019908011287,-0.1016260162601625,0.2544802867383512,1.31686058981793
Low participation AND weak MOM10,2024,2024-08-19T00:00:00,2024-08-20T00:00:00,2024-09-03T00:00:00,False,True,Not flagged,0.0019533271610272,0.5141509433962265,3.386063677731204,-0.0605623470992544,0.2544802867383512,1.31686058981793
Low participation AND weak MOM10,2024,2024-09-02T00:00:00,2024-09-03T00:00:00,2024-09-19T00:00:00,True,True,Correct warning (loss),-0.0125687613408094,0.1002386634844868,1.252935824217671,-0.0838206627680312,0.2544802867383512,1.31686058981793
Low participation AND weak MOM10,2024,2024-09-18T00:00:00,2024-09-19T00:00:00,2024-10-10T00:00:00,False,True,Not flagged,0.257971447680605,0.18854415274463,1.3330908734272562,-0.0866543460490402,0.2544802867383512,1.31686058981793
Low participation AND weak MOM10,2024,2024-10-09T00:00:00,2024-10-10T00:00:00,2024-10-24T00:00:00,False,True,Not flagged,0.0346136137669217,0.9823788546255506,4.515161495880319,0.2115869017632241,0.2544802867383512,1.31686058981793
Low participation AND weak MOM10,2024,2024-10-23T00:00:00,2024-10-24T00:00:00,2024-11-07T00:00:00,False,True,Not flagged,0.0279348840806026,0.5701754385964912,1.3978766092942432,0.164756446991404,0.2544802867383512,1.31686058981793
Low participation AND weak MOM10,2024,2024-11-06T00:00:00,2024-11-07T00:00:00,2024-11-21T00:00:00,False,True,Not flagged,-0.0715814711233816,0.8139059304703476,1.7951742497670975,0.2631955425043295,0.2544802867383512,1.31686058981793
Low participation AND weak MOM10,2024,2024-11-20T00:00:00,2024-11-21T00:00:00,2024-12-05T00:00:00,False,True,Not flagged,0.0499670099854452,0.2959183673469387,1.0553900641501737,0.2262896825396826,0.2544802867383512,1.31686058981793
Low participation AND weak MOM10,2024,2024-12-04T00:00:00,2024-12-05T00:00:00,2024-12-19T00:00:00,False,True,Not flagged,-0.0192782544312483,0.2600806451612903,1.824593536275729,0.2388535031847134,0.2544802867383512,1.31686058981793
Low participation AND weak MOM10,2024,2024-12-18T00:00:00,2024-12-19T00:00:00,2025-01-03T00:00:00,False,True,Not flagged,0.0108765137242157,0.5130260521042084,2.111220822299284,0.2585812356979406,0.2544802867383512,1.31686058981793
Low participation AND negative median60,2024,2024-01-04T00:00:00,2024-01-05T00:00:00,2024-01-19T00:00:00,False,True,Not flagged,-0.036676993964914,0.5873417721518988,3.046533710921666,-0.0796109359303492,0.2544802867383512,1.31686058981793
Low participation AND negative median60,2024,2024-01-18T00:00:00,2024-01-19T00:00:00,2024-02-02T00:00:00,True,True,False alarm (non-loss),0.0284142791023065,0.1032745591939546,0.9736175565320604,-0.0676317008306938,0.2544802867383512,1.31686058981793
Low participation AND negative median60,2024,2024-02-01T00:00:00,2024-02-02T00:00:00,2024-02-26T00:00:00,True,True,False alarm (non-loss),0.0439395090585312,0.1916010498687664,1.1225581772151083,-0.1720450684340229,0.2544802867383512,1.31686058981793
Low participation AND negative median60,2024,2024-02-23T00:00:00,2024-02-26T00:00:00,2024-03-11T00:00:00,False,True,Not flagged,0.0235192425220607,1.0,2.9807032454396336,-0.0781586160827401,0.2544802867383512,1.31686058981793
Low participation AND negative median60,2024,2024-03-08T00:00:00,2024-03-11T00:00:00,2024-03-25T00:00:00,False,True,Not flagged,-0.0061947715409748,0.7506234413965087,1.632071984094679,-0.0203458563307778,0.2544802867383512,1.31686058981793
Low participation AND negative median60,2024,2024-03-22T00:00:00,2024-03-25T00:00:00,2024-04-10T00:00:00,False,True,Not flagged,-0.0442381419389197,0.685785536159601,1.559419580495088,0.0313778990450204,0.2544802867383512,1.31686058981793
Low participation AND negative median60,2024,2024-04-09T00:00:00,2024-04-10T00:00:00,2024-04-24T00:00:00,False,True,Not flagged,-0.0152758376217234,0.3789731051344743,1.7138294964929035,0.0168888888888889,0.2544802867383512,1.31686058981793
Low participation AND negative median60,2024,2024-04-23T00:00:00,2024-04-24T00:00:00,2024-05-13T00:00:00,False,True,Not flagged,0.0564983080551027,0.19559902200489,0.9115123559860588,0.0283285645457853,0.2544802867383512,1.31686058981793
Low participation AND negative median60,2024,2024-05-10T00:00:00,2024-05-13T00:00:00,2024-05-27T00:00:00,False,True,Not flagged,0.0013297563882179,1.0,3.1904963726078828,0.1482091646836292,0.2544802867383512,1.31686058981793
Low participation AND negative median60,2024,2024-05-24T00:00:00,2024-05-27T00:00:00,2024-06-11T00:00:00,False,True,Not flagged,0.0152147043816384,0.1270983213429256,1.1617518685083366,0.0330641864126541,0.2544802867383512,1.31686058981793
Low participation AND negative median60,2024,2024-06-07T00:00:00,2024-06-11T00:00:00,2024-06-25T00:00:00,False,True,Not flagged,-0.0347090036230808,0.327710843373494,1.6132608381722957,0.0027173913043478,0.2544802867383512,1.31686058981793
Low participation AND negative median60,2024,2024-06-24T00:00:00,2024-06-25T00:00:00,2024-07-09T00:00:00,True,True,False alarm (non-loss),0.0729152592125608,0.1414868105515587,1.4804575382721146,-0.0388349514563106,0.2544802867383512,1.31686058981793
Low participation AND negative median60,2024,2024-07-08T00:00:00,2024-07-09T00:00:00,2024-07-23T00:00:00,True,True,Correct warning (loss),-0.0494473888043652,0.1809523809523809,2.6574129215055327,-0.0483425414364641,0.2544802867383512,1.31686058981793
Low participation AND negative median60,2024,2024-07-22T00:00:00,2024-07-23T00:00:00,2024-08-06T00:00:00,False,True,Not flagged,0.0315902922518185,0.8333333333333334,3.5600417560462096,0.0179640718562874,0.2544802867383512,1.31686058981793
Low participation AND negative median60,2024,2024-08-05T00:00:00,2024-08-06T00:00:00,2024-08-20T00:00:00,True,True,Correct warning (loss),-0.0238039379542231,0.0374707259953161,0.1638019908011287,-0.1016260162601625,0.2544802867383512,1.31686058981793
Low participation AND negative median60,2024,2024-08-19T00:00:00,2024-08-20T00:00:00,2024-09-03T00:00:00,False,True,Not flagged,0.0019533271610272,0.5141509433962265,3.386063677731204,-0.0605623470992544,0.2544802867383512,1.31686058981793
Low participation AND negative median60,2024,2024-09-02T00:00:00,2024-09-03T00:00:00,2024-09-19T00:00:00,True,True,Correct warning (loss),-0.0125687613408094,0.1002386634844868,1.252935824217671,-0.0838206627680312,0.2544802867383512,1.31686058981793
Low participation AND negative median60,2024,2024-09-18T00:00:00,2024-09-19T00:00:00,2024-10-10T00:00:00,True,True,False alarm (non-loss),0.257971447680605,0.18854415274463,1.3330908734272562,-0.0866543460490402,0.2544802867383512,1.31686058981793
Low participation AND negative median60,2024,2024-10-09T00:00:00,2024-10-10T00:00:00,2024-10-24T00:00:00,False,True,Not flagged,0.0346136137669217,0.9823788546255506,4.515161495880319,0.2115869017632241,0.2544802867383512,1.31686058981793
Low participation AND negative median60,2024,2024-10-23T00:00:00,2024-10-24T00:00:00,2024-11-07T00:00:00,False,True,Not flagged,0.0279348840806026,0.5701754385964912,1.3978766092942432,0.164756446991404,0.2544802867383512,1.31686058981793
Low participation AND negative median60,2024,2024-11-06T00:00:00,2024-11-07T00:00:00,2024-11-21T00:00:00,False,True,Not flagged,-0.0715814711233816,0.8139059304703476,1.7951742497670975,0.2631955425043295,0.2544802867383512,1.31686058981793
Low participation AND negative median60,2024,2024-11-20T00:00:00,2024-11-21T00:00:00,2024-12-05T00:00:00,False,True,Not flagged,0.0499670099854452,0.2959183673469387,1.0553900641501737,0.2262896825396826,0.2544802867383512,1.31686058981793
Low participation AND negative median60,2024,2024-12-04T00:00:00,2024-12-05T00:00:00,2024-12-19T00:00:00,False,True,Not flagged,-0.0192782544312483,0.2600806451612903,1.824593536275729,0.2388535031847134,0.2544802867383512,1.31686058981793
Low participation AND negative median60,2024,2024-12-18T00:00:00,2024-12-19T00:00:00,2025-01-03T00:00:00,False,True,Not flagged,0.0108765137242157,0.5130260521042084,2.111220822299284,0.2585812356979406,0.2544802867383512,1.31686058981793
Weak MOM10 AND negative median60,2024,2024-01-04T00:00:00,2024-01-05T00:00:00,2024-01-19T00:00:00,False,True,Not flagged,-0.036676993964914,0.5873417721518988,3.046533710921666,-0.0796109359303492,0.2544802867383512,1.31686058981793
Weak MOM10 AND negative median60,2024,2024-01-18T00:00:00,2024-01-19T00:00:00,2024-02-02T00:00:00,True,True,False alarm (non-loss),0.0284142791023065,0.1032745591939546,0.9736175565320604,-0.0676317008306938,0.2544802867383512,1.31686058981793
Weak MOM10 AND negative median60,2024,2024-02-01T00:00:00,2024-02-02T00:00:00,2024-02-26T00:00:00,True,True,False alarm (non-loss),0.0439395090585312,0.1916010498687664,1.1225581772151083,-0.1720450684340229,0.2544802867383512,1.31686058981793
Weak MOM10 AND negative median60,2024,2024-02-23T00:00:00,2024-02-26T00:00:00,2024-03-11T00:00:00,False,True,Not flagged,0.0235192425220607,1.0,2.9807032454396336,-0.0781586160827401,0.2544802867383512,1.31686058981793
Weak MOM10 AND negative median60,2024,2024-03-08T00:00:00,2024-03-11T00:00:00,2024-03-25T00:00:00,False,True,Not flagged,-0.0061947715409748,0.7506234413965087,1.632071984094679,-0.0203458563307778,0.2544802867383512,1.31686058981793
Weak MOM10 AND negative median60,2024,2024-03-22T00:00:00,2024-03-25T00:00:00,2024-04-10T00:00:00,False,True,Not flagged,-0.0442381419389197,0.685785536159601,1.559419580495088,0.0313778990450204,0.2544802867383512,1.31686058981793
Weak MOM10 AND negative median60,2024,2024-04-09T00:00:00,2024-04-10T00:00:00,2024-04-24T00:00:00,False,True,Not flagged,-0.0152758376217234,0.3789731051344743,1.7138294964929035,0.0168888888888889,0.2544802867383512,1.31686058981793
Weak MOM10 AND negative median60,2024,2024-04-23T00:00:00,2024-04-24T00:00:00,2024-05-13T00:00:00,False,True,Not flagged,0.0564983080551027,0.19559902200489,0.9115123559860588,0.0283285645457853,0.2544802867383512,1.31686058981793
Weak MOM10 AND negative median60,2024,2024-05-10T00:00:00,2024-05-13T00:00:00,2024-05-27T00:00:00,False,True,Not flagged,0.0013297563882179,1.0,3.1904963726078828,0.1482091646836292,0.2544802867383512,1.31686058981793
Weak MOM10 AND negative median60,2024,2024-05-24T00:00:00,2024-05-27T00:00:00,2024-06-11T00:00:00,False,True,Not flagged,0.0152147043816384,0.1270983213429256,1.1617518685083366,0.0330641864126541,0.2544802867383512,1.31686058981793
Weak MOM10 AND negative median60,2024,2024-06-07T00:00:00,2024-06-11T00:00:00,2024-06-25T00:00:00,False,True,Not flagged,-0.0347090036230808,0.327710843373494,1.6132608381722957,0.0027173913043478,0.2544802867383512,1.31686058981793
Weak MOM10 AND negative median60,2024,2024-06-24T00:00:00,2024-06-25T00:00:00,2024-07-09T00:00:00,False,True,Not flagged,0.0729152592125608,0.1414868105515587,1.4804575382721146,-0.0388349514563106,0.2544802867383512,1.31686058981793
Weak MOM10 AND negative median60,2024,2024-07-08T00:00:00,2024-07-09T00:00:00,2024-07-23T00:00:00,False,True,Not flagged,-0.0494473888043652,0.1809523809523809,2.6574129215055327,-0.0483425414364641,0.2544802867383512,1.31686058981793
Weak MOM10 AND negative median60,2024,2024-07-22T00:00:00,2024-07-23T00:00:00,2024-08-06T00:00:00,False,True,Not flagged,0.0315902922518185,0.8333333333333334,3.5600417560462096,0.0179640718562874,0.2544802867383512,1.31686058981793
Weak MOM10 AND negative median60,2024,2024-08-05T00:00:00,2024-08-06T00:00:00,2024-08-20T00:00:00,True,True,Correct warning (loss),-0.0238039379542231,0.0374707259953161,0.1638019908011287,-0.1016260162601625,0.2544802867383512,1.31686058981793
Weak MOM10 AND negative median60,2024,2024-08-19T00:00:00,2024-08-20T00:00:00,2024-09-03T00:00:00,False,True,Not flagged,0.0019533271610272,0.5141509433962265,3.386063677731204,-0.0605623470992544,0.2544802867383512,1.31686058981793
Weak MOM10 AND negative median60,2024,2024-09-02T00:00:00,2024-09-03T00:00:00,2024-09-19T00:00:00,True,True,Correct warning (loss),-0.0125687613408094,0.1002386634844868,1.252935824217671,-0.0838206627680312,0.2544802867383512,1.31686058981793
Weak MOM10 AND negative median60,2024,2024-09-18T00:00:00,2024-09-19T00:00:00,2024-10-10T00:00:00,False,True,Not flagged,0.257971447680605,0.18854415274463,1.3330908734272562,-0.0866543460490402,0.2544802867383512,1.31686058981793
Weak MOM10 AND negative median60,2024,2024-10-09T00:00:00,2024-10-10T00:00:00,2024-10-24T00:00:00,False,True,Not flagged,0.0346136137669217,0.9823788546255506,4.515161495880319,0.2115869017632241,0.2544802867383512,1.31686058981793
Weak MOM10 AND negative median60,2024,2024-10-23T00:00:00,2024-10-24T00:00:00,2024-11-07T00:00:00,False,True,Not flagged,0.0279348840806026,0.5701754385964912,1.3978766092942432,0.164756446991404,0.2544802867383512,1.31686058981793
Weak MOM10 AND negative median60,2024,2024-11-06T00:00:00,2024-11-07T00:00:00,2024-11-21T00:00:00,False,True,Not flagged,-0.0715814711233816,0.8139059304703476,1.7951742497670975,0.2631955425043295,0.2544802867383512,1.31686058981793
Weak MOM10 AND negative median60,2024,2024-11-20T00:00:00,2024-11-21T00:00:00,2024-12-05T00:00:00,False,True,Not flagged,0.0499670099854452,0.2959183673469387,1.0553900641501737,0.2262896825396826,0.2544802867383512,1.31686058981793
Weak MOM10 AND negative median60,2024,2024-12-04T00:00:00,2024-12-05T00:00:00,2024-12-19T00:00:00,False,True,Not flagged,-0.0192782544312483,0.2600806451612903,1.824593536275729,0.2388535031847134,0.2544802867383512,1.31686058981793
Weak MOM10 AND negative median60,2024,2024-12-18T00:00:00,2024-12-19T00:00:00,2025-01-03T00:00:00,False,True,Not flagged,0.0108765137242157,0.5130260521042084,2.111220822299284,0.2585812356979406,0.2544802867383512,1.31686058981793
All three,2024,2024-01-04T00:00:00,2024-01-05T00:00:00,2024-01-19T00:00:00,False,True,Not flagged,-0.036676993964914,0.5873417721518988,3.046533710921666,-0.0796109359303492,0.2544802867383512,1.31686058981793
All three,2024,2024-01-18T00:00:00,2024-01-19T00:00:00,2024-02-02T00:00:00,True,True,False alarm (non-loss),0.0284142791023065,0.1032745591939546,0.9736175565320604,-0.0676317008306938,0.2544802867383512,1.31686058981793
All three,2024,2024-02-01T00:00:00,2024-02-02T00:00:00,2024-02-26T00:00:00,True,True,False alarm (non-loss),0.0439395090585312,0.1916010498687664,1.1225581772151083,-0.1720450684340229,0.2544802867383512,1.31686058981793
All three,2024,2024-02-23T00:00:00,2024-02-26T00:00:00,2024-03-11T00:00:00,False,True,Not flagged,0.0235192425220607,1.0,2.9807032454396336,-0.0781586160827401,0.2544802867383512,1.31686058981793
All three,2024,2024-03-08T00:00:00,2024-03-11T00:00:00,2024-03-25T00:00:00,False,True,Not flagged,-0.0061947715409748,0.7506234413965087,1.632071984094679,-0.0203458563307778,0.2544802867383512,1.31686058981793
All three,2024,2024-03-22T00:00:00,2024-03-25T00:00:00,2024-04-10T00:00:00,False,True,Not flagged,-0.0442381419389197,0.685785536159601,1.559419580495088,0.0313778990450204,0.2544802867383512,1.31686058981793
All three,2024,2024-04-09T00:00:00,2024-04-10T00:00:00,2024-04-24T00:00:00,False,True,Not flagged,-0.0152758376217234,0.3789731051344743,1.7138294964929035,0.0168888888888889,0.2544802867383512,1.31686058981793
All three,2024,2024-04-23T00:00:00,2024-04-24T00:00:00,2024-05-13T00:00:00,False,True,Not flagged,0.0564983080551027,0.19559902200489,0.9115123559860588,0.0283285645457853,0.2544802867383512,1.31686058981793
All three,2024,2024-05-10T00:00:00,2024-05-13T00:00:00,2024-05-27T00:00:00,False,True,Not flagged,0.0013297563882179,1.0,3.1904963726078828,0.1482091646836292,0.2544802867383512,1.31686058981793
All three,2024,2024-05-24T00:00:00,2024-05-27T00:00:00,2024-06-11T00:00:00,False,True,Not flagged,0.0152147043816384,0.1270983213429256,1.1617518685083366,0.0330641864126541,0.2544802867383512,1.31686058981793
All three,2024,2024-06-07T00:00:00,2024-06-11T00:00:00,2024-06-25T00:00:00,False,True,Not flagged,-0.0347090036230808,0.327710843373494,1.6132608381722957,0.0027173913043478,0.2544802867383512,1.31686058981793
All three,2024,2024-06-24T00:00:00,2024-06-25T00:00:00,2024-07-09T00:00:00,False,True,Not flagged,0.0729152592125608,0.1414868105515587,1.4804575382721146,-0.0388349514563106,0.2544802867383512,1.31686058981793
All three,2024,2024-07-08T00:00:00,2024-07-09T00:00:00,2024-07-23T00:00:00,False,True,Not flagged,-0.0494473888043652,0.1809523809523809,2.6574129215055327,-0.0483425414364641,0.2544802867383512,1.31686058981793
All three,2024,2024-07-22T00:00:00,2024-07-23T00:00:00,2024-08-06T00:00:00,False,True,Not flagged,0.0315902922518185,0.8333333333333334,3.5600417560462096,0.0179640718562874,0.2544802867383512,1.31686058981793
All three,2024,2024-08-05T00:00:00,2024-08-06T00:00:00,2024-08-20T00:00:00,True,True,Correct warning (loss),-0.0238039379542231,0.0374707259953161,0.1638019908011287,-0.1016260162601625,0.2544802867383512,1.31686058981793
All three,2024,2024-08-19T00:00:00,2024-08-20T00:00:00,2024-09-03T00:00:00,False,True,Not flagged,0.0019533271610272,0.5141509433962265,3.386063677731204,-0.0605623470992544,0.2544802867383512,1.31686058981793
All three,2024,2024-09-02T00:00:00,2024-09-03T00:00:00,2024-09-19T00:00:00,True,True,Correct warning (loss),-0.0125687613408094,0.1002386634844868,1.252935824217671,-0.0838206627680312,0.2544802867383512,1.31686058981793
All three,2024,2024-09-18T00:00:00,2024-09-19T00:00:00,2024-10-10T00:00:00,False,True,Not flagged,0.257971447680605,0.18854415274463,1.3330908734272562,-0.0866543460490402,0.2544802867383512,1.31686058981793
All three,2024,2024-10-09T00:00:00,2024-10-10T00:00:00,2024-10-24T00:00:00,False,True,Not flagged,0.0346136137669217,0.9823788546255506,4.515161495880319,0.2115869017632241,0.2544802867383512,1.31686058981793
All three,2024,2024-10-23T00:00:00,2024-10-24T00:00:00,2024-11-07T00:00:00,False,True,Not flagged,0.0279348840806026,0.5701754385964912,1.3978766092942432,0.164756446991404,0.2544802867383512,1.31686058981793
All three,2024,2024-11-06T00:00:00,2024-11-07T00:00:00,2024-11-21T00:00:00,False,True,Not flagged,-0.0715814711233816,0.8139059304703476,1.7951742497670975,0.2631955425043295,0.2544802867383512,1.31686058981793
All three,2024,2024-11-20T00:00:00,2024-11-21T00:00:00,2024-12-05T00:00:00,False,True,Not flagged,0.0499670099854452,0.2959183673469387,1.0553900641501737,0.2262896825396826,0.2544802867383512,1.31686058981793
All three,2024,2024-12-04T00:00:00,2024-12-05T00:00:00,2024-12-19T00:00:00,False,True,Not flagged,-0.0192782544312483,0.2600806451612903,1.824593536275729,0.2388535031847134,0.2544802867383512,1.31686058981793
All three,2024,2024-12-18T00:00:00,2024-12-19T00:00:00,2025-01-03T00:00:00,False,True,Not flagged,0.0108765137242157,0.5130260521042084,2.111220822299284,0.2585812356979406,0.2544802867383512,1.31686058981793
Low participation,2025,2025-01-02T00:00:00,2025-01-03T00:00:00,2025-01-17T00:00:00,True,True,Unassessable outcome,,0.0517928286852589,0.3391454407275872,-0.034381858083394,0.2294520547945205,1.3330908734272562
Low participation,2025,2025-01-16T00:00:00,2025-01-17T00:00:00,2025-02-10T00:00:00,False,True,Not flagged,,0.3486973947895792,1.468681087447541,-0.0386764561127204,0.2294520547945205,1.3330908734272562
Low participation,2025,2025-02-07T00:00:00,2025-02-10T00:00:00,2025-02-24T00:00:00,False,True,Not flagged,0.1257699872737521,0.8828282828282829,2.569275417603404,-0.0245303778385205,0.2294520547945205,1.3330908734272562
Low participation,2025,2025-02-21T00:00:00,2025-02-24T00:00:00,2025-03-10T00:00:00,False,True,Not flagged,-0.0006605174742877,0.8431372549019608,2.7375682479764563,0.0148696113609946,0.2294520547945205,1.3330908734272562
Low participation,2025,2025-03-07T00:00:00,2025-03-10T00:00:00,2025-03-24T00:00:00,False,True,Not flagged,0.0090347501441059,0.3882783882783883,1.0302777837450594,0.0190428874892307,0.2294520547945205,1.3330908734272562
Low participation,2025,2025-03-21T00:00:00,2025-03-24T00:00:00,2025-04-08T00:00:00,False,True,Not flagged,-0.0293074474548925,0.3053016453382084,1.5380037460671925,0.0078431372549019,0.2294520547945205,1.3330908734272562
Low participation,2025,2025-04-07T00:00:00,2025-04-08T00:00:00,2025-04-22T00:00:00,True,True,False alarm (non-loss),0.0909909344103256,0.0053191489361702,-0.1131169344005901,-0.047400305197551,0.2294520547945205,1.3330908734272562
Low participation,2025,2025-04-21T00:00:00,2025-04-22T00:00:00,2025-05-09T00:00:00,False,True,Not flagged,0.0146841173402576,0.9911816578483243,3.656627148724213,0.011299795709908,0.2294520547945205,1.3330908734272562
Low participation,2025,2025-05-08T00:00:00,2025-05-09T00:00:00,2025-05-23T00:00:00,False,True,Not flagged,0.0123301781421047,0.9319371727748692,2.382613319994109,-0.0080037170345143,0.2294520547945205,1.3330908734272562
Low participation,2025,2025-05-22T00:00:00,2025-05-23T00:00:00,2025-06-09T00:00:00,False,True,Not flagged,0.0138135752046668,0.6055846422338569,2.608052554906526,-0.0374078709497983,0.2294520547945205,1.3330908734272562
Low participation,2025,2025-06-06T00:00:00,2025-06-09T00:00:00,2025-06-23T00:00:00,False,True,Not flagged,0.0091042484363079,0.6204506065857885,1.6828346465990276,-0.0289885665804784,0.2294520547945205,1.3330908734272562
Low participation,2025,2025-06-20T00:00:00,2025-06-23T00:00:00,2025-07-07T00:00:00,True,True,False alarm (non-loss),0.0189819238040911,0.1658031088082901,1.7110181461259848,-0.0332046499278863,0.2294520547945205,1.3330908734272562
Low participation,2025,2025-07-04T00:00:00,2025-07-07T00:00:00,2025-07-21T00:00:00,False,True,Not flagged,0.0339677610329891,0.9896907216494846,3.20865399429348,0.1280898876404494,0.2294520547945205,1.3330908734272562
Low participation,2025,2025-07-18T00:00:00,2025-07-21T00:00:00,2025-08-04T00:00:00,False,True,Not flagged,0.0121995232041163,0.9605488850771868,2.8172824687698084,0.0990712074303403,0.2294520547945205,1.3330908734272562
Low participation,2025,2025-08-01T00:00:00,2025-08-04T00:00:00,2025-08-18T00:00:00,False,True,Not flagged,0.0895104560752939,0.7410562180579217,1.714721644536534,0.0807335446235818,0.2294520547945205,1.3330908734272562
Low participation,2025,2025-08-15T00:00:00,2025-08-18T00:00:00,2025-09-01T00:00:00,False,True,Not flagged,0.0598020737833726,0.9747474747474748,3.8129496654133375,0.123322945899259,0.2294520547945205,1.3330908734272562
Low participation,2025,2025-08-29T00:00:00,2025-09-01T00:00:00,2025-09-15T00:00:00,False,True,Not flagged,-0.0034745189152732,0.8169014084507042,3.1263706449117152,0.2006480275989911,0.2294520547945205,1.3330908734272562
Low participation,2025,2025-09-12T00:00:00,2025-09-15T00:00:00,2025-09-29T00:00:00,False,True,Not flagged,0.0262024400244387,0.7049689440993789,1.898893647074956,0.2218963831867058,0.2294520547945205,1.3330908734272562
Low participation,2025,2025-09-26T00:00:00,2025-09-29T00:00:00,2025-10-21T00:00:00,False,True,Not flagged,-0.0520397260049073,0.6387596899224807,2.1967975194503424,0.1892319482216178,0.2294520547945205,1.3330908734272562
Low participation,2025,2025-10-20T00:00:00,2025-10-21T00:00:00,2025-11-04T00:00:00,False,True,Not flagged,0.0116300170591454,0.2676470588235294,1.9729844698934835,0.1223267750213858,0.2294520547945205,1.3330908734272562
Low participation,2025,2025-11-03T00:00:00,2025-11-04T00:00:00,2025-11-18T00:00:00,False,True,Not flagged,-0.0358441766005841,0.9029850746268656,2.2784206482804708,0.152119812268339,0.2294520547945205,1.3330908734272562
Low participation,2025,2025-11-17T00:00:00,2025-11-18T00:00:00,2025-12-02T00:00:00,False,True,Not flagged,-0.0122960704832302,0.2774480712166172,1.604593524358009,0.0926462131747475,0.2294520547945205,1.3330908734272562
Low participation,2025,2025-12-01T00:00:00,2025-12-02T00:00:00,2025-12-16T00:00:00,False,True,Not flagged,0.0212471247694647,0.2507082152974504,1.0109815784822542,0.0140316914405238,0.2294520547945205,1.3330908734272562
Low participation,2025,2025-12-15T00:00:00,2025-12-16T00:00:00,2025-12-30T00:00:00,False,True,Not flagged,0.1349183108359313,0.2857142857142857,2.1493346712120003,0.0057291147051875,0.2294520547945205,1.3330908734272562
Low participation,2025,2025-12-29T00:00:00,2025-12-30T00:00:00,2026-01-15T00:00:00,False,True,Not flagged,0.1393022782457111,0.7384615384615385,2.0590093563676968,0.0164755172413793,0.2294520547945205,1.3330908734272562
Weak Top10 MOM10,2025,2025-01-02T00:00:00,2025-01-03T00:00:00,2025-01-17T00:00:00,True,True,Unassessable outcome,,0.0517928286852589,0.3391454407275872,-0.034381858083394,0.2294520547945205,1.3330908734272562
Weak Top10 MOM10,2025,2025-01-16T00:00:00,2025-01-17T00:00:00,2025-02-10T00:00:00,False,True,Not flagged,,0.3486973947895792,1.468681087447541,-0.0386764561127204,0.2294520547945205,1.3330908734272562
Weak Top10 MOM10,2025,2025-02-07T00:00:00,2025-02-10T00:00:00,2025-02-24T00:00:00,False,True,Not flagged,0.1257699872737521,0.8828282828282829,2.569275417603404,-0.0245303778385205,0.2294520547945205,1.3330908734272562
Weak Top10 MOM10,2025,2025-02-21T00:00:00,2025-02-24T00:00:00,2025-03-10T00:00:00,False,True,Not flagged,-0.0006605174742877,0.8431372549019608,2.7375682479764563,0.0148696113609946,0.2294520547945205,1.3330908734272562
Weak Top10 MOM10,2025,2025-03-07T00:00:00,2025-03-10T00:00:00,2025-03-24T00:00:00,True,True,False alarm (non-loss),0.0090347501441059,0.3882783882783883,1.0302777837450594,0.0190428874892307,0.2294520547945205,1.3330908734272562
Weak Top10 MOM10,2025,2025-03-21T00:00:00,2025-03-24T00:00:00,2025-04-08T00:00:00,False,True,Not flagged,-0.0293074474548925,0.3053016453382084,1.5380037460671925,0.0078431372549019,0.2294520547945205,1.3330908734272562
Weak Top10 MOM10,2025,2025-04-07T00:00:00,2025-04-08T00:00:00,2025-04-22T00:00:00,True,True,False alarm (non-loss),0.0909909344103256,0.0053191489361702,-0.1131169344005901,-0.047400305197551,0.2294520547945205,1.3330908734272562
Weak Top10 MOM10,2025,2025-04-21T00:00:00,2025-04-22T00:00:00,2025-05-09T00:00:00,False,True,Not flagged,0.0146841173402576,0.9911816578483243,3.656627148724213,0.011299795709908,0.2294520547945205,1.3330908734272562
Weak Top10 MOM10,2025,2025-05-08T00:00:00,2025-05-09T00:00:00,2025-05-23T00:00:00,False,True,Not flagged,0.0123301781421047,0.9319371727748692,2.382613319994109,-0.0080037170345143,0.2294520547945205,1.3330908734272562
Weak Top10 MOM10,2025,2025-05-22T00:00:00,2025-05-23T00:00:00,2025-06-09T00:00:00,False,True,Not flagged,0.0138135752046668,0.6055846422338569,2.608052554906526,-0.0374078709497983,0.2294520547945205,1.3330908734272562
Weak Top10 MOM10,2025,2025-06-06T00:00:00,2025-06-09T00:00:00,2025-06-23T00:00:00,False,True,Not flagged,0.0091042484363079,0.6204506065857885,1.6828346465990276,-0.0289885665804784,0.2294520547945205,1.3330908734272562
Weak Top10 MOM10,2025,2025-06-20T00:00:00,2025-06-23T00:00:00,2025-07-07T00:00:00,False,True,Not flagged,0.0189819238040911,0.1658031088082901,1.7110181461259848,-0.0332046499278863,0.2294520547945205,1.3330908734272562
Weak Top10 MOM10,2025,2025-07-04T00:00:00,2025-07-07T00:00:00,2025-07-21T00:00:00,False,True,Not flagged,0.0339677610329891,0.9896907216494846,3.20865399429348,0.1280898876404494,0.2294520547945205,1.3330908734272562
Weak Top10 MOM10,2025,2025-07-18T00:00:00,2025-07-21T00:00:00,2025-08-04T00:00:00,False,True,Not flagged,0.0121995232041163,0.9605488850771868,2.8172824687698084,0.0990712074303403,0.2294520547945205,1.3330908734272562
Weak Top10 MOM10,2025,2025-08-01T00:00:00,2025-08-04T00:00:00,2025-08-18T00:00:00,False,True,Not flagged,0.0895104560752939,0.7410562180579217,1.714721644536534,0.0807335446235818,0.2294520547945205,1.3330908734272562
Weak Top10 MOM10,2025,2025-08-15T00:00:00,2025-08-18T00:00:00,2025-09-01T00:00:00,False,True,Not flagged,0.0598020737833726,0.9747474747474748,3.8129496654133375,0.123322945899259,0.2294520547945205,1.3330908734272562
Weak Top10 MOM10,2025,2025-08-29T00:00:00,2025-09-01T00:00:00,2025-09-15T00:00:00,False,True,Not flagged,-0.0034745189152732,0.8169014084507042,3.1263706449117152,0.2006480275989911,0.2294520547945205,1.3330908734272562
Weak Top10 MOM10,2025,2025-09-12T00:00:00,2025-09-15T00:00:00,2025-09-29T00:00:00,False,True,Not flagged,0.0262024400244387,0.7049689440993789,1.898893647074956,0.2218963831867058,0.2294520547945205,1.3330908734272562
Weak Top10 MOM10,2025,2025-09-26T00:00:00,2025-09-29T00:00:00,2025-10-21T00:00:00,False,True,Not flagged,-0.0520397260049073,0.6387596899224807,2.1967975194503424,0.1892319482216178,0.2294520547945205,1.3330908734272562
Weak Top10 MOM10,2025,2025-10-20T00:00:00,2025-10-21T00:00:00,2025-11-04T00:00:00,False,True,Not flagged,0.0116300170591454,0.2676470588235294,1.9729844698934835,0.1223267750213858,0.2294520547945205,1.3330908734272562
Weak Top10 MOM10,2025,2025-11-03T00:00:00,2025-11-04T00:00:00,2025-11-18T00:00:00,False,True,Not flagged,-0.0358441766005841,0.9029850746268656,2.2784206482804708,0.152119812268339,0.2294520547945205,1.3330908734272562
Weak Top10 MOM10,2025,2025-11-17T00:00:00,2025-11-18T00:00:00,2025-12-02T00:00:00,False,True,Not flagged,-0.0122960704832302,0.2774480712166172,1.604593524358009,0.0926462131747475,0.2294520547945205,1.3330908734272562
Weak Top10 MOM10,2025,2025-12-01T00:00:00,2025-12-02T00:00:00,2025-12-16T00:00:00,True,True,False alarm (non-loss),0.0212471247694647,0.2507082152974504,1.0109815784822542,0.0140316914405238,0.2294520547945205,1.3330908734272562
Weak Top10 MOM10,2025,2025-12-15T00:00:00,2025-12-16T00:00:00,2025-12-30T00:00:00,False,True,Not flagged,0.1349183108359313,0.2857142857142857,2.1493346712120003,0.0057291147051875,0.2294520547945205,1.3330908734272562
Weak Top10 MOM10,2025,2025-12-29T00:00:00,2025-12-30T00:00:00,2026-01-15T00:00:00,False,True,Not flagged,0.1393022782457111,0.7384615384615385,2.0590093563676968,0.0164755172413793,0.2294520547945205,1.3330908734272562
Negative median60,2025,2025-01-02T00:00:00,2025-01-03T00:00:00,2025-01-17T00:00:00,True,True,Unassessable outcome,,0.0517928286852589,0.3391454407275872,-0.034381858083394,0.2294520547945205,1.3330908734272562
Negative median60,2025,2025-01-16T00:00:00,2025-01-17T00:00:00,2025-02-10T00:00:00,True,True,Unassessable outcome,,0.3486973947895792,1.468681087447541,-0.0386764561127204,0.2294520547945205,1.3330908734272562
Negative median60,2025,2025-02-07T00:00:00,2025-02-10T00:00:00,2025-02-24T00:00:00,True,True,False alarm (non-loss),0.1257699872737521,0.8828282828282829,2.569275417603404,-0.0245303778385205,0.2294520547945205,1.3330908734272562
Negative median60,2025,2025-02-21T00:00:00,2025-02-24T00:00:00,2025-03-10T00:00:00,False,True,Not flagged,-0.0006605174742877,0.8431372549019608,2.7375682479764563,0.0148696113609946,0.2294520547945205,1.3330908734272562
Negative median60,2025,2025-03-07T00:00:00,2025-03-10T00:00:00,2025-03-24T00:00:00,False,True,Not flagged,0.0090347501441059,0.3882783882783883,1.0302777837450594,0.0190428874892307,0.2294520547945205,1.3330908734272562
Negative median60,2025,2025-03-21T00:00:00,2025-03-24T00:00:00,2025-04-08T00:00:00,False,True,Not flagged,-0.0293074474548925,0.3053016453382084,1.5380037460671925,0.0078431372549019,0.2294520547945205,1.3330908734272562
Negative median60,2025,2025-04-07T00:00:00,2025-04-08T00:00:00,2025-04-22T00:00:00,True,True,False alarm (non-loss),0.0909909344103256,0.0053191489361702,-0.1131169344005901,-0.047400305197551,0.2294520547945205,1.3330908734272562
Negative median60,2025,2025-04-21T00:00:00,2025-04-22T00:00:00,2025-05-09T00:00:00,False,True,Not flagged,0.0146841173402576,0.9911816578483243,3.656627148724213,0.011299795709908,0.2294520547945205,1.3330908734272562
Negative median60,2025,2025-05-08T00:00:00,2025-05-09T00:00:00,2025-05-23T00:00:00,True,True,False alarm (non-loss),0.0123301781421047,0.9319371727748692,2.382613319994109,-0.0080037170345143,0.2294520547945205,1.3330908734272562
Negative median60,2025,2025-05-22T00:00:00,2025-05-23T00:00:00,2025-06-09T00:00:00,True,True,False alarm (non-loss),0.0138135752046668,0.6055846422338569,2.608052554906526,-0.0374078709497983,0.2294520547945205,1.3330908734272562
Negative median60,2025,2025-06-06T00:00:00,2025-06-09T00:00:00,2025-06-23T00:00:00,True,True,False alarm (non-loss),0.0091042484363079,0.6204506065857885,1.6828346465990276,-0.0289885665804784,0.2294520547945205,1.3330908734272562
Negative median60,2025,2025-06-20T00:00:00,2025-06-23T00:00:00,2025-07-07T00:00:00,True,True,False alarm (non-loss),0.0189819238040911,0.1658031088082901,1.7110181461259848,-0.0332046499278863,0.2294520547945205,1.3330908734272562
Negative median60,2025,2025-07-04T00:00:00,2025-07-07T00:00:00,2025-07-21T00:00:00,False,True,Not flagged,0.0339677610329891,0.9896907216494846,3.20865399429348,0.1280898876404494,0.2294520547945205,1.3330908734272562
Negative median60,2025,2025-07-18T00:00:00,2025-07-21T00:00:00,2025-08-04T00:00:00,False,True,Not flagged,0.0121995232041163,0.9605488850771868,2.8172824687698084,0.0990712074303403,0.2294520547945205,1.3330908734272562
Negative median60,2025,2025-08-01T00:00:00,2025-08-04T00:00:00,2025-08-18T00:00:00,False,True,Not flagged,0.0895104560752939,0.7410562180579217,1.714721644536534,0.0807335446235818,0.2294520547945205,1.3330908734272562
Negative median60,2025,2025-08-15T00:00:00,2025-08-18T00:00:00,2025-09-01T00:00:00,False,True,Not flagged,0.0598020737833726,0.9747474747474748,3.8129496654133375,0.123322945899259,0.2294520547945205,1.3330908734272562
Negative median60,2025,2025-08-29T00:00:00,2025-09-01T00:00:00,2025-09-15T00:00:00,False,True,Not flagged,-0.0034745189152732,0.8169014084507042,3.1263706449117152,0.2006480275989911,0.2294520547945205,1.3330908734272562
Negative median60,2025,2025-09-12T00:00:00,2025-09-15T00:00:00,2025-09-29T00:00:00,False,True,Not flagged,0.0262024400244387,0.7049689440993789,1.898893647074956,0.2218963831867058,0.2294520547945205,1.3330908734272562
Negative median60,2025,2025-09-26T00:00:00,2025-09-29T00:00:00,2025-10-21T00:00:00,False,True,Not flagged,-0.0520397260049073,0.6387596899224807,2.1967975194503424,0.1892319482216178,0.2294520547945205,1.3330908734272562
Negative median60,2025,2025-10-20T00:00:00,2025-10-21T00:00:00,2025-11-04T00:00:00,False,True,Not flagged,0.0116300170591454,0.2676470588235294,1.9729844698934835,0.1223267750213858,0.2294520547945205,1.3330908734272562
Negative median60,2025,2025-11-03T00:00:00,2025-11-04T00:00:00,2025-11-18T00:00:00,False,True,Not flagged,-0.0358441766005841,0.9029850746268656,2.2784206482804708,0.152119812268339,0.2294520547945205,1.3330908734272562
Negative median60,2025,2025-11-17T00:00:00,2025-11-18T00:00:00,2025-12-02T00:00:00,False,True,Not flagged,-0.0122960704832302,0.2774480712166172,1.604593524358009,0.0926462131747475,0.2294520547945205,1.3330908734272562
Negative median60,2025,2025-12-01T00:00:00,2025-12-02T00:00:00,2025-12-16T00:00:00,False,True,Not flagged,0.0212471247694647,0.2507082152974504,1.0109815784822542,0.0140316914405238,0.2294520547945205,1.3330908734272562
Negative median60,2025,2025-12-15T00:00:00,2025-12-16T00:00:00,2025-12-30T00:00:00,False,True,Not flagged,0.1349183108359313,0.2857142857142857,2.1493346712120003,0.0057291147051875,0.2294520547945205,1.3330908734272562
Negative median60,2025,2025-12-29T00:00:00,2025-12-30T00:00:00,2026-01-15T00:00:00,False,True,Not flagged,0.1393022782457111,0.7384615384615385,2.0590093563676968,0.0164755172413793,0.2294520547945205,1.3330908734272562
Low participation AND weak MOM10,2025,2025-01-02T00:00:00,2025-01-03T00:00:00,2025-01-17T00:00:00,True,True,Unassessable outcome,,0.0517928286852589,0.3391454407275872,-0.034381858083394,0.2294520547945205,1.3330908734272562
Low participation AND weak MOM10,2025,2025-01-16T00:00:00,2025-01-17T00:00:00,2025-02-10T00:00:00,False,True,Not flagged,,0.3486973947895792,1.468681087447541,-0.0386764561127204,0.2294520547945205,1.3330908734272562
Low participation AND weak MOM10,2025,2025-02-07T00:00:00,2025-02-10T00:00:00,2025-02-24T00:00:00,False,True,Not flagged,0.1257699872737521,0.8828282828282829,2.569275417603404,-0.0245303778385205,0.2294520547945205,1.3330908734272562
Low participation AND weak MOM10,2025,2025-02-21T00:00:00,2025-02-24T00:00:00,2025-03-10T00:00:00,False,True,Not flagged,-0.0006605174742877,0.8431372549019608,2.7375682479764563,0.0148696113609946,0.2294520547945205,1.3330908734272562
Low participation AND weak MOM10,2025,2025-03-07T00:00:00,2025-03-10T00:00:00,2025-03-24T00:00:00,False,True,Not flagged,0.0090347501441059,0.3882783882783883,1.0302777837450594,0.0190428874892307,0.2294520547945205,1.3330908734272562
Low participation AND weak MOM10,2025,2025-03-21T00:00:00,2025-03-24T00:00:00,2025-04-08T00:00:00,False,True,Not flagged,-0.0293074474548925,0.3053016453382084,1.5380037460671925,0.0078431372549019,0.2294520547945205,1.3330908734272562
Low participation AND weak MOM10,2025,2025-04-07T00:00:00,2025-04-08T00:00:00,2025-04-22T00:00:00,True,True,False alarm (non-loss),0.0909909344103256,0.0053191489361702,-0.1131169344005901,-0.047400305197551,0.2294520547945205,1.3330908734272562
Low participation AND weak MOM10,2025,2025-04-21T00:00:00,2025-04-22T00:00:00,2025-05-09T00:00:00,False,True,Not flagged,0.0146841173402576,0.9911816578483243,3.656627148724213,0.011299795709908,0.2294520547945205,1.3330908734272562
Low participation AND weak MOM10,2025,2025-05-08T00:00:00,2025-05-09T00:00:00,2025-05-23T00:00:00,False,True,Not flagged,0.0123301781421047,0.9319371727748692,2.382613319994109,-0.0080037170345143,0.2294520547945205,1.3330908734272562
Low participation AND weak MOM10,2025,2025-05-22T00:00:00,2025-05-23T00:00:00,2025-06-09T00:00:00,False,True,Not flagged,0.0138135752046668,0.6055846422338569,2.608052554906526,-0.0374078709497983,0.2294520547945205,1.3330908734272562
Low participation AND weak MOM10,2025,2025-06-06T00:00:00,2025-06-09T00:00:00,2025-06-23T00:00:00,False,True,Not flagged,0.0091042484363079,0.6204506065857885,1.6828346465990276,-0.0289885665804784,0.2294520547945205,1.3330908734272562
Low participation AND weak MOM10,2025,2025-06-20T00:00:00,2025-06-23T00:00:00,2025-07-07T00:00:00,False,True,Not flagged,0.0189819238040911,0.1658031088082901,1.7110181461259848,-0.0332046499278863,0.2294520547945205,1.3330908734272562
Low participation AND weak MOM10,2025,2025-07-04T00:00:00,2025-07-07T00:00:00,2025-07-21T00:00:00,False,True,Not flagged,0.0339677610329891,0.9896907216494846,3.20865399429348,0.1280898876404494,0.2294520547945205,1.3330908734272562
Low participation AND weak MOM10,2025,2025-07-18T00:00:00,2025-07-21T00:00:00,2025-08-04T00:00:00,False,True,Not flagged,0.0121995232041163,0.9605488850771868,2.8172824687698084,0.0990712074303403,0.2294520547945205,1.3330908734272562
Low participation AND weak MOM10,2025,2025-08-01T00:00:00,2025-08-04T00:00:00,2025-08-18T00:00:00,False,True,Not flagged,0.0895104560752939,0.7410562180579217,1.714721644536534,0.0807335446235818,0.2294520547945205,1.3330908734272562
Low participation AND weak MOM10,2025,2025-08-15T00:00:00,2025-08-18T00:00:00,2025-09-01T00:00:00,False,True,Not flagged,0.0598020737833726,0.9747474747474748,3.8129496654133375,0.123322945899259,0.2294520547945205,1.3330908734272562
Low participation AND weak MOM10,2025,2025-08-29T00:00:00,2025-09-01T00:00:00,2025-09-15T00:00:00,False,True,Not flagged,-0.0034745189152732,0.8169014084507042,3.1263706449117152,0.2006480275989911,0.2294520547945205,1.3330908734272562
Low participation AND weak MOM10,2025,2025-09-12T00:00:00,2025-09-15T00:00:00,2025-09-29T00:00:00,False,True,Not flagged,0.0262024400244387,0.7049689440993789,1.898893647074956,0.2218963831867058,0.2294520547945205,1.3330908734272562
Low participation AND weak MOM10,2025,2025-09-26T00:00:00,2025-09-29T00:00:00,2025-10-21T00:00:00,False,True,Not flagged,-0.0520397260049073,0.6387596899224807,2.1967975194503424,0.1892319482216178,0.2294520547945205,1.3330908734272562
Low participation AND weak MOM10,2025,2025-10-20T00:00:00,2025-10-21T00:00:00,2025-11-04T00:00:00,False,True,Not flagged,0.0116300170591454,0.2676470588235294,1.9729844698934835,0.1223267750213858,0.2294520547945205,1.3330908734272562
Low participation AND weak MOM10,2025,2025-11-03T00:00:00,2025-11-04T00:00:00,2025-11-18T00:00:00,False,True,Not flagged,-0.0358441766005841,0.9029850746268656,2.2784206482804708,0.152119812268339,0.2294520547945205,1.3330908734272562
Low participation AND weak MOM10,2025,2025-11-17T00:00:00,2025-11-18T00:00:00,2025-12-02T00:00:00,False,True,Not flagged,-0.0122960704832302,0.2774480712166172,1.604593524358009,0.0926462131747475,0.2294520547945205,1.3330908734272562
Low participation AND weak MOM10,2025,2025-12-01T00:00:00,2025-12-02T00:00:00,2025-12-16T00:00:00,False,True,Not flagged,0.0212471247694647,0.2507082152974504,1.0109815784822542,0.0140316914405238,0.2294520547945205,1.3330908734272562
Low participation AND weak MOM10,2025,2025-12-15T00:00:00,2025-12-16T00:00:00,2025-12-30T00:00:00,False,True,Not flagged,0.1349183108359313,0.2857142857142857,2.1493346712120003,0.0057291147051875,0.2294520547945205,1.3330908734272562
Low participation AND weak MOM10,2025,2025-12-29T00:00:00,2025-12-30T00:00:00,2026-01-15T00:00:00,False,True,Not flagged,0.1393022782457111,0.7384615384615385,2.0590093563676968,0.0164755172413793,0.2294520547945205,1.3330908734272562
Low participation AND negative median60,2025,2025-01-02T00:00:00,2025-01-03T00:00:00,2025-01-17T00:00:00,True,True,Unassessable outcome,,0.0517928286852589,0.3391454407275872,-0.034381858083394,0.2294520547945205,1.3330908734272562
Low participation AND negative median60,2025,2025-01-16T00:00:00,2025-01-17T00:00:00,2025-02-10T00:00:00,False,True,Not flagged,,0.3486973947895792,1.468681087447541,-0.0386764561127204,0.2294520547945205,1.3330908734272562
Low participation AND negative median60,2025,2025-02-07T00:00:00,2025-02-10T00:00:00,2025-02-24T00:00:00,False,True,Not flagged,0.1257699872737521,0.8828282828282829,2.569275417603404,-0.0245303778385205,0.2294520547945205,1.3330908734272562
Low participation AND negative median60,2025,2025-02-21T00:00:00,2025-02-24T00:00:00,2025-03-10T00:00:00,False,True,Not flagged,-0.0006605174742877,0.8431372549019608,2.7375682479764563,0.0148696113609946,0.2294520547945205,1.3330908734272562
Low participation AND negative median60,2025,2025-03-07T00:00:00,2025-03-10T00:00:00,2025-03-24T00:00:00,False,True,Not flagged,0.0090347501441059,0.3882783882783883,1.0302777837450594,0.0190428874892307,0.2294520547945205,1.3330908734272562
Low participation AND negative median60,2025,2025-03-21T00:00:00,2025-03-24T00:00:00,2025-04-08T00:00:00,False,True,Not flagged,-0.0293074474548925,0.3053016453382084,1.5380037460671925,0.0078431372549019,0.2294520547945205,1.3330908734272562
Low participation AND negative median60,2025,2025-04-07T00:00:00,2025-04-08T00:00:00,2025-04-22T00:00:00,True,True,False alarm (non-loss),0.0909909344103256,0.0053191489361702,-0.1131169344005901,-0.047400305197551,0.2294520547945205,1.3330908734272562
Low participation AND negative median60,2025,2025-04-21T00:00:00,2025-04-22T00:00:00,2025-05-09T00:00:00,False,True,Not flagged,0.0146841173402576,0.9911816578483243,3.656627148724213,0.011299795709908,0.2294520547945205,1.3330908734272562
Low participation AND negative median60,2025,2025-05-08T00:00:00,2025-05-09T00:00:00,2025-05-23T00:00:00,False,True,Not flagged,0.0123301781421047,0.9319371727748692,2.382613319994109,-0.0080037170345143,0.2294520547945205,1.3330908734272562
Low participation AND negative median60,2025,2025-05-22T00:00:00,2025-05-23T00:00:00,2025-06-09T00:00:00,False,True,Not flagged,0.0138135752046668,0.6055846422338569,2.608052554906526,-0.0374078709497983,0.2294520547945205,1.3330908734272562
Low participation AND negative median60,2025,2025-06-06T00:00:00,2025-06-09T00:00:00,2025-06-23T00:00:00,False,True,Not flagged,0.0091042484363079,0.6204506065857885,1.6828346465990276,-0.0289885665804784,0.2294520547945205,1.3330908734272562
Low participation AND negative median60,2025,2025-06-20T00:00:00,2025-06-23T00:00:00,2025-07-07T00:00:00,True,True,False alarm (non-loss),0.0189819238040911,0.1658031088082901,1.7110181461259848,-0.0332046499278863,0.2294520547945205,1.3330908734272562
Low participation AND negative median60,2025,2025-07-04T00:00:00,2025-07-07T00:00:00,2025-07-21T00:00:00,False,True,Not flagged,0.0339677610329891,0.9896907216494846,3.20865399429348,0.1280898876404494,0.2294520547945205,1.3330908734272562
Low participation AND negative median60,2025,2025-07-18T00:00:00,2025-07-21T00:00:00,2025-08-04T00:00:00,False,True,Not flagged,0.0121995232041163,0.9605488850771868,2.8172824687698084,0.0990712074303403,0.2294520547945205,1.3330908734272562
Low participation AND negative median60,2025,2025-08-01T00:00:00,2025-08-04T00:00:00,2025-08-18T00:00:00,False,True,Not flagged,0.0895104560752939,0.7410562180579217,1.714721644536534,0.0807335446235818,0.2294520547945205,1.3330908734272562
Low participation AND negative median60,2025,2025-08-15T00:00:00,2025-08-18T00:00:00,2025-09-01T00:00:00,False,True,Not flagged,0.0598020737833726,0.9747474747474748,3.8129496654133375,0.123322945899259,0.2294520547945205,1.3330908734272562
Low participation AND negative median60,2025,2025-08-29T00:00:00,2025-09-01T00:00:00,2025-09-15T00:00:00,False,True,Not flagged,-0.0034745189152732,0.8169014084507042,3.1263706449117152,0.2006480275989911,0.2294520547945205,1.3330908734272562
Low participation AND negative median60,2025,2025-09-12T00:00:00,2025-09-15T00:00:00,2025-09-29T00:00:00,False,True,Not flagged,0.0262024400244387,0.7049689440993789,1.898893647074956,0.2218963831867058,0.2294520547945205,1.3330908734272562
Low participation AND negative median60,2025,2025-09-26T00:00:00,2025-09-29T00:00:00,2025-10-21T00:00:00,False,True,Not flagged,-0.0520397260049073,0.6387596899224807,2.1967975194503424,0.1892319482216178,0.2294520547945205,1.3330908734272562
Low participation AND negative median60,2025,2025-10-20T00:00:00,2025-10-21T00:00:00,2025-11-04T00:00:00,False,True,Not flagged,0.0116300170591454,0.2676470588235294,1.9729844698934835,0.1223267750213858,0.2294520547945205,1.3330908734272562
Low participation AND negative median60,2025,2025-11-03T00:00:00,2025-11-04T00:00:00,2025-11-18T00:00:00,False,True,Not flagged,-0.0358441766005841,0.9029850746268656,2.2784206482804708,0.152119812268339,0.2294520547945205,1.3330908734272562
Low participation AND negative median60,2025,2025-11-17T00:00:00,2025-11-18T00:00:00,2025-12-02T00:00:00,False,True,Not flagged,-0.0122960704832302,0.2774480712166172,1.604593524358009,0.0926462131747475,0.2294520547945205,1.3330908734272562
Low participation AND negative median60,2025,2025-12-01T00:00:00,2025-12-02T00:00:00,2025-12-16T00:00:00,False,True,Not flagged,0.0212471247694647,0.2507082152974504,1.0109815784822542,0.0140316914405238,0.2294520547945205,1.3330908734272562
Low participation AND negative median60,2025,2025-12-15T00:00:00,2025-12-16T00:00:00,2025-12-30T00:00:00,False,True,Not flagged,0.1349183108359313,0.2857142857142857,2.1493346712120003,0.0057291147051875,0.2294520547945205,1.3330908734272562
Low participation AND negative median60,2025,2025-12-29T00:00:00,2025-12-30T00:00:00,2026-01-15T00:00:00,False,True,Not flagged,0.1393022782457111,0.7384615384615385,2.0590093563676968,0.0164755172413793,0.2294520547945205,1.3330908734272562
Weak MOM10 AND negative median60,2025,2025-01-02T00:00:00,2025-01-03T00:00:00,2025-01-17T00:00:00,True,True,Unassessable outcome,,0.0517928286852589,0.3391454407275872,-0.034381858083394,0.2294520547945205,1.3330908734272562
Weak MOM10 AND negative median60,2025,2025-01-16T00:00:00,2025-01-17T00:00:00,2025-02-10T00:00:00,False,True,Not flagged,,0.3486973947895792,1.468681087447541,-0.0386764561127204,0.2294520547945205,1.3330908734272562
Weak MOM10 AND negative median60,2025,2025-02-07T00:00:00,2025-02-10T00:00:00,2025-02-24T00:00:00,False,True,Not flagged,0.1257699872737521,0.8828282828282829,2.569275417603404,-0.0245303778385205,0.2294520547945205,1.3330908734272562
Weak MOM10 AND negative median60,2025,2025-02-21T00:00:00,2025-02-24T00:00:00,2025-03-10T00:00:00,False,True,Not flagged,-0.0006605174742877,0.8431372549019608,2.7375682479764563,0.0148696113609946,0.2294520547945205,1.3330908734272562
Weak MOM10 AND negative median60,2025,2025-03-07T00:00:00,2025-03-10T00:00:00,2025-03-24T00:00:00,False,True,Not flagged,0.0090347501441059,0.3882783882783883,1.0302777837450594,0.0190428874892307,0.2294520547945205,1.3330908734272562
Weak MOM10 AND negative median60,2025,2025-03-21T00:00:00,2025-03-24T00:00:00,2025-04-08T00:00:00,False,True,Not flagged,-0.0293074474548925,0.3053016453382084,1.5380037460671925,0.0078431372549019,0.2294520547945205,1.3330908734272562
Weak MOM10 AND negative median60,2025,2025-04-07T00:00:00,2025-04-08T00:00:00,2025-04-22T00:00:00,True,True,False alarm (non-loss),0.0909909344103256,0.0053191489361702,-0.1131169344005901,-0.047400305197551,0.2294520547945205,1.3330908734272562
Weak MOM10 AND negative median60,2025,2025-04-21T00:00:00,2025-04-22T00:00:00,2025-05-09T00:00:00,False,True,Not flagged,0.0146841173402576,0.9911816578483243,3.656627148724213,0.011299795709908,0.2294520547945205,1.3330908734272562
Weak MOM10 AND negative median60,2025,2025-05-08T00:00:00,2025-05-09T00:00:00,2025-05-23T00:00:00,False,True,Not flagged,0.0123301781421047,0.9319371727748692,2.382613319994109,-0.0080037170345143,0.2294520547945205,1.3330908734272562
Weak MOM10 AND negative median60,2025,2025-05-22T00:00:00,2025-05-23T00:00:00,2025-06-09T00:00:00,False,True,Not flagged,0.0138135752046668,0.6055846422338569,2.608052554906526,-0.0374078709497983,0.2294520547945205,1.3330908734272562
Weak MOM10 AND negative median60,2025,2025-06-06T00:00:00,2025-06-09T00:00:00,2025-06-23T00:00:00,False,True,Not flagged,0.0091042484363079,0.6204506065857885,1.6828346465990276,-0.0289885665804784,0.2294520547945205,1.3330908734272562
Weak MOM10 AND negative median60,2025,2025-06-20T00:00:00,2025-06-23T00:00:00,2025-07-07T00:00:00,False,True,Not flagged,0.0189819238040911,0.1658031088082901,1.7110181461259848,-0.0332046499278863,0.2294520547945205,1.3330908734272562
Weak MOM10 AND negative median60,2025,2025-07-04T00:00:00,2025-07-07T00:00:00,2025-07-21T00:00:00,False,True,Not flagged,0.0339677610329891,0.9896907216494846,3.20865399429348,0.1280898876404494,0.2294520547945205,1.3330908734272562
Weak MOM10 AND negative median60,2025,2025-07-18T00:00:00,2025-07-21T00:00:00,2025-08-04T00:00:00,False,True,Not flagged,0.0121995232041163,0.9605488850771868,2.8172824687698084,0.0990712074303403,0.2294520547945205,1.3330908734272562
Weak MOM10 AND negative median60,2025,2025-08-01T00:00:00,2025-08-04T00:00:00,2025-08-18T00:00:00,False,True,Not flagged,0.0895104560752939,0.7410562180579217,1.714721644536534,0.0807335446235818,0.2294520547945205,1.3330908734272562
Weak MOM10 AND negative median60,2025,2025-08-15T00:00:00,2025-08-18T00:00:00,2025-09-01T00:00:00,False,True,Not flagged,0.0598020737833726,0.9747474747474748,3.8129496654133375,0.123322945899259,0.2294520547945205,1.3330908734272562
Weak MOM10 AND negative median60,2025,2025-08-29T00:00:00,2025-09-01T00:00:00,2025-09-15T00:00:00,False,True,Not flagged,-0.0034745189152732,0.8169014084507042,3.1263706449117152,0.2006480275989911,0.2294520547945205,1.3330908734272562
Weak MOM10 AND negative median60,2025,2025-09-12T00:00:00,2025-09-15T00:00:00,2025-09-29T00:00:00,False,True,Not flagged,0.0262024400244387,0.7049689440993789,1.898893647074956,0.2218963831867058,0.2294520547945205,1.3330908734272562
Weak MOM10 AND negative median60,2025,2025-09-26T00:00:00,2025-09-29T00:00:00,2025-10-21T00:00:00,False,True,Not flagged,-0.0520397260049073,0.6387596899224807,2.1967975194503424,0.1892319482216178,0.2294520547945205,1.3330908734272562
Weak MOM10 AND negative median60,2025,2025-10-20T00:00:00,2025-10-21T00:00:00,2025-11-04T00:00:00,False,True,Not flagged,0.0116300170591454,0.2676470588235294,1.9729844698934835,0.1223267750213858,0.2294520547945205,1.3330908734272562
Weak MOM10 AND negative median60,2025,2025-11-03T00:00:00,2025-11-04T00:00:00,2025-11-18T00:00:00,False,True,Not flagged,-0.0358441766005841,0.9029850746268656,2.2784206482804708,0.152119812268339,0.2294520547945205,1.3330908734272562
Weak MOM10 AND negative median60,2025,2025-11-17T00:00:00,2025-11-18T00:00:00,2025-12-02T00:00:00,False,True,Not flagged,-0.0122960704832302,0.2774480712166172,1.604593524358009,0.0926462131747475,0.2294520547945205,1.3330908734272562
Weak MOM10 AND negative median60,2025,2025-12-01T00:00:00,2025-12-02T00:00:00,2025-12-16T00:00:00,False,True,Not flagged,0.0212471247694647,0.2507082152974504,1.0109815784822542,0.0140316914405238,0.2294520547945205,1.3330908734272562
Weak MOM10 AND negative median60,2025,2025-12-15T00:00:00,2025-12-16T00:00:00,2025-12-30T00:00:00,False,True,Not flagged,0.1349183108359313,0.2857142857142857,2.1493346712120003,0.0057291147051875,0.2294520547945205,1.3330908734272562
Weak MOM10 AND negative median60,2025,2025-12-29T00:00:00,2025-12-30T00:00:00,2026-01-15T00:00:00,False,True,Not flagged,0.1393022782457111,0.7384615384615385,2.0590093563676968,0.0164755172413793,0.2294520547945205,1.3330908734272562
All three,2025,2025-01-02T00:00:00,2025-01-03T00:00:00,2025-01-17T00:00:00,True,True,Unassessable outcome,,0.0517928286852589,0.3391454407275872,-0.034381858083394,0.2294520547945205,1.3330908734272562
All three,2025,2025-01-16T00:00:00,2025-01-17T00:00:00,2025-02-10T00:00:00,False,True,Not flagged,,0.3486973947895792,1.468681087447541,-0.0386764561127204,0.2294520547945205,1.3330908734272562
All three,2025,2025-02-07T00:00:00,2025-02-10T00:00:00,2025-02-24T00:00:00,False,True,Not flagged,0.1257699872737521,0.8828282828282829,2.569275417603404,-0.0245303778385205,0.2294520547945205,1.3330908734272562
All three,2025,2025-02-21T00:00:00,2025-02-24T00:00:00,2025-03-10T00:00:00,False,True,Not flagged,-0.0006605174742877,0.8431372549019608,2.7375682479764563,0.0148696113609946,0.2294520547945205,1.3330908734272562
All three,2025,2025-03-07T00:00:00,2025-03-10T00:00:00,2025-03-24T00:00:00,False,True,Not flagged,0.0090347501441059,0.3882783882783883,1.0302777837450594,0.0190428874892307,0.2294520547945205,1.3330908734272562
All three,2025,2025-03-21T00:00:00,2025-03-24T00:00:00,2025-04-08T00:00:00,False,True,Not flagged,-0.0293074474548925,0.3053016453382084,1.5380037460671925,0.0078431372549019,0.2294520547945205,1.3330908734272562
All three,2025,2025-04-07T00:00:00,2025-04-08T00:00:00,2025-04-22T00:00:00,True,True,False alarm (non-loss),0.0909909344103256,0.0053191489361702,-0.1131169344005901,-0.047400305197551,0.2294520547945205,1.3330908734272562
All three,2025,2025-04-21T00:00:00,2025-04-22T00:00:00,2025-05-09T00:00:00,False,True,Not flagged,0.0146841173402576,0.9911816578483243,3.656627148724213,0.011299795709908,0.2294520547945205,1.3330908734272562
All three,2025,2025-05-08T00:00:00,2025-05-09T00:00:00,2025-05-23T00:00:00,False,True,Not flagged,0.0123301781421047,0.9319371727748692,2.382613319994109,-0.0080037170345143,0.2294520547945205,1.3330908734272562
All three,2025,2025-05-22T00:00:00,2025-05-23T00:00:00,2025-06-09T00:00:00,False,True,Not flagged,0.0138135752046668,0.6055846422338569,2.608052554906526,-0.0374078709497983,0.2294520547945205,1.3330908734272562
All three,2025,2025-06-06T00:00:00,2025-06-09T00:00:00,2025-06-23T00:00:00,False,True,Not flagged,0.0091042484363079,0.6204506065857885,1.6828346465990276,-0.0289885665804784,0.2294520547945205,1.3330908734272562
All three,2025,2025-06-20T00:00:00,2025-06-23T00:00:00,2025-07-07T00:00:00,False,True,Not flagged,0.0189819238040911,0.1658031088082901,1.7110181461259848,-0.0332046499278863,0.2294520547945205,1.3330908734272562
All three,2025,2025-07-04T00:00:00,2025-07-07T00:00:00,2025-07-21T00:00:00,False,True,Not flagged,0.0339677610329891,0.9896907216494846,3.20865399429348,0.1280898876404494,0.2294520547945205,1.3330908734272562
All three,2025,2025-07-18T00:00:00,2025-07-21T00:00:00,2025-08-04T00:00:00,False,True,Not flagged,0.0121995232041163,0.9605488850771868,2.8172824687698084,0.0990712074303403,0.2294520547945205,1.3330908734272562
All three,2025,2025-08-01T00:00:00,2025-08-04T00:00:00,2025-08-18T00:00:00,False,True,Not flagged,0.0895104560752939,0.7410562180579217,1.714721644536534,0.0807335446235818,0.2294520547945205,1.3330908734272562
All three,2025,2025-08-15T00:00:00,2025-08-18T00:00:00,2025-09-01T00:00:00,False,True,Not flagged,0.0598020737833726,0.9747474747474748,3.8129496654133375,0.123322945899259,0.2294520547945205,1.3330908734272562
All three,2025,2025-08-29T00:00:00,2025-09-01T00:00:00,2025-09-15T00:00:00,False,True,Not flagged,-0.0034745189152732,0.8169014084507042,3.1263706449117152,0.2006480275989911,0.2294520547945205,1.3330908734272562
All three,2025,2025-09-12T00:00:00,2025-09-15T00:00:00,2025-09-29T00:00:00,False,True,Not flagged,0.0262024400244387,0.7049689440993789,1.898893647074956,0.2218963831867058,0.2294520547945205,1.3330908734272562
All three,2025,2025-09-26T00:00:00,2025-09-29T00:00:00,2025-10-21T00:00:00,False,True,Not flagged,-0.0520397260049073,0.6387596899224807,2.1967975194503424,0.1892319482216178,0.2294520547945205,1.3330908734272562
All three,2025,2025-10-20T00:00:00,2025-10-21T00:00:00,2025-11-04T00:00:00,False,True,Not flagged,0.0116300170591454,0.2676470588235294,1.9729844698934835,0.1223267750213858,0.2294520547945205,1.3330908734272562
All three,2025,2025-11-03T00:00:00,2025-11-04T00:00:00,2025-11-18T00:00:00,False,True,Not flagged,-0.0358441766005841,0.9029850746268656,2.2784206482804708,0.152119812268339,0.2294520547945205,1.3330908734272562
All three,2025,2025-11-17T00:00:00,2025-11-18T00:00:00,2025-12-02T00:00:00,False,True,Not flagged,-0.0122960704832302,0.2774480712166172,1.604593524358009,0.0926462131747475,0.2294520547945205,1.3330908734272562
All three,2025,2025-12-01T00:00:00,2025-12-02T00:00:00,2025-12-16T00:00:00,False,True,Not flagged,0.0212471247694647,0.2507082152974504,1.0109815784822542,0.0140316914405238,0.2294520547945205,1.3330908734272562
All three,2025,2025-12-15T00:00:00,2025-12-16T00:00:00,2025-12-30T00:00:00,False,True,Not flagged,0.1349183108359313,0.2857142857142857,2.1493346712120003,0.0057291147051875,0.2294520547945205,1.3330908734272562
All three,2025,2025-12-29T00:00:00,2025-12-30T00:00:00,2026-01-15T00:00:00,False,True,Not flagged,0.1393022782457111,0.7384615384615385,2.0590093563676968,0.0164755172413793,0.2294520547945205,1.3330908734272562
Low participation,2026,2026-01-14T00:00:00,2026-01-15T00:00:00,2026-01-29T00:00:00,False,True,Not flagged,0.1152904757479245,0.9141274238227148,3.242881467216008,0.0805951952672183,0.2741810670855879,1.3687982693625784
Low participation,2026,2026-01-28T00:00:00,2026-01-29T00:00:00,2026-02-12T00:00:00,False,True,Not flagged,-0.0691121953221096,0.5498614958448753,2.79064266940755,0.0366462537769232,0.2741810670855879,1.3687982693625784
Low participation,2026,2026-02-11T00:00:00,2026-02-12T00:00:00,2026-03-06T00:00:00,False,True,Not flagged,-0.0208392087975451,0.276,1.4294972284493637,0.0523057108222776,0.2741810670855879,1.3687982693625784
Low participation,2026,2026-03-05T00:00:00,2026-03-06T00:00:00,2026-03-20T00:00:00,True,True,False alarm (non-loss),0.0065547122918219,0.2028608582574772,2.23547168272466,0.0407834197883197,0.2741810670855879,1.3687982693625784
Low participation,2026,2026-03-19T00:00:00,2026-03-20T00:00:00,2026-04-03T00:00:00,False,True,Not flagged,-0.0054484202828908,0.3290322580645161,1.2576703296400873,0.0329455057281309,0.2741810670855879,1.3687982693625784
Low participation,2026,2026-04-02T00:00:00,2026-04-03T00:00:00,2026-04-20T00:00:00,True,True,False alarm (non-loss),0.013929966231863,0.157543391188251,1.010102574808843,-0.0168290522586358,0.2741810670855879,1.3687982693625784
Low participation,2026,2026-04-17T00:00:00,2026-04-20T00:00:00,2026-05-07T00:00:00,False,True,Not flagged,0.1310670904825221,0.8647214854111406,2.9604661074488883,-0.003098056337893,0.2741810670855879,1.3687982693625784
Low participation,2026,2026-05-06T00:00:00,2026-05-07T00:00:00,2026-05-21T00:00:00,False,True,Not flagged,-0.0318722014750615,0.7603748326639893,2.588064650811942,0.017094017094017,0.2741810670855879,1.3687982693625784
Low participation,2026,2026-05-20T00:00:00,2026-05-21T00:00:00,2026-06-04T00:00:00,False,True,Not flagged,-0.0222277236995753,0.403462050599201,3.1661083015255924,0.0181266854179339,0.2741810670855879,1.3687982693625784
Low participation,2026,2026-06-03T00:00:00,2026-06-04T00:00:00,2026-06-18T00:00:00,False,True,Not flagged,0.0090182055495873,0.3635135135135135,2.2419052540581186,0.0200586619639453,0.2741810670855879,1.3687982693625784
Low participation,2026,2026-06-17T00:00:00,2026-06-18T00:00:00,2026-07-03T00:00:00,False,True,Not flagged,0.1401287395063086,0.4251336898395721,1.7979660670192594,0.0226140411461117,0.2741810670855879,1.3687982693625784
Low participation,2026,2026-07-02T00:00:00,2026-07-03T00:00:00,2026-07-17T00:00:00,False,True,Not flagged,-0.0583253409976356,0.3395225464190981,2.0497735961392136,0.0515612677131298,0.2741810670855879,1.3687982693625784
Low participation,2026,2026-07-16T00:00:00,2026-07-17T00:00:00,2026-07-31T00:00:00,False,True,Not flagged,0.0451975749379969,0.3509933774834437,2.5408871229511467,-0.0162778079218665,0.2741810670855879,1.3687982693625784
Low participation,2026,2026-07-30T00:00:00,2026-07-31T00:00:00,2026-08-14T00:00:00,False,True,Not flagged,-0.0396760788651909,0.2754966887417218,2.316017678047588,-0.0766441877633118,0.2741810670855879,1.3687982693625784
Low participation,2026,2026-08-13T00:00:00,2026-08-14T00:00:00,2026-08-28T00:00:00,False,True,Not flagged,-0.0013579738838255,0.7763157894736842,3.0199285418080293,-0.0479923224568138,0.2741810670855879,1.3687982693625784
Low participation,2026,2026-08-27T00:00:00,2026-08-28T00:00:00,2026-09-11T00:00:00,False,True,Not flagged,-0.0141017893784899,0.3710526315789473,2.760293067214066,-0.038300835654596,0.2741810670855879,1.3687982693625784
Weak Top10 MOM10,2026,2026-01-14T00:00:00,2026-01-15T00:00:00,2026-01-29T00:00:00,False,True,Not flagged,0.1152904757479245,0.9141274238227148,3.242881467216008,0.0805951952672183,0.2741810670855879,1.3687982693625784
Weak Top10 MOM10,2026,2026-01-28T00:00:00,2026-01-29T00:00:00,2026-02-12T00:00:00,False,True,Not flagged,-0.0691121953221096,0.5498614958448753,2.79064266940755,0.0366462537769232,0.2741810670855879,1.3687982693625784
Weak Top10 MOM10,2026,2026-02-11T00:00:00,2026-02-12T00:00:00,2026-03-06T00:00:00,False,True,Not flagged,-0.0208392087975451,0.276,1.4294972284493637,0.0523057108222776,0.2741810670855879,1.3687982693625784
Weak Top10 MOM10,2026,2026-03-05T00:00:00,2026-03-06T00:00:00,2026-03-20T00:00:00,False,True,Not flagged,0.0065547122918219,0.2028608582574772,2.23547168272466,0.0407834197883197,0.2741810670855879,1.3687982693625784
Weak Top10 MOM10,2026,2026-03-19T00:00:00,2026-03-20T00:00:00,2026-04-03T00:00:00,True,True,Correct warning (loss),-0.0054484202828908,0.3290322580645161,1.2576703296400873,0.0329455057281309,0.2741810670855879,1.3687982693625784
Weak Top10 MOM10,2026,2026-04-02T00:00:00,2026-04-03T00:00:00,2026-04-20T00:00:00,True,True,False alarm (non-loss),0.013929966231863,0.157543391188251,1.010102574808843,-0.0168290522586358,0.2741810670855879,1.3687982693625784
Weak Top10 MOM10,2026,2026-04-17T00:00:00,2026-04-20T00:00:00,2026-05-07T00:00:00,False,True,Not flagged,0.1310670904825221,0.8647214854111406,2.9604661074488883,-0.003098056337893,0.2741810670855879,1.3687982693625784
Weak Top10 MOM10,2026,2026-05-06T00:00:00,2026-05-07T00:00:00,2026-05-21T00:00:00,False,True,Not flagged,-0.0318722014750615,0.7603748326639893,2.588064650811942,0.017094017094017,0.2741810670855879,1.3687982693625784
Weak Top10 MOM10,2026,2026-05-20T00:00:00,2026-05-21T00:00:00,2026-06-04T00:00:00,False,True,Not flagged,-0.0222277236995753,0.403462050599201,3.1661083015255924,0.0181266854179339,0.2741810670855879,1.3687982693625784
Weak Top10 MOM10,2026,2026-06-03T00:00:00,2026-06-04T00:00:00,2026-06-18T00:00:00,False,True,Not flagged,0.0090182055495873,0.3635135135135135,2.2419052540581186,0.0200586619639453,0.2741810670855879,1.3687982693625784
Weak Top10 MOM10,2026,2026-06-17T00:00:00,2026-06-18T00:00:00,2026-07-03T00:00:00,False,True,Not flagged,0.1401287395063086,0.4251336898395721,1.7979660670192594,0.0226140411461117,0.2741810670855879,1.3687982693625784
Weak Top10 MOM10,2026,2026-07-02T00:00:00,2026-07-03T00:00:00,2026-07-17T00:00:00,False,True,Not flagged,-0.0583253409976356,0.3395225464190981,2.0497735961392136,0.0515612677131298,0.2741810670855879,1.3687982693625784
Weak Top10 MOM10,2026,2026-07-16T00:00:00,2026-07-17T00:00:00,2026-07-31T00:00:00,False,True,Not flagged,0.0451975749379969,0.3509933774834437,2.5408871229511467,-0.0162778079218665,0.2741810670855879,1.3687982693625784
Weak Top10 MOM10,2026,2026-07-30T00:00:00,2026-07-31T00:00:00,2026-08-14T00:00:00,False,True,Not flagged,-0.0396760788651909,0.2754966887417218,2.316017678047588,-0.0766441877633118,0.2741810670855879,1.3687982693625784
Weak Top10 MOM10,2026,2026-08-13T00:00:00,2026-08-14T00:00:00,2026-08-28T00:00:00,False,True,Not flagged,-0.0013579738838255,0.7763157894736842,3.0199285418080293,-0.0479923224568138,0.2741810670855879,1.3687982693625784
Weak Top10 MOM10,2026,2026-08-27T00:00:00,2026-08-28T00:00:00,2026-09-11T00:00:00,False,True,Not flagged,-0.0141017893784899,0.3710526315789473,2.760293067214066,-0.038300835654596,0.2741810670855879,1.3687982693625784
Negative median60,2026,2026-01-14T00:00:00,2026-01-15T00:00:00,2026-01-29T00:00:00,False,True,Not flagged,0.1152904757479245,0.9141274238227148,3.242881467216008,0.0805951952672183,0.2741810670855879,1.3687982693625784
Negative median60,2026,2026-01-28T00:00:00,2026-01-29T00:00:00,2026-02-12T00:00:00,False,True,Not flagged,-0.0691121953221096,0.5498614958448753,2.79064266940755,0.0366462537769232,0.2741810670855879,1.3687982693625784
Negative median60,2026,2026-02-11T00:00:00,2026-02-12T00:00:00,2026-03-06T00:00:00,False,True,Not flagged,-0.0208392087975451,0.276,1.4294972284493637,0.0523057108222776,0.2741810670855879,1.3687982693625784
Negative median60,2026,2026-03-05T00:00:00,2026-03-06T00:00:00,2026-03-20T00:00:00,False,True,Not flagged,0.0065547122918219,0.2028608582574772,2.23547168272466,0.0407834197883197,0.2741810670855879,1.3687982693625784
Negative median60,2026,2026-03-19T00:00:00,2026-03-20T00:00:00,2026-04-03T00:00:00,False,True,Not flagged,-0.0054484202828908,0.3290322580645161,1.2576703296400873,0.0329455057281309,0.2741810670855879,1.3687982693625784
Negative median60,2026,2026-04-02T00:00:00,2026-04-03T00:00:00,2026-04-20T00:00:00,True,True,False alarm (non-loss),0.013929966231863,0.157543391188251,1.010102574808843,-0.0168290522586358,0.2741810670855879,1.3687982693625784
Negative median60,2026,2026-04-17T00:00:00,2026-04-20T00:00:00,2026-05-07T00:00:00,True,True,False alarm (non-loss),0.1310670904825221,0.8647214854111406,2.9604661074488883,-0.003098056337893,0.2741810670855879,1.3687982693625784
Negative median60,2026,2026-05-06T00:00:00,2026-05-07T00:00:00,2026-05-21T00:00:00,False,True,Not flagged,-0.0318722014750615,0.7603748326639893,2.588064650811942,0.017094017094017,0.2741810670855879,1.3687982693625784
Negative median60,2026,2026-05-20T00:00:00,2026-05-21T00:00:00,2026-06-04T00:00:00,False,True,Not flagged,-0.0222277236995753,0.403462050599201,3.1661083015255924,0.0181266854179339,0.2741810670855879,1.3687982693625784
Negative median60,2026,2026-06-03T00:00:00,2026-06-04T00:00:00,2026-06-18T00:00:00,False,True,Not flagged,0.0090182055495873,0.3635135135135135,2.2419052540581186,0.0200586619639453,0.2741810670855879,1.3687982693625784
Negative median60,2026,2026-06-17T00:00:00,2026-06-18T00:00:00,2026-07-03T00:00:00,False,True,Not flagged,0.1401287395063086,0.4251336898395721,1.7979660670192594,0.0226140411461117,0.2741810670855879,1.3687982693625784
Negative median60,2026,2026-07-02T00:00:00,2026-07-03T00:00:00,2026-07-17T00:00:00,False,True,Not flagged,-0.0583253409976356,0.3395225464190981,2.0497735961392136,0.0515612677131298,0.2741810670855879,1.3687982693625784
Negative median60,2026,2026-07-16T00:00:00,2026-07-17T00:00:00,2026-07-31T00:00:00,True,True,False alarm (non-loss),0.0451975749379969,0.3509933774834437,2.5408871229511467,-0.0162778079218665,0.2741810670855879,1.3687982693625784
Negative median60,2026,2026-07-30T00:00:00,2026-07-31T00:00:00,2026-08-14T00:00:00,True,True,Correct warning (loss),-0.0396760788651909,0.2754966887417218,2.316017678047588,-0.0766441877633118,0.2741810670855879,1.3687982693625784
Negative median60,2026,2026-08-13T00:00:00,2026-08-14T00:00:00,2026-08-28T00:00:00,True,True,Correct warning (loss),-0.0013579738838255,0.7763157894736842,3.0199285418080293,-0.0479923224568138,0.2741810670855879,1.3687982693625784
Negative median60,2026,2026-08-27T00:00:00,2026-08-28T00:00:00,2026-09-11T00:00:00,True,True,Correct warning (loss),-0.0141017893784899,0.3710526315789473,2.760293067214066,-0.038300835654596,0.2741810670855879,1.3687982693625784
Low participation AND weak MOM10,2026,2026-01-14T00:00:00,2026-01-15T00:00:00,2026-01-29T00:00:00,False,True,Not flagged,0.1152904757479245,0.9141274238227148,3.242881467216008,0.0805951952672183,0.2741810670855879,1.3687982693625784
Low participation AND weak MOM10,2026,2026-01-28T00:00:00,2026-01-29T00:00:00,2026-02-12T00:00:00,False,True,Not flagged,-0.0691121953221096,0.5498614958448753,2.79064266940755,0.0366462537769232,0.2741810670855879,1.3687982693625784
Low participation AND weak MOM10,2026,2026-02-11T00:00:00,2026-02-12T00:00:00,2026-03-06T00:00:00,False,True,Not flagged,-0.0208392087975451,0.276,1.4294972284493637,0.0523057108222776,0.2741810670855879,1.3687982693625784
Low participation AND weak MOM10,2026,2026-03-05T00:00:00,2026-03-06T00:00:00,2026-03-20T00:00:00,False,True,Not flagged,0.0065547122918219,0.2028608582574772,2.23547168272466,0.0407834197883197,0.2741810670855879,1.3687982693625784
Low participation AND weak MOM10,2026,2026-03-19T00:00:00,2026-03-20T00:00:00,2026-04-03T00:00:00,False,True,Not flagged,-0.0054484202828908,0.3290322580645161,1.2576703296400873,0.0329455057281309,0.2741810670855879,1.3687982693625784
Low participation AND weak MOM10,2026,2026-04-02T00:00:00,2026-04-03T00:00:00,2026-04-20T00:00:00,True,True,False alarm (non-loss),0.013929966231863,0.157543391188251,1.010102574808843,-0.0168290522586358,0.2741810670855879,1.3687982693625784
Low participation AND weak MOM10,2026,2026-04-17T00:00:00,2026-04-20T00:00:00,2026-05-07T00:00:00,False,True,Not flagged,0.1310670904825221,0.8647214854111406,2.9604661074488883,-0.003098056337893,0.2741810670855879,1.3687982693625784
Low participation AND weak MOM10,2026,2026-05-06T00:00:00,2026-05-07T00:00:00,2026-05-21T00:00:00,False,True,Not flagged,-0.0318722014750615,0.7603748326639893,2.588064650811942,0.017094017094017,0.2741810670855879,1.3687982693625784
Low participation AND weak MOM10,2026,2026-05-20T00:00:00,2026-05-21T00:00:00,2026-06-04T00:00:00,False,True,Not flagged,-0.0222277236995753,0.403462050599201,3.1661083015255924,0.0181266854179339,0.2741810670855879,1.3687982693625784
Low participation AND weak MOM10,2026,2026-06-03T00:00:00,2026-06-04T00:00:00,2026-06-18T00:00:00,False,True,Not flagged,0.0090182055495873,0.3635135135135135,2.2419052540581186,0.0200586619639453,0.2741810670855879,1.3687982693625784
Low participation AND weak MOM10,2026,2026-06-17T00:00:00,2026-06-18T00:00:00,2026-07-03T00:00:00,False,True,Not flagged,0.1401287395063086,0.4251336898395721,1.7979660670192594,0.0226140411461117,0.2741810670855879,1.3687982693625784
Low participation AND weak MOM10,2026,2026-07-02T00:00:00,2026-07-03T00:00:00,2026-07-17T00:00:00,False,True,Not flagged,-0.0583253409976356,0.3395225464190981,2.0497735961392136,0.0515612677131298,0.2741810670855879,1.3687982693625784
Low participation AND weak MOM10,2026,2026-07-16T00:00:00,2026-07-17T00:00:00,2026-07-31T00:00:00,False,True,Not flagged,0.0451975749379969,0.3509933774834437,2.5408871229511467,-0.0162778079218665,0.2741810670855879,1.3687982693625784
Low participation AND weak MOM10,2026,2026-07-30T00:00:00,2026-07-31T00:00:00,2026-08-14T00:00:00,False,True,Not flagged,-0.0396760788651909,0.2754966887417218,2.316017678047588,-0.0766441877633118,0.2741810670855879,1.3687982693625784
Low participation AND weak MOM10,2026,2026-08-13T00:00:00,2026-08-14T00:00:00,2026-08-28T00:00:00,False,True,Not flagged,-0.0013579738838255,0.7763157894736842,3.0199285418080293,-0.0479923224568138,0.2741810670855879,1.3687982693625784
Low participation AND weak MOM10,2026,2026-08-27T00:00:00,2026-08-28T00:00:00,2026-09-11T00:00:00,False,True,Not flagged,-0.0141017893784899,0.3710526315789473,2.760293067214066,-0.038300835654596,0.2741810670855879,1.3687982693625784
Low participation AND negative median60,2026,2026-01-14T00:00:00,2026-01-15T00:00:00,2026-01-29T00:00:00,False,True,Not flagged,0.1152904757479245,0.9141274238227148,3.242881467216008,0.0805951952672183,0.2741810670855879,1.3687982693625784
Low participation AND negative median60,2026,2026-01-28T00:00:00,2026-01-29T00:00:00,2026-02-12T00:00:00,False,True,Not flagged,-0.0691121953221096,0.5498614958448753,2.79064266940755,0.0366462537769232,0.2741810670855879,1.3687982693625784
Low participation AND negative median60,2026,2026-02-11T00:00:00,2026-02-12T00:00:00,2026-03-06T00:00:00,False,True,Not flagged,-0.0208392087975451,0.276,1.4294972284493637,0.0523057108222776,0.2741810670855879,1.3687982693625784
Low participation AND negative median60,2026,2026-03-05T00:00:00,2026-03-06T00:00:00,2026-03-20T00:00:00,False,True,Not flagged,0.0065547122918219,0.2028608582574772,2.23547168272466,0.0407834197883197,0.2741810670855879,1.3687982693625784
Low participation AND negative median60,2026,2026-03-19T00:00:00,2026-03-20T00:00:00,2026-04-03T00:00:00,False,True,Not flagged,-0.0054484202828908,0.3290322580645161,1.2576703296400873,0.0329455057281309,0.2741810670855879,1.3687982693625784
Low participation AND negative median60,2026,2026-04-02T00:00:00,2026-04-03T00:00:00,2026-04-20T00:00:00,True,True,False alarm (non-loss),0.013929966231863,0.157543391188251,1.010102574808843,-0.0168290522586358,0.2741810670855879,1.3687982693625784
Low participation AND negative median60,2026,2026-04-17T00:00:00,2026-04-20T00:00:00,2026-05-07T00:00:00,False,True,Not flagged,0.1310670904825221,0.8647214854111406,2.9604661074488883,-0.003098056337893,0.2741810670855879,1.3687982693625784
Low participation AND negative median60,2026,2026-05-06T00:00:00,2026-05-07T00:00:00,2026-05-21T00:00:00,False,True,Not flagged,-0.0318722014750615,0.7603748326639893,2.588064650811942,0.017094017094017,0.2741810670855879,1.3687982693625784
Low participation AND negative median60,2026,2026-05-20T00:00:00,2026-05-21T00:00:00,2026-06-04T00:00:00,False,True,Not flagged,-0.0222277236995753,0.403462050599201,3.1661083015255924,0.0181266854179339,0.2741810670855879,1.3687982693625784
Low participation AND negative median60,2026,2026-06-03T00:00:00,2026-06-04T00:00:00,2026-06-18T00:00:00,False,True,Not flagged,0.0090182055495873,0.3635135135135135,2.2419052540581186,0.0200586619639453,0.2741810670855879,1.3687982693625784
Low participation AND negative median60,2026,2026-06-17T00:00:00,2026-06-18T00:00:00,2026-07-03T00:00:00,False,True,Not flagged,0.1401287395063086,0.4251336898395721,1.7979660670192594,0.0226140411461117,0.2741810670855879,1.3687982693625784
Low participation AND negative median60,2026,2026-07-02T00:00:00,2026-07-03T00:00:00,2026-07-17T00:00:00,False,True,Not flagged,-0.0583253409976356,0.3395225464190981,2.0497735961392136,0.0515612677131298,0.2741810670855879,1.3687982693625784
Low participation AND negative median60,2026,2026-07-16T00:00:00,2026-07-17T00:00:00,2026-07-31T00:00:00,False,True,Not flagged,0.0451975749379969,0.3509933774834437,2.5408871229511467,-0.0162778079218665,0.2741810670855879,1.3687982693625784
Low participation AND negative median60,2026,2026-07-30T00:00:00,2026-07-31T00:00:00,2026-08-14T00:00:00,False,True,Not flagged,-0.0396760788651909,0.2754966887417218,2.316017678047588,-0.0766441877633118,0.2741810670855879,1.3687982693625784
Low participation AND negative median60,2026,2026-08-13T00:00:00,2026-08-14T00:00:00,2026-08-28T00:00:00,False,True,Not flagged,-0.0013579738838255,0.7763157894736842,3.0199285418080293,-0.0479923224568138,0.2741810670855879,1.3687982693625784
Low participation AND negative median60,2026,2026-08-27T00:00:00,2026-08-28T00:00:00,2026-09-11T00:00:00,False,True,Not flagged,-0.0141017893784899,0.3710526315789473,2.760293067214066,-0.038300835654596,0.2741810670855879,1.3687982693625784
Weak MOM10 AND negative median60,2026,2026-01-14T00:00:00,2026-01-15T00:00:00,2026-01-29T00:00:00,False,True,Not flagged,0.1152904757479245,0.9141274238227148,3.242881467216008,0.0805951952672183,0.2741810670855879,1.3687982693625784
Weak MOM10 AND negative median60,2026,2026-01-28T00:00:00,2026-01-29T00:00:00,2026-02-12T00:00:00,False,True,Not flagged,-0.0691121953221096,0.5498614958448753,2.79064266940755,0.0366462537769232,0.2741810670855879,1.3687982693625784
Weak MOM10 AND negative median60,2026,2026-02-11T00:00:00,2026-02-12T00:00:00,2026-03-06T00:00:00,False,True,Not flagged,-0.0208392087975451,0.276,1.4294972284493637,0.0523057108222776,0.2741810670855879,1.3687982693625784
Weak MOM10 AND negative median60,2026,2026-03-05T00:00:00,2026-03-06T00:00:00,2026-03-20T00:00:00,False,True,Not flagged,0.0065547122918219,0.2028608582574772,2.23547168272466,0.0407834197883197,0.2741810670855879,1.3687982693625784
Weak MOM10 AND negative median60,2026,2026-03-19T00:00:00,2026-03-20T00:00:00,2026-04-03T00:00:00,False,True,Not flagged,-0.0054484202828908,0.3290322580645161,1.2576703296400873,0.0329455057281309,0.2741810670855879,1.3687982693625784
Weak MOM10 AND negative median60,2026,2026-04-02T00:00:00,2026-04-03T00:00:00,2026-04-20T00:00:00,True,True,False alarm (non-loss),0.013929966231863,0.157543391188251,1.010102574808843,-0.0168290522586358,0.2741810670855879,1.3687982693625784
Weak MOM10 AND negative median60,2026,2026-04-17T00:00:00,2026-04-20T00:00:00,2026-05-07T00:00:00,False,True,Not flagged,0.1310670904825221,0.8647214854111406,2.9604661074488883,-0.003098056337893,0.2741810670855879,1.3687982693625784
Weak MOM10 AND negative median60,2026,2026-05-06T00:00:00,2026-05-07T00:00:00,2026-05-21T00:00:00,False,True,Not flagged,-0.0318722014750615,0.7603748326639893,2.588064650811942,0.017094017094017,0.2741810670855879,1.3687982693625784
Weak MOM10 AND negative median60,2026,2026-05-20T00:00:00,2026-05-21T00:00:00,2026-06-04T00:00:00,False,True,Not flagged,-0.0222277236995753,0.403462050599201,3.1661083015255924,0.0181266854179339,0.2741810670855879,1.3687982693625784
Weak MOM10 AND negative median60,2026,2026-06-03T00:00:00,2026-06-04T00:00:00,2026-06-18T00:00:00,False,True,Not flagged,0.0090182055495873,0.3635135135135135,2.2419052540581186,0.0200586619639453,0.2741810670855879,1.3687982693625784
Weak MOM10 AND negative median60,2026,2026-06-17T00:00:00,2026-06-18T00:00:00,2026-07-03T00:00:00,False,True,Not flagged,0.1401287395063086,0.4251336898395721,1.7979660670192594,0.0226140411461117,0.2741810670855879,1.3687982693625784
Weak MOM10 AND negative median60,2026,2026-07-02T00:00:00,2026-07-03T00:00:00,2026-07-17T00:00:00,False,True,Not flagged,-0.0583253409976356,0.3395225464190981,2.0497735961392136,0.0515612677131298,0.2741810670855879,1.3687982693625784
Weak MOM10 AND negative median60,2026,2026-07-16T00:00:00,2026-07-17T00:00:00,2026-07-31T00:00:00,False,True,Not flagged,0.0451975749379969,0.3509933774834437,2.5408871229511467,-0.0162778079218665,0.2741810670855879,1.3687982693625784
Weak MOM10 AND negative median60,2026,2026-07-30T00:00:00,2026-07-31T00:00:00,2026-08-14T00:00:00,False,True,Not flagged,-0.0396760788651909,0.2754966887417218,2.316017678047588,-0.0766441877633118,0.2741810670855879,1.3687982693625784
Weak MOM10 AND negative median60,2026,2026-08-13T00:00:00,2026-08-14T00:00:00,2026-08-28T00:00:00,False,True,Not flagged,-0.0013579738838255,0.7763157894736842,3.0199285418080293,-0.0479923224568138,0.2741810670855879,1.3687982693625784
Weak MOM10 AND negative median60,2026,2026-08-27T00:00:00,2026-08-28T00:00:00,2026-09-11T00:00:00,False,True,Not flagged,-0.0141017893784899,0.3710526315789473,2.760293067214066,-0.038300835654596,0.2741810670855879,1.3687982693625784
All three,2026,2026-01-14T00:00:00,2026-01-15T00:00:00,2026-01-29T00:00:00,False,True,Not flagged,0.1152904757479245,0.9141274238227148,3.242881467216008,0.0805951952672183,0.2741810670855879,1.3687982693625784
All three,2026,2026-01-28T00:00:00,2026-01-29T00:00:00,2026-02-12T00:00:00,False,True,Not flagged,-0.0691121953221096,0.5498614958448753,2.79064266940755,0.0366462537769232,0.2741810670855879,1.3687982693625784
All three,2026,2026-02-11T00:00:00,2026-02-12T00:00:00,2026-03-06T00:00:00,False,True,Not flagged,-0.0208392087975451,0.276,1.4294972284493637,0.0523057108222776,0.2741810670855879,1.3687982693625784
All three,2026,2026-03-05T00:00:00,2026-03-06T00:00:00,2026-03-20T00:00:00,False,True,Not flagged,0.0065547122918219,0.2028608582574772,2.23547168272466,0.0407834197883197,0.2741810670855879,1.3687982693625784
All three,2026,2026-03-19T00:00:00,2026-03-20T00:00:00,2026-04-03T00:00:00,False,True,Not flagged,-0.0054484202828908,0.3290322580645161,1.2576703296400873,0.0329455057281309,0.2741810670855879,1.3687982693625784
All three,2026,2026-04-02T00:00:00,2026-04-03T00:00:00,2026-04-20T00:00:00,True,True,False alarm (non-loss),0.013929966231863,0.157543391188251,1.010102574808843,-0.0168290522586358,0.2741810670855879,1.3687982693625784
All three,2026,2026-04-17T00:00:00,2026-04-20T00:00:00,2026-05-07T00:00:00,False,True,Not flagged,0.1310670904825221,0.8647214854111406,2.9604661074488883,-0.003098056337893,0.2741810670855879,1.3687982693625784
All three,2026,2026-05-06T00:00:00,2026-05-07T00:00:00,2026-05-21T00:00:00,False,True,Not flagged,-0.0318722014750615,0.7603748326639893,2.588064650811942,0.017094017094017,0.2741810670855879,1.3687982693625784
All three,2026,2026-05-20T00:00:00,2026-05-21T00:00:00,2026-06-04T00:00:00,False,True,Not flagged,-0.0222277236995753,0.403462050599201,3.1661083015255924,0.0181266854179339,0.2741810670855879,1.3687982693625784
All three,2026,2026-06-03T00:00:00,2026-06-04T00:00:00,2026-06-18T00:00:00,False,True,Not flagged,0.0090182055495873,0.3635135135135135,2.2419052540581186,0.0200586619639453,0.2741810670855879,1.3687982693625784
All three,2026,2026-06-17T00:00:00,2026-06-18T00:00:00,2026-07-03T00:00:00,False,True,Not flagged,0.1401287395063086,0.4251336898395721,1.7979660670192594,0.0226140411461117,0.2741810670855879,1.3687982693625784
All three,2026,2026-07-02T00:00:00,2026-07-03T00:00:00,2026-07-17T00:00:00,False,True,Not flagged,-0.0583253409976356,0.3395225464190981,2.0497735961392136,0.0515612677131298,0.2741810670855879,1.3687982693625784
All three,2026,2026-07-16T00:00:00,2026-07-17T00:00:00,2026-07-31T00:00:00,False,True,Not flagged,0.0451975749379969,0.3509933774834437,2.5408871229511467,-0.0162778079218665,0.2741810670855879,1.3687982693625784
All three,2026,2026-07-30T00:00:00,2026-07-31T00:00:00,2026-08-14T00:00:00,False,True,Not flagged,-0.0396760788651909,0.2754966887417218,2.316017678047588,-0.0766441877633118,0.2741810670855879,1.3687982693625784
All three,2026,2026-08-13T00:00:00,2026-08-14T00:00:00,2026-08-28T00:00:00,False,True,Not flagged,-0.0013579738838255,0.7763157894736842,3.0199285418080293,-0.0479923224568138,0.2741810670855879,1.3687982693625784
All three,2026,2026-08-27T00:00:00,2026-08-28T00:00:00,2026-09-11T00:00:00,False,True,Not flagged,-0.0141017893784899,0.3710526315789473,2.760293067214066,-0.038300835654596,0.2741810670855879,1.3687982693625784
